entry,expiration,dte,spot,vix,atm_iv_90d,raw_delta_strikes,k1_buy,k2_sell,k3_buy,k4_sell2,width,width_pct_spot,credit,max_profit,breakeven,breakeven_pct_below_spot,pnl_if_down_20pct,pnl_if_down_30pct,pnl_if_down_40pct,cash_secured_bp,regt_margin_bp,settle,variant,status,close_date,pnl,pnl_at_todays_spy_size,exit_spot,exit_vix
2007-10-12,2008-01-18,98,156.33,17.73,0.1704,146/142/138/134,146.0,142.0,138.0,134.0,4.0,2.56,0.126,812.62,125.87,19.48,-80.98,-1644.28,-3207.58,12600.0,1435.71,132.06,hold,expired,2008-01-18,618.37,3061.29,132.06,
2007-10-12,2008-01-18,98,156.33,17.73,0.1704,146/142/138/134,146.0,142.0,138.0,134.0,4.0,2.56,0.126,812.62,125.87,19.48,-80.98,-1644.28,-3207.58,12600.0,1435.71,132.06,stop_touch,expired,2008-01-18,618.37,3061.29,132.06,
2007-10-12,2008-01-18,98,156.33,17.73,0.1704,146/142/138/134,146.0,142.0,138.0,134.0,4.0,2.56,0.126,812.62,125.87,19.48,-80.98,-1644.28,-3207.58,12600.0,1435.71,132.06,stop_close,expired,2008-01-18,618.37,3061.29,132.06,
2007-10-19,2008-01-18,91,149.67,22.96,0.2017,138/134/129/125,137.0,133.0,129.0,125.0,4.0,2.67,0.234,823.44,116.77,21.98,297.04,-1199.66,-2696.36,11700.0,1342.38,132.06,hold,expired,2008-01-18,423.19,2188.28,132.06,
2007-10-19,2008-01-18,91,149.67,22.96,0.2017,138/134/129/125,137.0,133.0,129.0,125.0,4.0,2.67,0.234,823.44,116.77,21.98,297.04,-1199.66,-2696.36,11700.0,1342.38,132.06,stop_touch,expired,2008-01-18,423.19,2188.28,132.06,
2007-10-19,2008-01-18,91,149.67,22.96,0.2017,138/134/129/125,137.0,133.0,129.0,125.0,4.0,2.67,0.234,823.44,116.77,21.98,297.04,-1199.66,-2696.36,11700.0,1342.38,132.06,stop_close,expired,2008-01-18,423.19,2188.28,132.06,
2007-10-26,2008-01-18,84,153.62,19.56,0.1814,143/139/135/131,143.0,139.0,135.0,131.0,4.0,2.6,0.085,808.49,122.92,19.99,-1.91,-1538.11,-3074.31,12300.0,1401.95,132.06,hold,expired,2008-01-18,702.24,3537.85,132.06,
2007-10-26,2008-01-18,84,153.62,19.56,0.1814,143/139/135/131,143.0,139.0,135.0,131.0,4.0,2.6,0.085,808.49,122.92,19.99,-1.91,-1538.11,-3074.31,12300.0,1401.95,132.06,stop_touch,expired,2008-01-18,702.24,3537.85,132.06,
2007-10-26,2008-01-18,84,153.62,19.56,0.1814,143/139/135/131,143.0,139.0,135.0,131.0,4.0,2.6,0.085,808.49,122.92,19.99,-1.91,-1538.11,-3074.31,12300.0,1401.95,132.06,stop_close,expired,2008-01-18,702.24,3537.85,132.06,
2007-11-02,2008-01-18,77,151.2,23.01,0.202,140/136/132/128,140.0,136.0,132.0,128.0,4.0,2.65,0.145,814.51,119.85,20.73,110.51,-1401.49,-2913.49,12000.0,1374.47,132.06,hold,expired,2008-01-18,414.26,2120.44,132.06,
2007-11-02,2008-01-18,77,151.2,23.01,0.202,140/136/132/128,140.0,136.0,132.0,128.0,4.0,2.65,0.145,814.51,119.85,20.73,110.51,-1401.49,-2913.49,12000.0,1374.47,132.06,stop_touch,expired,2008-01-18,414.26,2120.44,132.06,
2007-11-02,2008-01-18,77,151.2,23.01,0.202,140/136/132/128,140.0,136.0,132.0,128.0,4.0,2.65,0.145,814.51,119.85,20.73,110.51,-1401.49,-2913.49,12000.0,1374.47,132.06,stop_close,expired,2008-01-18,414.26,2120.44,132.06,
2007-11-09,2008-02-15,98,145.14,28.5,0.2348,132/127/122/117,132.0,127.0,122.0,117.0,5.0,3.44,0.122,1012.18,106.88,26.36,923.38,-528.02,-1979.42,10700.0,1293.78,135.14,hold,expired,2008-02-15,11.93,63.62,135.14,
2007-11-09,2008-02-15,98,145.14,28.5,0.2348,132/127/122/117,132.0,127.0,122.0,117.0,5.0,3.44,0.122,1012.18,106.88,26.36,923.38,-528.02,-1979.42,10700.0,1293.78,135.14,stop_touch,expired,2008-02-15,11.93,63.62,135.14,
2007-11-09,2008-02-15,98,145.14,28.5,0.2348,132/127/122/117,132.0,127.0,122.0,117.0,5.0,3.44,0.122,1012.18,106.88,26.36,923.38,-528.02,-1979.42,10700.0,1293.78,135.14,stop_close,expired,2008-02-15,11.93,63.62,135.14,
2007-11-23,2008-02-15,84,144.13,25.61,0.2175,133/128/124/120,132.0,128.0,124.0,120.0,4.0,2.78,0.227,822.73,111.77,22.45,353.13,-1088.17,-2529.47,11200.0,1296.41,135.14,hold,expired,2008-02-15,22.48,120.73,135.14,
2007-11-23,2008-02-15,84,144.13,25.61,0.2175,133/128/124/120,132.0,128.0,124.0,120.0,4.0,2.78,0.227,822.73,111.77,22.45,353.13,-1088.17,-2529.47,11200.0,1296.41,135.14,stop_touch,expired,2008-02-15,22.48,120.73,135.14,
2007-11-23,2008-02-15,84,144.13,25.61,0.2175,133/128/124/120,132.0,128.0,124.0,120.0,4.0,2.78,0.227,822.73,111.77,22.45,353.13,-1088.17,-2529.47,11200.0,1296.41,135.14,stop_close,expired,2008-02-15,22.48,120.73,135.14,
2007-11-30,2008-02-15,77,148.66,22.87,0.2012,138/134/130/126,138.0,134.0,130.0,126.0,4.0,2.69,0.113,811.33,117.89,20.7,104.13,-1382.47,-2869.07,11800.0,1355.79,135.14,hold,expired,2008-02-15,297.08,1546.61,135.14,
2007-11-30,2008-02-15,77,148.66,22.87,0.2012,138/134/130/126,138.0,134.0,130.0,126.0,4.0,2.69,0.113,811.33,117.89,20.7,104.13,-1382.47,-2869.07,11800.0,1355.79,135.14,stop_touch,expired,2008-02-15,297.08,1546.61,135.14,
2007-11-30,2008-02-15,77,148.66,22.87,0.2012,138/134/130/126,138.0,134.0,130.0,126.0,4.0,2.69,0.113,811.33,117.89,20.7,104.13,-1382.47,-2869.07,11800.0,1355.79,135.14,stop_close,expired,2008-02-15,297.08,1546.61,135.14,
2007-12-21,2008-03-21,91,148.13,18.47,0.1749,138/134/131/127,139.0,135.0,131.0,127.0,4.0,2.7,0.029,802.91,118.97,19.68,-46.69,-1527.99,-3009.29,11900.0,1368.15,132.08,hold,expired,2008-03-20,402.66,2103.77,132.08,
2007-12-21,2008-03-21,91,148.13,18.47,0.1749,138/134/131/127,139.0,135.0,131.0,127.0,4.0,2.7,0.029,802.91,118.97,19.68,-46.69,-1527.99,-3009.29,11900.0,1368.15,132.08,stop_touch,expired,2008-03-20,402.66,2103.77,132.08,
2007-12-21,2008-03-21,91,148.13,18.47,0.1749,138/134/131/127,139.0,135.0,131.0,127.0,4.0,2.7,0.029,802.91,118.97,19.68,-46.69,-1527.99,-3009.29,11900.0,1368.15,132.08,stop_close,expired,2008-03-20,402.66,2103.77,132.08,
2007-12-28,2008-03-21,84,147.3,20.74,0.1884,137/133/129/125,137.0,133.0,129.0,125.0,4.0,2.72,0.07,807.01,116.93,20.62,91.01,-1381.99,-2854.99,11700.0,1344.11,132.08,hold,expired,2008-03-20,406.76,2137.18,132.08,
2007-12-28,2008-03-21,84,147.3,20.74,0.1884,137/133/129/125,137.0,133.0,129.0,125.0,4.0,2.72,0.07,807.01,116.93,20.62,91.01,-1381.99,-2854.99,11700.0,1344.11,132.08,stop_touch,expired,2008-03-20,406.76,2137.18,132.08,
2007-12-28,2008-03-21,84,147.3,20.74,0.1884,137/133/129/125,137.0,133.0,129.0,125.0,4.0,2.72,0.07,807.01,116.93,20.62,91.01,-1381.99,-2854.99,11700.0,1344.11,132.08,stop_close,expired,2008-03-20,406.76,2137.18,132.08,
2008-01-04,2008-03-21,77,141.31,23.94,0.2076,130/126/122/118,130.0,126.0,122.0,118.0,4.0,2.83,0.093,809.27,109.91,22.22,314.07,-1099.03,-2512.13,11000.0,1277.91,132.08,hold,expired,2008-03-20,9.02,49.4,132.08,
2008-01-04,2008-03-21,77,141.31,23.94,0.2076,130/126/122/118,130.0,126.0,122.0,118.0,4.0,2.83,0.093,809.27,109.91,22.22,314.07,-1099.03,-2512.13,11000.0,1277.91,132.08,stop_touch,expired,2008-03-20,9.02,49.4,132.08,
2008-01-04,2008-03-21,77,141.31,23.94,0.2076,130/126/122/118,130.0,126.0,122.0,118.0,4.0,2.83,0.093,809.27,109.91,22.22,314.07,-1099.03,-2512.13,11000.0,1277.91,132.08,stop_close,expired,2008-03-20,9.02,49.4,132.08,
2008-01-11,2008-04-18,98,140.15,23.68,0.206,128/123/119/115,127.0,123.0,119.0,115.0,4.0,2.85,0.23,822.99,106.77,23.82,534.99,-866.51,-2268.01,10700.0,1247.94,138.48,hold,expired,2008-04-18,22.74,125.59,138.48,
2008-01-11,2008-04-18,98,140.15,23.68,0.206,128/123/119/115,127.0,123.0,119.0,115.0,4.0,2.85,0.23,822.99,106.77,23.82,534.99,-866.51,-2268.01,10700.0,1247.94,138.48,stop_touch,expired,2008-04-18,22.74,125.59,138.48,
2008-01-11,2008-04-18,98,140.15,23.68,0.206,128/123/119/115,127.0,123.0,119.0,115.0,4.0,2.85,0.23,822.99,106.77,23.82,534.99,-866.51,-2268.01,10700.0,1247.94,138.48,stop_close,expired,2008-04-18,22.74,125.59,138.48,
2008-01-18,2008-04-18,91,132.06,27.18,0.2269,120/115/111/107,119.0,115.0,111.0,107.0,4.0,3.03,0.21,821.03,98.79,25.19,685.83,-634.77,-1955.37,9900.0,1168.69,138.48,hold,expired,2008-04-18,20.78,121.78,138.48,
2008-01-18,2008-04-18,91,132.06,27.18,0.2269,120/115/111/107,119.0,115.0,111.0,107.0,4.0,3.03,0.21,821.03,98.79,25.19,685.83,-634.77,-1955.37,9900.0,1168.69,138.48,stop_touch,expired,2008-04-18,20.78,121.78,138.48,
2008-01-18,2008-04-18,91,132.06,27.18,0.2269,120/115/111/107,119.0,115.0,111.0,107.0,4.0,3.03,0.21,821.03,98.79,25.19,685.83,-634.77,-1955.37,9900.0,1168.69,138.48,stop_close,expired,2008-04-18,20.78,121.78,138.48,
2008-01-25,2008-04-18,84,133.04,29.08,0.2383,121/116/112/108,120.0,116.0,112.0,108.0,4.0,3.01,0.238,823.78,99.76,25.01,666.98,-663.42,-1993.82,10000.0,1180.62,138.48,hold,expired,2008-04-18,23.53,136.88,138.48,
2008-01-25,2008-04-18,84,133.04,29.08,0.2383,121/116/112/108,120.0,116.0,112.0,108.0,4.0,3.01,0.238,823.78,99.76,25.01,666.98,-663.42,-1993.82,10000.0,1180.62,138.48,stop_touch,expired,2008-04-18,23.53,136.88,138.48,
2008-01-25,2008-04-18,84,133.04,29.08,0.2383,121/116/112/108,120.0,116.0,112.0,108.0,4.0,3.01,0.238,823.78,99.76,25.01,666.98,-663.42,-1993.82,10000.0,1180.62,138.48,stop_close,expired,2008-04-18,23.53,136.88,138.48,
2008-02-01,2008-04-18,77,139.58,24.02,0.208,128/124/120/116,128.0,124.0,120.0,116.0,4.0,2.87,0.078,807.77,107.92,22.68,374.17,-1021.63,-2417.43,10800.0,1255.03,138.48,hold,expired,2008-04-18,7.52,41.68,138.48,
2008-02-01,2008-04-18,77,139.58,24.02,0.208,128/124/120/116,128.0,124.0,120.0,116.0,4.0,2.87,0.078,807.77,107.92,22.68,374.17,-1021.63,-2417.43,10800.0,1255.03,138.48,stop_touch,expired,2008-04-18,7.52,41.68,138.48,
2008-02-01,2008-04-18,77,139.58,24.02,0.208,128/124/120/116,128.0,124.0,120.0,116.0,4.0,2.87,0.078,807.77,107.92,22.68,374.17,-1021.63,-2417.43,10800.0,1255.03,138.48,stop_close,expired,2008-04-18,7.52,41.68,138.48,
2008-02-08,2008-05-16,98,133.07,28.01,0.2319,120/115/111/107,119.0,115.0,111.0,107.0,4.0,3.01,0.308,830.78,98.69,25.83,776.38,-554.32,-1885.02,9900.0,1170.2,142.66,hold,expired,2008-05-16,30.53,177.54,142.66,
2008-02-08,2008-05-16,98,133.07,28.01,0.2319,120/115/111/107,119.0,115.0,111.0,107.0,4.0,3.01,0.308,830.78,98.69,25.83,776.38,-554.32,-1885.02,9900.0,1170.2,142.66,stop_touch,expired,2008-05-16,30.53,177.54,142.66,
2008-02-08,2008-05-16,98,133.07,28.01,0.2319,120/115/111/107,119.0,115.0,111.0,107.0,4.0,3.01,0.308,830.78,98.69,25.83,776.38,-554.32,-1885.02,9900.0,1170.2,142.66,stop_close,expired,2008-05-16,30.53,177.54,142.66,
2008-02-15,2008-05-16,91,135.14,25.02,0.214,123/119/115/111,123.0,119.0,115.0,111.0,4.0,2.96,0.172,817.19,102.83,23.91,528.39,-823.01,-2174.41,10300.0,1210.43,142.66,hold,expired,2008-05-16,16.94,97.02,142.66,
2008-02-15,2008-05-16,91,135.14,25.02,0.214,123/119/115/111,123.0,119.0,115.0,111.0,4.0,2.96,0.172,817.19,102.83,23.91,528.39,-823.01,-2174.41,10300.0,1210.43,142.66,stop_touch,expired,2008-05-16,16.94,97.02,142.66,
2008-02-15,2008-05-16,91,135.14,25.02,0.214,123/119/115/111,123.0,119.0,115.0,111.0,4.0,2.96,0.172,817.19,102.83,23.91,528.39,-823.01,-2174.41,10300.0,1210.43,142.66,stop_close,expired,2008-05-16,16.94,97.02,142.66,
2008-02-22,2008-05-16,84,135.62,24.06,0.2083,124/120/116/112,124.0,120.0,116.0,112.0,4.0,2.95,0.089,808.9,103.91,23.38,458.5,-897.7,-2253.9,10400.0,1216.65,142.66,hold,expired,2008-05-16,8.65,49.35,142.66,
2008-02-22,2008-05-16,84,135.62,24.06,0.2083,124/120/116/112,124.0,120.0,116.0,112.0,4.0,2.95,0.089,808.9,103.91,23.38,458.5,-897.7,-2253.9,10400.0,1216.65,142.66,stop_touch,expired,2008-05-16,8.65,49.35,142.66,
2008-02-22,2008-05-16,84,135.62,24.06,0.2083,124/120/116/112,124.0,120.0,116.0,112.0,4.0,2.95,0.089,808.9,103.91,23.38,458.5,-897.7,-2253.9,10400.0,1216.65,142.66,stop_close,expired,2008-05-16,8.65,49.35,142.66,
2008-02-29,2008-05-16,77,133.82,26.54,0.2231,122/118/114/110,122.0,118.0,114.0,110.0,4.0,2.99,0.1,809.99,101.9,23.85,515.59,-822.61,-2160.81,10200.0,1196.65,142.66,hold,expired,2008-05-16,9.74,56.35,142.66,
2008-02-29,2008-05-16,77,133.82,26.54,0.2231,122/118/114/110,122.0,118.0,114.0,110.0,4.0,2.99,0.1,809.99,101.9,23.85,515.59,-822.61,-2160.81,10200.0,1196.65,142.66,stop_touch,expired,2008-05-16,9.74,56.35,142.66,
2008-02-29,2008-05-16,77,133.82,26.54,0.2231,122/118/114/110,122.0,118.0,114.0,110.0,4.0,2.99,0.1,809.99,101.9,23.85,515.59,-822.61,-2160.81,10200.0,1196.65,142.66,stop_close,expired,2008-05-16,9.74,56.35,142.66,
2008-03-20,2008-06-20,92,132.08,26.62,0.2236,120/115/111/107,119.0,115.0,111.0,107.0,4.0,3.03,0.197,819.67,98.8,25.19,686.07,-634.73,-1955.53,9900.0,1167.51,131.58,hold,expired,2008-06-20,19.42,113.77,131.58,
2008-03-20,2008-06-20,92,132.08,26.62,0.2236,120/115/111/107,119.0,115.0,111.0,107.0,4.0,3.03,0.197,819.67,98.8,25.19,686.07,-634.73,-1955.53,9900.0,1167.51,131.58,stop_touch,expired,2008-06-20,19.42,113.77,131.58,
2008-03-20,2008-06-20,92,132.08,26.62,0.2236,120/115/111/107,119.0,115.0,111.0,107.0,4.0,3.03,0.197,819.67,98.8,25.19,686.07,-634.73,-1955.53,9900.0,1167.51,131.58,stop_close,expired,2008-06-20,19.42,113.77,131.58,
2008-03-28,2008-06-20,84,131.51,25.71,0.2181,120/116/112/108,120.0,116.0,112.0,108.0,4.0,3.04,0.099,809.92,99.9,24.04,530.72,-784.38,-2099.48,10000.0,1179.22,131.58,hold,expired,2008-06-20,9.67,56.91,131.58,
2008-03-28,2008-06-20,84,131.51,25.71,0.2181,120/116/112/108,120.0,116.0,112.0,108.0,4.0,3.04,0.099,809.92,99.9,24.04,530.72,-784.38,-2099.48,10000.0,1179.22,131.58,stop_touch,expired,2008-06-20,9.67,56.91,131.58,
2008-03-28,2008-06-20,84,131.51,25.71,0.2181,120/116/112/108,120.0,116.0,112.0,108.0,4.0,3.04,0.099,809.92,99.9,24.04,530.72,-784.38,-2099.48,10000.0,1179.22,131.58,stop_close,expired,2008-06-20,9.67,56.91,131.58,
2008-04-11,2008-07-18,98,133.38,23.46,0.2047,122/117/113/109,121.0,117.0,113.0,109.0,4.0,3.0,0.138,813.85,100.86,24.38,584.25,-749.55,-2083.35,10100.0,1186.62,125.98,hold,expired,2008-07-18,13.6,78.89,125.98,
2008-04-11,2008-07-18,98,133.38,23.46,0.2047,122/117/113/109,121.0,117.0,113.0,109.0,4.0,3.0,0.138,813.85,100.86,24.38,584.25,-749.55,-2083.35,10100.0,1186.62,125.98,stop_touch,expired,2008-07-18,13.6,78.89,125.98,
2008-04-11,2008-07-18,98,133.38,23.46,0.2047,122/117/113/109,121.0,117.0,113.0,109.0,4.0,3.0,0.138,813.85,100.86,24.38,584.25,-749.55,-2083.35,10100.0,1186.62,125.98,stop_close,expired,2008-07-18,13.6,78.89,125.98,
2008-04-18,2008-07-18,91,138.48,20.13,0.1848,128/124/120/116,128.0,124.0,120.0,116.0,4.0,2.89,0.021,802.09,107.98,22.03,280.49,-1104.31,-2489.11,10800.0,1257.99,125.98,hold,expired,2008-07-18,203.84,1139.19,125.98,
2008-04-18,2008-07-18,91,138.48,20.13,0.1848,128/124/120/116,128.0,124.0,120.0,116.0,4.0,2.89,0.021,802.09,107.98,22.03,280.49,-1104.31,-2489.11,10800.0,1257.99,125.98,stop_touch,expired,2008-07-18,203.84,1139.19,125.98,
2008-04-18,2008-07-18,91,138.48,20.13,0.1848,128/124/120/116,128.0,124.0,120.0,116.0,4.0,2.89,0.021,802.09,107.98,22.03,280.49,-1104.31,-2489.11,10800.0,1257.99,125.98,stop_close,expired,2008-07-18,203.84,1139.19,125.98,
2008-05-09,2008-08-15,98,138.9,19.41,0.1805,128/124/120/116,128.0,124.0,120.0,116.0,4.0,2.88,0.043,804.3,107.96,22.28,316.3,-1072.7,-2461.7,10800.0,1256.88,130.17,hold,expired,2008-08-15,4.05,22.57,130.17,
2008-05-09,2008-08-15,98,138.9,19.41,0.1805,128/124/120/116,128.0,124.0,120.0,116.0,4.0,2.88,0.043,804.3,107.96,22.28,316.3,-1072.7,-2461.7,10800.0,1256.88,130.17,stop_touch,expired,2008-08-15,4.05,22.57,130.17,
2008-05-09,2008-08-15,98,138.9,19.41,0.1805,128/124/120/116,128.0,124.0,120.0,116.0,4.0,2.88,0.043,804.3,107.96,22.28,316.3,-1072.7,-2461.7,10800.0,1256.88,130.17,stop_close,expired,2008-08-15,4.05,22.57,130.17,
2008-05-23,2008-08-15,84,137.64,19.55,0.1813,127/124/120/117,126.0,123.0,120.0,117.0,3.0,2.18,0.27,627.04,110.73,19.55,-61.76,-1438.16,-2814.56,11100.0,1240.68,130.17,hold,expired,2008-08-15,26.79,150.64,130.17,
2008-05-23,2008-08-15,84,137.64,19.55,0.1813,127/124/120/117,126.0,123.0,120.0,117.0,3.0,2.18,0.27,627.04,110.73,19.55,-61.76,-1438.16,-2814.56,11100.0,1240.68,130.17,stop_touch,expired,2008-08-15,26.79,150.64,130.17,
2008-05-23,2008-08-15,84,137.64,19.55,0.1813,127/124/120/117,126.0,123.0,120.0,117.0,3.0,2.18,0.27,627.04,110.73,19.55,-61.76,-1438.16,-2814.56,11100.0,1240.68,130.17,stop_close,expired,2008-08-15,26.79,150.64,130.17,
2008-05-30,2008-08-15,77,140.35,17.83,0.171,131/127/124/121,130.0,127.0,124.0,121.0,3.0,2.14,0.185,618.5,114.81,18.19,-253.5,-1657.0,-3060.5,11500.0,1280.98,130.17,hold,expired,2008-08-15,18.25,100.66,130.17,
2008-05-30,2008-08-15,77,140.35,17.83,0.171,131/127/124/121,130.0,127.0,124.0,121.0,3.0,2.14,0.185,618.5,114.81,18.19,-253.5,-1657.0,-3060.5,11500.0,1280.98,130.17,stop_touch,expired,2008-08-15,18.25,100.66,130.17,
2008-05-30,2008-08-15,77,140.35,17.83,0.171,131/127/124/121,130.0,127.0,124.0,121.0,3.0,2.14,0.185,618.5,114.81,18.19,-253.5,-1657.0,-3060.5,11500.0,1280.98,130.17,stop_close,expired,2008-08-15,18.25,100.66,130.17,
2008-06-06,2008-09-19,105,136.29,23.56,0.2053,124/119/115/111,123.0,119.0,115.0,111.0,4.0,2.93,0.224,822.4,102.78,24.59,625.6,-737.3,-2100.2,10300.0,1207.56,124.12,hold,expired,2008-09-19,22.15,125.78,124.12,
2008-06-06,2008-09-19,105,136.29,23.56,0.2053,124/119/115/111,123.0,119.0,115.0,111.0,4.0,2.93,0.224,822.4,102.78,24.59,625.6,-737.3,-2100.2,10300.0,1207.56,124.12,stop_touch,expired,2008-09-19,22.15,125.78,124.12,
2008-06-06,2008-09-19,105,136.29,23.56,0.2053,124/119/115/111,123.0,119.0,115.0,111.0,4.0,2.93,0.224,822.4,102.78,24.59,625.6,-737.3,-2100.2,10300.0,1207.56,124.12,stop_close,expired,2008-09-19,22.15,125.78,124.12,
2008-06-13,2008-09-19,98,136.15,21.22,0.1913,125/121/117/113,125.0,121.0,117.0,113.0,4.0,2.94,0.084,808.44,104.92,22.94,400.44,-961.06,-2322.56,10500.0,1229.46,124.12,hold,expired,2008-09-19,96.19,546.78,124.12,
2008-06-13,2008-09-19,98,136.15,21.22,0.1913,125/121/117/113,125.0,121.0,117.0,113.0,4.0,2.94,0.084,808.44,104.92,22.94,400.44,-961.06,-2322.56,10500.0,1229.46,124.12,stop_touch,expired,2008-09-19,96.19,546.78,124.12,
2008-06-13,2008-09-19,98,136.15,21.22,0.1913,125/121/117/113,125.0,121.0,117.0,113.0,4.0,2.94,0.084,808.44,104.92,22.94,400.44,-961.06,-2322.56,10500.0,1229.46,124.12,stop_close,expired,2008-09-19,96.19,546.78,124.12,
2008-06-20,2008-09-19,91,131.58,22.87,0.2012,120/117/113/109,121.0,117.0,113.0,109.0,4.0,3.04,0.047,804.7,100.95,23.28,431.1,-884.7,-2200.5,10100.0,1191.2,124.12,hold,expired,2008-09-19,4.45,26.16,124.12,
2008-06-20,2008-09-19,91,131.58,22.87,0.2012,120/117/113/109,121.0,117.0,113.0,109.0,4.0,3.04,0.047,804.7,100.95,23.28,431.1,-884.7,-2200.5,10100.0,1191.2,124.12,stop_touch,expired,2008-09-19,4.45,26.16,124.12,
2008-06-20,2008-09-19,91,131.58,22.87,0.2012,120/117/113/109,121.0,117.0,113.0,109.0,4.0,3.04,0.047,804.7,100.95,23.28,431.1,-884.7,-2200.5,10100.0,1191.2,124.12,stop_close,expired,2008-09-19,4.45,26.16,124.12,
2008-07-11,2008-10-17,98,123.84,27.49,0.2288,112/108/103/99,111.0,107.0,103.0,99.0,4.0,3.23,0.161,816.13,90.84,26.65,808.93,-415.07,-1653.47,9100.0,1088.15,93.21,hold,expired,2008-10-17,236.88,1480.39,93.21,
2008-07-11,2008-10-17,98,123.84,27.49,0.2288,112/108/103/99,111.0,107.0,103.0,99.0,4.0,3.23,0.161,816.13,90.84,26.65,808.93,-415.07,-1653.47,9100.0,1088.15,93.21,stop_touch,stopped,2008-10-10,-78.97,-493.52,90.84,69.95
2008-07-11,2008-10-17,98,123.84,27.49,0.2288,112/108/103/99,111.0,107.0,103.0,99.0,4.0,3.23,0.161,816.13,90.84,26.65,808.93,-415.07,-1653.47,9100.0,1088.15,93.21,stop_close,stopped,2008-10-10,-281.75,-1760.78,88.5,69.95
2008-07-18,2008-10-17,91,125.98,24.05,0.2082,115/111/107/104,116.0,112.0,108.0,104.0,4.0,3.18,0.02,802.02,95.98,23.81,480.42,-779.38,-2039.18,9600.0,1144.77,93.21,hold,expired,2008-10-17,-277.23,-1703.07,93.21,
2008-07-18,2008-10-17,91,125.98,24.05,0.2082,115/111/107/104,116.0,112.0,108.0,104.0,4.0,3.18,0.02,802.02,95.98,23.81,480.42,-779.38,-2039.18,9600.0,1144.77,93.21,stop_touch,stopped,2008-10-10,-92.13,-565.98,95.98,69.95
2008-07-18,2008-10-17,91,125.98,24.05,0.2082,115/111/107/104,116.0,112.0,108.0,104.0,4.0,3.18,0.02,802.02,95.98,23.81,480.42,-779.38,-2039.18,9600.0,1144.77,93.21,stop_close,stopped,2008-10-10,-776.88,-4772.59,88.5,69.95
2008-08-01,2008-10-17,77,126.16,22.57,0.1994,116/113/109/106,115.0,112.0,109.0,106.0,3.0,2.38,0.212,621.19,99.79,20.9,113.99,-1147.61,-2409.21,10000.0,1130.44,93.21,hold,expired,2008-10-17,-658.06,-4036.88,93.21,
2008-08-01,2008-10-17,77,126.16,22.57,0.1994,116/113/109/106,115.0,112.0,109.0,106.0,3.0,2.38,0.212,621.19,99.79,20.9,113.99,-1147.61,-2409.21,10000.0,1130.44,93.21,stop_touch,stopped,2008-10-10,-140.44,-861.53,99.79,69.95
2008-08-01,2008-10-17,77,126.16,22.57,0.1994,116/113/109/106,115.0,112.0,109.0,106.0,3.0,2.38,0.212,621.19,99.79,20.9,113.99,-1147.61,-2409.21,10000.0,1130.44,93.21,stop_close,stopped,2008-10-10,-1155.75,-7089.96,88.5,69.95
2008-08-08,2008-11-21,105,129.37,20.66,0.1879,118/114/111/107,119.0,115.0,111.0,107.0,4.0,3.09,0.025,802.53,98.97,23.49,452.13,-841.57,-2135.27,9900.0,1171.36,79.52,hold,expired,2008-11-21,-1945.72,-11639.88,79.52,
2008-08-08,2008-11-21,105,129.37,20.66,0.1879,118/114/111/107,119.0,115.0,111.0,107.0,4.0,3.09,0.025,802.53,98.97,23.49,452.13,-841.57,-2135.27,9900.0,1171.36,79.52,stop_touch,stopped,2008-10-10,-526.55,-3149.98,98.97,69.95
2008-08-08,2008-11-21,105,129.37,20.66,0.1879,118/114/111/107,119.0,115.0,111.0,107.0,4.0,3.09,0.025,802.53,98.97,23.49,452.13,-841.57,-2135.27,9900.0,1171.36,79.52,stop_close,stopped,2008-10-10,-1220.6,-7301.99,88.5,69.95
2008-09-12,2008-12-19,98,126.09,25.66,0.2178,114/110/106/102,114.0,110.0,106.0,102.0,4.0,3.17,0.129,812.89,93.87,25.55,700.09,-560.81,-1821.71,9400.0,1119.38,88.19,hold,expired,2008-12-19,-568.36,-3488.57,88.19,
2008-09-12,2008-12-19,98,126.09,25.66,0.2178,114/110/106/102,114.0,110.0,106.0,102.0,4.0,3.17,0.129,812.89,93.87,25.55,700.09,-560.81,-1821.71,9400.0,1119.38,88.19,stop_touch,stopped,2008-10-10,-687.43,-4219.39,93.87,69.95
2008-09-12,2008-12-19,98,126.09,25.66,0.2178,114/110/106/102,114.0,110.0,106.0,102.0,4.0,3.17,0.129,812.89,93.87,25.55,700.09,-560.81,-1821.71,9400.0,1119.38,88.19,stop_close,stopped,2008-10-10,-984.97,-6045.66,88.5,69.95
2008-09-19,2008-12-19,91,124.12,32.07,0.2562,111/107/102/98,110.0,106.0,102.0,98.0,4.0,3.22,0.117,811.66,89.88,27.58,682.06,-299.94,-1541.14,9000.0,1094.32,88.19,hold,expired,2008-12-19,-169.59,-1057.44,88.19,
2008-09-19,2008-12-19,91,124.12,32.07,0.2562,111/107/102/98,110.0,106.0,102.0,98.0,4.0,3.22,0.117,811.66,89.88,27.58,682.06,-299.94,-1541.14,9000.0,1094.32,88.19,stop_touch,stopped,2008-10-10,-650.85,-4058.27,89.88,69.95
2008-09-19,2008-12-19,91,124.12,32.07,0.2562,111/107/102/98,110.0,106.0,102.0,98.0,4.0,3.22,0.117,811.66,89.88,27.58,682.06,-299.94,-1541.14,9000.0,1094.32,88.19,stop_close,stopped,2008-10-10,-721.84,-4500.92,88.5,69.95
2008-09-26,2008-12-19,84,120.85,34.74,0.2721,108/104/99/95,107.0,103.0,99.0,95.0,4.0,3.31,0.099,809.86,86.9,28.09,641.86,-230.64,-1439.14,8700.0,1065.3,88.19,hold,expired,2008-12-19,128.61,823.61,88.19,
2008-09-26,2008-12-19,84,120.85,34.74,0.2721,108/104/99/95,107.0,103.0,99.0,95.0,4.0,3.31,0.099,809.86,86.9,28.09,641.86,-230.64,-1439.14,8700.0,1065.3,88.19,stop_touch,stopped,2008-10-10,-623.76,-3994.59,86.9,69.95
2008-09-26,2008-12-19,84,120.85,34.74,0.2721,108/104/99/95,107.0,103.0,99.0,95.0,4.0,3.31,0.099,809.86,86.9,28.09,641.86,-230.64,-1439.14,8700.0,1065.3,88.19,stop_close,stopped,2008-11-14,-365.81,-2342.67,86.62,66.31
2008-10-03,2008-12-19,77,110.34,45.14,0.3343,97/93/88/84,96.0,92.0,88.0,84.0,4.0,3.63,0.166,816.56,75.83,31.27,416.56,140.36,-963.04,7600.0,961.38,88.19,hold,expired,2008-12-19,416.31,2920.02,88.19,
2008-10-03,2008-12-19,77,110.34,45.14,0.3343,97/93/88/84,96.0,92.0,88.0,84.0,4.0,3.63,0.166,816.56,75.83,31.27,416.56,140.36,-963.04,7600.0,961.38,88.19,stop_touch,stopped,2008-11-21,-307.81,-2158.99,75.83,80.86
2008-10-03,2008-12-19,77,110.34,45.14,0.3343,97/93/88/84,96.0,92.0,88.0,84.0,4.0,3.63,0.166,816.56,75.83,31.27,416.56,140.36,-963.04,7600.0,961.38,88.19,stop_close,expired,2008-12-19,416.31,2920.02,88.19,
2008-10-10,2009-01-16,98,88.5,69.95,0.4827,74/68/63/59,74.0,69.0,64.0,59.0,5.0,5.65,0.032,1003.2,48.97,44.67,323.2,708.2,413.2,4900.0,772.48,85.06,hold,expired,2009-01-16,2.95,25.79,85.06,
2008-10-10,2009-01-16,98,88.5,69.95,0.4827,74/68/63/59,74.0,69.0,64.0,59.0,5.0,5.65,0.032,1003.2,48.97,44.67,323.2,708.2,413.2,4900.0,772.48,85.06,stop_touch,expired,2009-01-16,2.95,25.79,85.06,
2008-10-10,2009-01-16,98,88.5,69.95,0.4827,74/68/63/59,74.0,69.0,64.0,59.0,5.0,5.65,0.032,1003.2,48.97,44.67,323.2,708.2,413.2,4900.0,772.48,85.06,stop_close,expired,2009-01-16,2.95,25.79,85.06,
2008-10-17,2009-01-16,91,93.21,70.33,0.485,78/72/67/63,78.0,73.0,68.0,63.0,5.0,5.36,0.117,1011.7,52.88,43.26,354.9,787.0,304.3,5300.0,809.55,85.06,hold,expired,2009-01-16,11.45,95.06,85.06,
2008-10-17,2009-01-16,91,93.21,70.33,0.485,78/72/67/63,78.0,73.0,68.0,63.0,5.0,5.36,0.117,1011.7,52.88,43.26,354.9,787.0,304.3,5300.0,809.55,85.06,stop_touch,expired,2009-01-16,11.45,95.06,85.06,
2008-10-17,2009-01-16,91,93.21,70.33,0.485,78/72/67/63,78.0,73.0,68.0,63.0,5.0,5.36,0.117,1011.7,52.88,43.26,354.9,787.0,304.3,5300.0,809.55,85.06,stop_close,expired,2009-01-16,11.45,95.06,85.06,
2008-10-24,2009-01-16,84,87.04,79.13,0.5376,72/67/62/57,72.0,67.0,62.0,57.0,5.0,5.74,0.027,1002.74,46.97,46.03,239.54,609.94,525.14,4700.0,751.11,85.06,hold,expired,2009-01-16,2.49,22.17,85.06,
2008-10-24,2009-01-16,84,87.04,79.13,0.5376,72/67/62/57,72.0,67.0,62.0,57.0,5.0,5.74,0.027,1002.74,46.97,46.03,239.54,609.94,525.14,4700.0,751.11,85.06,stop_touch,expired,2009-01-16,2.49,22.17,85.06,
2008-10-24,2009-01-16,84,87.04,79.13,0.5376,72/67/62/57,72.0,67.0,62.0,57.0,5.0,5.74,0.027,1002.74,46.97,46.03,239.54,609.94,525.14,4700.0,751.11,85.06,stop_close,expired,2009-01-16,2.49,22.17,85.06,
2008-11-21,2009-02-20,91,79.52,72.67,0.499,66/61/57/53,65.0,61.0,57.0,53.0,4.0,5.03,0.21,820.96,44.79,43.67,159.36,554.56,292.16,4500.0,674.37,77.42,hold,expired,2009-02-20,20.71,201.59,77.42,
2008-11-21,2009-02-20,91,79.52,72.67,0.499,66/61/57/53,65.0,61.0,57.0,53.0,4.0,5.03,0.21,820.96,44.79,43.67,159.36,554.56,292.16,4500.0,674.37,77.42,stop_touch,expired,2009-02-20,20.71,201.59,77.42,
2008-11-21,2009-02-20,91,79.52,72.67,0.499,66/61/57/53,65.0,61.0,57.0,53.0,4.0,5.03,0.21,820.96,44.79,43.67,159.36,554.56,292.16,4500.0,674.37,77.42,stop_close,expired,2009-02-20,20.71,201.59,77.42,
2008-11-28,2009-02-20,84,90.09,55.84,0.3983,77/73/69/65,77.0,73.0,69.0,65.0,4.0,4.44,0.092,809.23,56.91,36.83,409.23,615.53,-285.37,5700.0,783.09,77.42,hold,expired,2009-02-20,8.98,77.18,77.42,
2008-11-28,2009-02-20,84,90.09,55.84,0.3983,77/73/69/65,77.0,73.0,69.0,65.0,4.0,4.44,0.092,809.23,56.91,36.83,409.23,615.53,-285.37,5700.0,783.09,77.42,stop_touch,expired,2009-02-20,8.98,77.18,77.42,
2008-11-28,2009-02-20,84,90.09,55.84,0.3983,77/73/69/65,77.0,73.0,69.0,65.0,4.0,4.44,0.092,809.23,56.91,36.83,409.23,615.53,-285.37,5700.0,783.09,77.42,stop_close,expired,2009-02-20,8.98,77.18,77.42,
2008-12-05,2009-02-20,77,87.93,59.93,0.4228,75/71/67/63,75.0,71.0,67.0,63.0,4.0,4.55,0.065,806.47,54.94,37.52,406.47,661.57,-217.73,5500.0,763.32,77.42,hold,expired,2009-02-20,6.22,54.74,77.42,
2008-12-05,2009-02-20,77,87.93,59.93,0.4228,75/71/67/63,75.0,71.0,67.0,63.0,4.0,4.55,0.065,806.47,54.94,37.52,406.47,661.57,-217.73,5500.0,763.32,77.42,stop_touch,expired,2009-02-20,6.22,54.74,77.42,
2008-12-05,2009-02-20,77,87.93,59.93,0.4228,75/71/67/63,75.0,71.0,67.0,63.0,4.0,4.55,0.065,806.47,54.94,37.52,406.47,661.57,-217.73,5500.0,763.32,77.42,stop_close,expired,2009-02-20,6.22,54.74,77.42,
2008-12-12,2009-03-20,98,88.99,54.28,0.389,76/71/67/63,75.0,71.0,67.0,63.0,4.0,4.49,0.136,813.58,54.86,38.35,394.38,742.88,-147.02,5500.0,762.65,76.71,hold,expired,2009-03-20,13.33,115.96,76.71,
2008-12-12,2009-03-20,98,88.99,54.28,0.389,76/71/67/63,75.0,71.0,67.0,63.0,4.0,4.49,0.136,813.58,54.86,38.35,394.38,742.88,-147.02,5500.0,762.65,76.71,stop_touch,expired,2009-03-20,13.33,115.96,76.71,
2008-12-12,2009-03-20,98,88.99,54.28,0.389,76/71/67/63,75.0,71.0,67.0,63.0,4.0,4.49,0.136,813.58,54.86,38.35,394.38,742.88,-147.02,5500.0,762.65,76.71,stop_close,expired,2009-03-20,13.33,115.96,76.71,
2009-01-23,2009-04-17,84,83.11,47.27,0.3471,72/69/65/62,71.0,68.0,65.0,62.0,3.0,3.61,0.163,616.27,55.84,32.82,316.27,233.97,-597.13,5600.0,719.1,87.08,hold,expired,2009-04-17,16.02,149.19,87.08,
2009-01-23,2009-04-17,84,83.11,47.27,0.3471,72/69/65/62,71.0,68.0,65.0,62.0,3.0,3.61,0.163,616.27,55.84,32.82,316.27,233.97,-597.13,5600.0,719.1,87.08,stop_touch,expired,2009-04-17,16.02,149.19,87.08,
2009-01-23,2009-04-17,84,83.11,47.27,0.3471,72/69/65/62,71.0,68.0,65.0,62.0,3.0,3.61,0.163,616.27,55.84,32.82,316.27,233.97,-597.13,5600.0,719.1,87.08,stop_close,expired,2009-04-17,16.02,149.19,87.08,
2009-01-30,2009-04-17,77,82.83,44.84,0.3325,73/69/66/63,72.0,69.0,66.0,63.0,3.0,3.62,0.062,606.19,56.94,31.26,306.19,104.29,-724.01,5700.0,728.19,87.08,hold,expired,2009-04-17,5.94,55.46,87.08,
2009-01-30,2009-04-17,77,82.83,44.84,0.3325,73/69/66/63,72.0,69.0,66.0,63.0,3.0,3.62,0.062,606.19,56.94,31.26,306.19,104.29,-724.01,5700.0,728.19,87.08,stop_touch,expired,2009-04-17,5.94,55.46,87.08,
2009-01-30,2009-04-17,77,82.83,44.84,0.3325,73/69/66/63,72.0,69.0,66.0,63.0,3.0,3.62,0.062,606.19,56.94,31.26,306.19,104.29,-724.01,5700.0,728.19,87.08,stop_close,expired,2009-04-17,5.94,55.46,87.08,
2009-02-13,2009-05-15,91,82.76,42.93,0.3211,72/69/65/62,71.0,68.0,65.0,62.0,3.0,3.62,0.109,610.89,55.89,32.47,310.89,204.09,-623.51,5600.0,717.36,88.71,hold,expired,2009-05-15,10.64,99.52,88.71,
2009-02-13,2009-05-15,91,82.76,42.93,0.3211,72/69/65/62,71.0,68.0,65.0,62.0,3.0,3.62,0.109,610.89,55.89,32.47,310.89,204.09,-623.51,5600.0,717.36,88.71,stop_touch,expired,2009-05-15,10.64,99.52,88.71,
2009-02-13,2009-05-15,91,82.76,42.93,0.3211,72/69/65/62,71.0,68.0,65.0,62.0,3.0,3.62,0.109,610.89,55.89,32.47,310.89,204.09,-623.51,5600.0,717.36,88.71,stop_close,expired,2009-05-15,10.64,99.52,88.71,
2009-02-20,2009-05-15,84,77.42,49.3,0.3592,67/64/60/57,66.0,63.0,60.0,57.0,3.0,3.87,0.092,609.16,50.91,34.24,309.16,328.56,-445.64,5100.0,669.95,88.71,hold,expired,2009-05-15,8.91,89.06,88.71,
2009-02-20,2009-05-15,84,77.42,49.3,0.3592,67/64/60/57,66.0,63.0,60.0,57.0,3.0,3.87,0.092,609.16,50.91,34.24,309.16,328.56,-445.64,5100.0,669.95,88.71,stop_touch,expired,2009-05-15,8.91,89.06,88.71,
2009-02-20,2009-05-15,84,77.42,49.3,0.3592,67/64/60/57,66.0,63.0,60.0,57.0,3.0,3.87,0.092,609.16,50.91,34.24,309.16,328.56,-445.64,5100.0,669.95,88.71,stop_close,expired,2009-05-15,8.91,89.06,88.71,
2009-03-06,2009-06-19,105,68.92,49.33,0.3594,59/56/52/49,58.0,55.0,52.0,49.0,3.0,4.35,0.038,603.81,42.96,37.66,290.21,528.21,-160.99,4300.0,593.6,92.04,hold,expired,2009-06-19,3.56,40.0,92.04,
2009-03-06,2009-06-19,105,68.92,49.33,0.3594,59/56/52/49,58.0,55.0,52.0,49.0,3.0,4.35,0.038,603.81,42.96,37.66,290.21,528.21,-160.99,4300.0,593.6,92.04,stop_touch,expired,2009-06-19,3.56,40.0,92.04,
2009-03-06,2009-06-19,105,68.92,49.33,0.3594,59/56/52/49,58.0,55.0,52.0,49.0,3.0,4.35,0.038,603.81,42.96,37.66,290.21,528.21,-160.99,4300.0,593.6,92.04,stop_close,expired,2009-06-19,3.56,40.0,92.04,
2009-03-13,2009-06-19,98,76.09,42.36,0.3177,66/63/60/57,66.0,63.0,60.0,57.0,3.0,3.94,0.027,602.71,50.97,33.01,302.71,229.01,-531.89,5100.0,672.82,92.04,hold,expired,2009-06-19,2.46,25.01,92.04,
2009-03-13,2009-06-19,98,76.09,42.36,0.3177,66/63/60/57,66.0,63.0,60.0,57.0,3.0,3.94,0.027,602.71,50.97,33.01,302.71,229.01,-531.89,5100.0,672.82,92.04,stop_touch,expired,2009-06-19,2.46,25.01,92.04,
2009-03-13,2009-06-19,98,76.09,42.36,0.3177,66/63/60/57,66.0,63.0,60.0,57.0,3.0,3.94,0.027,602.71,50.97,33.01,302.71,229.01,-531.89,5100.0,672.82,92.04,stop_close,expired,2009-06-19,2.46,25.01,92.04,
2009-03-20,2009-06-19,91,76.71,45.89,0.3388,67/63/60/57,66.0,63.0,60.0,57.0,3.0,3.91,0.065,606.53,50.93,33.6,306.53,276.23,-490.87,5100.0,671.94,92.04,hold,expired,2009-06-19,6.28,63.37,92.04,
2009-03-20,2009-06-19,91,76.71,45.89,0.3388,67/63/60/57,66.0,63.0,60.0,57.0,3.0,3.91,0.065,606.53,50.93,33.6,306.53,276.23,-490.87,5100.0,671.94,92.04,stop_touch,expired,2009-06-19,6.28,63.37,92.04,
2009-03-20,2009-06-19,91,76.71,45.89,0.3388,67/63/60/57,66.0,63.0,60.0,57.0,3.0,3.91,0.065,606.53,50.93,33.6,306.53,276.23,-490.87,5100.0,671.94,92.04,stop_close,expired,2009-06-19,6.28,63.37,92.04,
2009-03-27,2009-06-19,84,81.61,41.04,0.3098,72/69/65/62,71.0,68.0,65.0,62.0,3.0,3.68,0.007,600.73,55.99,31.39,300.73,113.43,-702.67,5600.0,715.89,92.04,hold,expired,2009-06-19,0.48,4.6,92.04,
2009-03-27,2009-06-19,84,81.61,41.04,0.3098,72/69/65/62,71.0,68.0,65.0,62.0,3.0,3.68,0.007,600.73,55.99,31.39,300.73,113.43,-702.67,5600.0,715.89,92.04,stop_touch,expired,2009-06-19,0.48,4.6,92.04,
2009-03-27,2009-06-19,84,81.61,41.04,0.3098,72/69/65/62,71.0,68.0,65.0,62.0,3.0,3.68,0.007,600.73,55.99,31.39,300.73,113.43,-702.67,5600.0,715.89,92.04,stop_close,expired,2009-06-19,0.48,4.6,92.04,
2009-05-08,2009-08-21,105,92.98,32.05,0.2561,82/79/75/72,81.0,78.0,75.0,72.0,3.0,3.23,0.102,610.23,65.9,29.13,371.83,-81.17,-1010.97,6600.0,812.75,102.97,hold,expired,2009-08-21,9.98,83.09,102.97,
2009-05-08,2009-08-21,105,92.98,32.05,0.2561,82/79/75/72,81.0,78.0,75.0,72.0,3.0,3.23,0.102,610.23,65.9,29.13,371.83,-81.17,-1010.97,6600.0,812.75,102.97,stop_touch,expired,2009-08-21,9.98,83.09,102.97,
2009-05-08,2009-08-21,105,92.98,32.05,0.2561,82/79/75/72,81.0,78.0,75.0,72.0,3.0,3.23,0.102,610.23,65.9,29.13,371.83,-81.17,-1010.97,6600.0,812.75,102.97,stop_close,expired,2009-08-21,9.98,83.09,102.97,
2009-05-15,2009-08-21,98,88.71,33.12,0.2625,79/75/72/69,78.0,75.0,72.0,69.0,3.0,3.38,0.032,603.2,62.97,29.02,406.4,-87.1,-974.2,6300.0,785.02,102.97,hold,expired,2009-08-21,2.95,25.74,102.97,
2009-05-15,2009-08-21,98,88.71,33.12,0.2625,79/75/72/69,78.0,75.0,72.0,69.0,3.0,3.38,0.032,603.2,62.97,29.02,406.4,-87.1,-974.2,6300.0,785.02,102.97,stop_touch,expired,2009-08-21,2.95,25.74,102.97,
2009-05-15,2009-08-21,98,88.71,33.12,0.2625,79/75/72/69,78.0,75.0,72.0,69.0,3.0,3.38,0.032,603.2,62.97,29.02,406.4,-87.1,-974.2,6300.0,785.02,102.97,stop_close,expired,2009-08-21,2.95,25.74,102.97,
2009-05-29,2009-08-21,84,92.53,28.92,0.2373,84/80/77/75,84.0,81.0,78.0,75.0,3.0,3.24,0.059,605.87,68.94,25.49,508.27,-417.03,-1342.33,6900.0,832.06,102.97,hold,expired,2009-08-21,5.62,47.04,102.97,
2009-05-29,2009-08-21,84,92.53,28.92,0.2373,84/80/77/75,84.0,81.0,78.0,75.0,3.0,3.24,0.059,605.87,68.94,25.49,508.27,-417.03,-1342.33,6900.0,832.06,102.97,stop_touch,expired,2009-08-21,5.62,47.04,102.97,
2009-05-29,2009-08-21,84,92.53,28.92,0.2373,84/80/77/75,84.0,81.0,78.0,75.0,3.0,3.24,0.059,605.87,68.94,25.49,508.27,-417.03,-1342.33,6900.0,832.06,102.97,stop_close,expired,2009-08-21,5.62,47.04,102.97,
2009-06-05,2009-08-21,77,94.55,29.62,0.2415,86/82/80/77,86.0,83.0,80.0,77.0,3.0,3.17,0.059,605.95,70.94,24.97,469.95,-475.55,-1421.05,7100.0,851.27,102.97,hold,expired,2009-08-21,5.7,46.62,102.97,
2009-06-05,2009-08-21,77,94.55,29.62,0.2415,86/82/80/77,86.0,83.0,80.0,77.0,3.0,3.17,0.059,605.95,70.94,24.97,469.95,-475.55,-1421.05,7100.0,851.27,102.97,stop_touch,expired,2009-08-21,5.7,46.62,102.97,
2009-06-05,2009-08-21,77,94.55,29.62,0.2415,86/82/80/77,86.0,83.0,80.0,77.0,3.0,3.17,0.059,605.95,70.94,24.97,469.95,-475.55,-1421.05,7100.0,851.27,102.97,stop_close,expired,2009-08-21,5.7,46.62,102.97,
2009-06-12,2009-09-18,98,95.08,28.15,0.2327,85/82/79/76,85.0,82.0,79.0,76.0,3.0,3.16,0.152,615.18,69.85,26.54,608.78,-329.22,-1280.02,7000.0,839.41,106.72,hold,expired,2009-09-18,14.93,121.49,106.72,
2009-06-12,2009-09-18,98,95.08,28.15,0.2327,85/82/79/76,85.0,82.0,79.0,76.0,3.0,3.16,0.152,615.18,69.85,26.54,608.78,-329.22,-1280.02,7000.0,839.41,106.72,stop_touch,expired,2009-09-18,14.93,121.49,106.72,
2009-06-12,2009-09-18,98,95.08,28.15,0.2327,85/82/79/76,85.0,82.0,79.0,76.0,3.0,3.16,0.152,615.18,69.85,26.54,608.78,-329.22,-1280.02,7000.0,839.41,106.72,stop_close,expired,2009-09-18,14.93,121.49,106.72,
2009-06-19,2009-09-18,91,92.04,27.99,0.2318,83/80/77/74,83.0,80.0,77.0,74.0,3.0,3.26,0.068,606.79,67.93,26.19,569.99,-350.41,-1270.81,6800.0,819.66,106.72,hold,expired,2009-09-18,6.54,55.0,106.72,
2009-06-19,2009-09-18,91,92.04,27.99,0.2318,83/80/77/74,83.0,80.0,77.0,74.0,3.0,3.26,0.068,606.79,67.93,26.19,569.99,-350.41,-1270.81,6800.0,819.66,106.72,stop_touch,expired,2009-09-18,6.54,55.0,106.72,
2009-06-19,2009-09-18,91,92.04,27.99,0.2318,83/80/77/74,83.0,80.0,77.0,74.0,3.0,3.26,0.068,606.79,67.93,26.19,569.99,-350.41,-1270.81,6800.0,819.66,106.72,stop_close,expired,2009-09-18,6.54,55.0,106.72,
2009-07-10,2009-10-16,98,87.96,29.02,0.2379,79/76/73/70,79.0,76.0,73.0,70.0,3.0,3.41,0.074,607.41,63.93,27.32,570.61,-235.39,-1114.99,6400.0,782.04,108.89,hold,expired,2009-10-16,7.16,62.99,108.89,
2009-07-10,2009-10-16,98,87.96,29.02,0.2379,79/76/73/70,79.0,76.0,73.0,70.0,3.0,3.41,0.074,607.41,63.93,27.32,570.61,-235.39,-1114.99,6400.0,782.04,108.89,stop_touch,expired,2009-10-16,7.16,62.99,108.89,
2009-07-10,2009-10-16,98,87.96,29.02,0.2379,79/76/73/70,79.0,76.0,73.0,70.0,3.0,3.41,0.074,607.41,63.93,27.32,570.61,-235.39,-1114.99,6400.0,782.04,108.89,stop_close,expired,2009-10-16,7.16,62.99,108.89,
2009-07-31,2009-10-16,77,98.81,25.92,0.2194,90/87/84/81,90.0,87.0,84.0,81.0,3.0,3.04,0.021,602.11,74.98,24.12,406.91,-581.19,-1569.29,7500.0,885.03,108.89,hold,expired,2009-10-16,1.86,14.57,108.89,
2009-07-31,2009-10-16,77,98.81,25.92,0.2194,90/87/84/81,90.0,87.0,84.0,81.0,3.0,3.04,0.021,602.11,74.98,24.12,406.91,-581.19,-1569.29,7500.0,885.03,108.89,stop_touch,expired,2009-10-16,1.86,14.57,108.89,
2009-07-31,2009-10-16,77,98.81,25.92,0.2194,90/87/84/81,90.0,87.0,84.0,81.0,3.0,3.04,0.021,602.11,74.98,24.12,406.91,-581.19,-1569.29,7500.0,885.03,108.89,stop_close,expired,2009-10-16,1.86,14.57,108.89,
2009-08-07,2009-11-20,105,101.2,24.76,0.2125,91/88/85/81,90.0,87.0,84.0,81.0,3.0,2.96,0.166,616.63,74.83,26.05,612.63,-399.37,-1411.37,7500.0,883.35,109.43,hold,expired,2009-11-20,16.38,125.3,109.43,
2009-08-07,2009-11-20,105,101.2,24.76,0.2125,91/88/85/81,90.0,87.0,84.0,81.0,3.0,2.96,0.166,616.63,74.83,26.05,612.63,-399.37,-1411.37,7500.0,883.35,109.43,stop_touch,expired,2009-11-20,16.38,125.3,109.43,
2009-08-07,2009-11-20,105,101.2,24.76,0.2125,91/88/85/81,90.0,87.0,84.0,81.0,3.0,2.96,0.166,616.63,74.83,26.05,612.63,-399.37,-1411.37,7500.0,883.35,109.43,stop_close,expired,2009-11-20,16.38,125.3,109.43,
2009-08-14,2009-11-20,98,100.79,24.27,0.2095,91/88/85/82,91.0,88.0,85.0,82.0,3.0,2.98,0.118,611.82,75.88,24.71,475.02,-532.88,-1540.78,7600.0,897.23,109.43,hold,expired,2009-11-20,11.57,88.83,109.43,
2009-08-14,2009-11-20,98,100.79,24.27,0.2095,91/88/85/82,91.0,88.0,85.0,82.0,3.0,2.98,0.118,611.82,75.88,24.71,475.02,-532.88,-1540.78,7600.0,897.23,109.43,stop_touch,expired,2009-11-20,11.57,88.83,109.43,
2009-08-14,2009-11-20,98,100.79,24.27,0.2095,91/88/85/82,91.0,88.0,85.0,82.0,3.0,2.98,0.118,611.82,75.88,24.71,475.02,-532.88,-1540.78,7600.0,897.23,109.43,stop_close,expired,2009-11-20,11.57,88.83,109.43,
2009-08-21,2009-11-20,91,102.97,25.01,0.214,93/90/87/84,93.0,90.0,87.0,84.0,3.0,2.91,0.128,612.78,77.87,24.37,450.38,-579.32,-1609.02,7800.0,916.31,109.43,hold,expired,2009-11-20,12.53,94.15,109.43,
2009-08-21,2009-11-20,91,102.97,25.01,0.214,93/90/87/84,93.0,90.0,87.0,84.0,3.0,2.91,0.128,612.78,77.87,24.37,450.38,-579.32,-1609.02,7800.0,916.31,109.43,stop_touch,expired,2009-11-20,12.53,94.15,109.43,
2009-08-21,2009-11-20,91,102.97,25.01,0.214,93/90/87/84,93.0,90.0,87.0,84.0,3.0,2.91,0.128,612.78,77.87,24.37,450.38,-579.32,-1609.02,7800.0,916.31,109.43,stop_close,expired,2009-11-20,12.53,94.15,109.43,
2009-08-28,2009-11-20,84,103.38,24.76,0.2125,94/91/88/85,94.0,91.0,88.0,85.0,3.0,2.9,0.085,608.55,78.91,23.67,378.95,-654.85,-1688.65,7900.0,926.22,109.43,hold,expired,2009-11-20,8.3,62.11,109.43,
2009-08-28,2009-11-20,84,103.38,24.76,0.2125,94/91/88/85,94.0,91.0,88.0,85.0,3.0,2.9,0.085,608.55,78.91,23.67,378.95,-654.85,-1688.65,7900.0,926.22,109.43,stop_touch,expired,2009-11-20,8.3,62.11,109.43,
2009-08-28,2009-11-20,84,103.38,24.76,0.2125,94/91/88/85,94.0,91.0,88.0,85.0,3.0,2.9,0.085,608.55,78.91,23.67,378.95,-654.85,-1688.65,7900.0,926.22,109.43,stop_close,expired,2009-11-20,8.3,62.11,109.43,
2009-09-04,2009-11-20,77,102.06,25.26,0.2155,93/90/87/84,93.0,90.0,87.0,84.0,3.0,2.94,0.041,604.15,77.96,23.62,368.95,-651.65,-1672.25,7800.0,914.54,109.43,hold,expired,2009-11-20,3.9,29.56,109.43,
2009-09-04,2009-11-20,77,102.06,25.26,0.2155,93/90/87/84,93.0,90.0,87.0,84.0,3.0,2.94,0.041,604.15,77.96,23.62,368.95,-651.65,-1672.25,7800.0,914.54,109.43,stop_touch,expired,2009-11-20,3.9,29.56,109.43,
2009-09-04,2009-11-20,77,102.06,25.26,0.2155,93/90/87/84,93.0,90.0,87.0,84.0,3.0,2.94,0.041,604.15,77.96,23.62,368.95,-651.65,-1672.25,7800.0,914.54,109.43,stop_close,expired,2009-11-20,3.9,29.56,109.43,
2009-09-11,2009-12-18,98,104.77,24.15,0.2088,95/92/88/85,94.0,91.0,88.0,85.0,3.0,2.86,0.16,616.02,78.84,24.75,497.62,-550.08,-1597.78,7900.0,924.21,110.21,hold,expired,2009-12-18,15.77,116.53,110.21,
2009-09-11,2009-12-18,98,104.77,24.15,0.2088,95/92/88/85,94.0,91.0,88.0,85.0,3.0,2.86,0.16,616.02,78.84,24.75,497.62,-550.08,-1597.78,7900.0,924.21,110.21,stop_touch,expired,2009-12-18,15.77,116.53,110.21,
2009-09-11,2009-12-18,98,104.77,24.15,0.2088,95/92/88/85,94.0,91.0,88.0,85.0,3.0,2.86,0.16,616.02,78.84,24.75,497.62,-550.08,-1597.78,7900.0,924.21,110.21,stop_close,expired,2009-12-18,15.77,116.53,110.21,
2009-09-18,2009-12-18,91,106.72,23.92,0.2074,97/94/91/87,96.0,93.0,90.0,87.0,3.0,2.81,0.137,613.7,80.86,24.23,451.3,-615.9,-1683.1,8100.0,942.19,110.21,hold,expired,2009-12-18,13.45,97.57,110.21,
2009-09-18,2009-12-18,91,106.72,23.92,0.2074,97/94/91/87,96.0,93.0,90.0,87.0,3.0,2.81,0.137,613.7,80.86,24.23,451.3,-615.9,-1683.1,8100.0,942.19,110.21,stop_touch,expired,2009-12-18,13.45,97.57,110.21,
2009-09-18,2009-12-18,91,106.72,23.92,0.2074,97/94/91/87,96.0,93.0,90.0,87.0,3.0,2.81,0.137,613.7,80.86,24.23,451.3,-615.9,-1683.1,8100.0,942.19,110.21,stop_close,expired,2009-12-18,13.45,97.57,110.21,
2009-09-25,2009-12-18,84,104.45,25.61,0.2175,95/92/89/85,94.0,91.0,88.0,85.0,3.0,2.87,0.118,611.81,78.88,24.48,467.81,-576.69,-1621.19,7900.0,922.38,110.21,hold,expired,2009-12-18,11.56,85.62,110.21,
2009-09-25,2009-12-18,84,104.45,25.61,0.2175,95/92/89/85,94.0,91.0,88.0,85.0,3.0,2.87,0.118,611.81,78.88,24.48,467.81,-576.69,-1621.19,7900.0,922.38,110.21,stop_touch,expired,2009-12-18,11.56,85.62,110.21,
2009-09-25,2009-12-18,84,104.45,25.61,0.2175,95/92/89/85,94.0,91.0,88.0,85.0,3.0,2.87,0.118,611.81,78.88,24.48,467.81,-576.69,-1621.19,7900.0,922.38,110.21,stop_close,expired,2009-12-18,11.56,85.62,110.21,
2009-10-02,2009-12-18,77,102.49,28.68,0.2359,93/90/86/83,92.0,89.0,86.0,83.0,3.0,2.93,0.132,613.17,76.87,25.0,512.37,-512.53,-1537.43,7700.0,903.46,110.21,hold,expired,2009-12-18,12.92,97.58,110.21,
2009-10-02,2009-12-18,77,102.49,28.68,0.2359,93/90/86/83,92.0,89.0,86.0,83.0,3.0,2.93,0.132,613.17,76.87,25.0,512.37,-512.53,-1537.43,7700.0,903.46,110.21,stop_touch,expired,2009-12-18,12.92,97.58,110.21,
2009-10-02,2009-12-18,77,102.49,28.68,0.2359,93/90/86/83,92.0,89.0,86.0,83.0,3.0,2.93,0.132,613.17,76.87,25.0,512.37,-512.53,-1537.43,7700.0,903.46,110.21,stop_close,expired,2009-12-18,12.92,97.58,110.21,
2009-10-09,2010-01-15,98,107.26,23.12,0.2027,97/94/91/88,97.0,94.0,91.0,88.0,3.0,2.8,0.164,616.39,81.84,23.7,397.19,-675.41,-1748.01,8200.0,956.76,113.64,hold,expired,2010-01-15,16.14,116.46,113.64,
2009-10-09,2010-01-15,98,107.26,23.12,0.2027,97/94/91/88,97.0,94.0,91.0,88.0,3.0,2.8,0.164,616.39,81.84,23.7,397.19,-675.41,-1748.01,8200.0,956.76,113.64,stop_touch,expired,2010-01-15,16.14,116.46,113.64,
2009-10-09,2010-01-15,98,107.26,23.12,0.2027,97/94/91/88,97.0,94.0,91.0,88.0,3.0,2.8,0.164,616.39,81.84,23.7,397.19,-675.41,-1748.01,8200.0,956.76,113.64,stop_close,expired,2010-01-15,16.14,116.46,113.64,
2009-10-16,2010-01-15,91,108.89,21.43,0.1926,100/96/93/90,99.0,96.0,93.0,90.0,3.0,2.76,0.09,609.04,83.91,22.94,320.24,-768.66,-1857.56,8400.0,972.72,113.64,hold,expired,2010-01-15,8.79,62.46,113.64,
2009-10-16,2010-01-15,91,108.89,21.43,0.1926,100/96/93/90,99.0,96.0,93.0,90.0,3.0,2.76,0.09,609.04,83.91,22.94,320.24,-768.66,-1857.56,8400.0,972.72,113.64,stop_touch,expired,2010-01-15,8.79,62.46,113.64,
2009-10-16,2010-01-15,91,108.89,21.43,0.1926,100/96/93/90,99.0,96.0,93.0,90.0,3.0,2.76,0.09,609.04,83.91,22.94,320.24,-768.66,-1857.56,8400.0,972.72,113.64,stop_close,expired,2010-01-15,8.79,62.46,113.64,
2009-10-23,2010-01-15,84,108.08,22.27,0.1976,99/96/93/90,99.0,96.0,93.0,90.0,3.0,2.78,0.068,606.8,83.93,22.34,253.2,-827.6,-1908.4,8400.0,975.86,113.64,hold,expired,2010-01-15,6.55,46.92,113.64,
2009-10-23,2010-01-15,84,108.08,22.27,0.1976,99/96/93/90,99.0,96.0,93.0,90.0,3.0,2.78,0.068,606.8,83.93,22.34,253.2,-827.6,-1908.4,8400.0,975.86,113.64,stop_touch,expired,2010-01-15,6.55,46.92,113.64,
2009-10-23,2010-01-15,84,108.08,22.27,0.1976,99/96/93/90,99.0,96.0,93.0,90.0,3.0,2.78,0.068,606.8,83.93,22.34,253.2,-827.6,-1908.4,8400.0,975.86,113.64,stop_close,expired,2010-01-15,6.55,46.92,113.64,
2009-11-20,2010-02-19,91,109.43,22.19,0.1971,100/97/94/90,99.0,96.0,93.0,90.0,3.0,2.74,0.118,611.77,83.88,23.35,366.17,-728.13,-1822.43,8400.0,971.77,111.14,hold,expired,2010-02-19,11.52,81.51,111.14,
2009-11-20,2010-02-19,91,109.43,22.19,0.1971,100/97/94/90,99.0,96.0,93.0,90.0,3.0,2.74,0.118,611.77,83.88,23.35,366.17,-728.13,-1822.43,8400.0,971.77,111.14,stop_touch,expired,2010-02-19,11.52,81.51,111.14,
2009-11-20,2010-02-19,91,109.43,22.19,0.1971,100/97/94/90,99.0,96.0,93.0,90.0,3.0,2.74,0.118,611.77,83.88,23.35,366.17,-728.13,-1822.43,8400.0,971.77,111.14,stop_close,expired,2010-02-19,11.52,81.51,111.14,
2009-11-27,2010-02-19,84,109.57,24.85,0.213,100/96/93/90,99.0,96.0,93.0,90.0,3.0,2.74,0.158,615.82,83.84,23.48,381.42,-714.28,-1809.98,8400.0,973.91,111.14,hold,expired,2010-02-19,15.57,109.96,111.14,
2009-11-27,2010-02-19,84,109.57,24.85,0.213,100/96/93/90,99.0,96.0,93.0,90.0,3.0,2.74,0.158,615.82,83.84,23.48,381.42,-714.28,-1809.98,8400.0,973.91,111.14,stop_touch,expired,2010-02-19,15.57,109.96,111.14,
2009-11-27,2010-02-19,84,109.57,24.85,0.213,100/96/93/90,99.0,96.0,93.0,90.0,3.0,2.74,0.158,615.82,83.84,23.48,381.42,-714.28,-1809.98,8400.0,973.91,111.14,stop_close,expired,2010-02-19,15.57,109.96,111.14,
2009-12-04,2010-02-19,77,111.01,21.25,0.1915,102/99/96/93,102.0,99.0,96.0,93.0,3.0,2.7,0.029,602.87,86.97,21.65,183.67,-926.43,-2036.53,8700.0,1002.15,111.14,hold,expired,2010-02-19,2.62,18.29,111.14,
2009-12-04,2010-02-19,77,111.01,21.25,0.1915,102/99/96/93,102.0,99.0,96.0,93.0,3.0,2.7,0.029,602.87,86.97,21.65,183.67,-926.43,-2036.53,8700.0,1002.15,111.14,stop_touch,expired,2010-02-19,2.62,18.29,111.14,
2009-12-04,2010-02-19,77,111.01,21.25,0.1915,102/99/96/93,102.0,99.0,96.0,93.0,3.0,2.7,0.029,602.87,86.97,21.65,183.67,-926.43,-2036.53,8700.0,1002.15,111.14,stop_close,expired,2010-02-19,2.62,18.29,111.14,
2009-12-11,2010-03-19,98,111.11,21.59,0.1935,101/98/95/91,100.0,97.0,94.0,91.0,3.0,2.7,0.153,615.34,84.85,23.64,404.14,-706.96,-1818.06,8500.0,980.86,115.97,hold,expired,2010-03-19,15.09,105.1,115.97,
2009-12-11,2010-03-19,98,111.11,21.59,0.1935,101/98/95/91,100.0,97.0,94.0,91.0,3.0,2.7,0.153,615.34,84.85,23.64,404.14,-706.96,-1818.06,8500.0,980.86,115.97,stop_touch,expired,2010-03-19,15.09,105.1,115.97,
2009-12-11,2010-03-19,98,111.11,21.59,0.1935,101/98/95/91,100.0,97.0,94.0,91.0,3.0,2.7,0.153,615.34,84.85,23.64,404.14,-706.96,-1818.06,8500.0,980.86,115.97,stop_close,expired,2010-03-19,15.09,105.1,115.97,
2009-12-18,2010-03-19,91,110.21,21.68,0.194,101/98/94/91,100.0,97.0,94.0,91.0,3.0,2.72,0.112,611.18,84.89,22.98,327.98,-774.12,-1876.22,8500.0,982.4,115.97,hold,expired,2010-03-19,10.93,76.75,115.97,
2009-12-18,2010-03-19,91,110.21,21.68,0.194,101/98/94/91,100.0,97.0,94.0,91.0,3.0,2.72,0.112,611.18,84.89,22.98,327.98,-774.12,-1876.22,8500.0,982.4,115.97,stop_touch,expired,2010-03-19,10.93,76.75,115.97,
2009-12-18,2010-03-19,91,110.21,21.68,0.194,101/98/94/91,100.0,97.0,94.0,91.0,3.0,2.72,0.112,611.18,84.89,22.98,327.98,-774.12,-1876.22,8500.0,982.4,115.97,stop_close,expired,2010-03-19,10.93,76.75,115.97,
2009-12-24,2010-03-19,85,112.48,19.47,0.1808,104/101/98/95,104.0,101.0,98.0,95.0,3.0,2.67,0.035,603.47,88.97,20.91,101.87,-1022.93,-2147.73,8900.0,1026.5,115.97,hold,expired,2010-03-19,3.22,22.13,115.97,
2009-12-24,2010-03-19,85,112.48,19.47,0.1808,104/101/98/95,104.0,101.0,98.0,95.0,3.0,2.67,0.035,603.47,88.97,20.91,101.87,-1022.93,-2147.73,8900.0,1026.5,115.97,stop_touch,expired,2010-03-19,3.22,22.13,115.97,
2009-12-24,2010-03-19,85,112.48,19.47,0.1808,104/101/98/95,104.0,101.0,98.0,95.0,3.0,2.67,0.035,603.47,88.97,20.91,101.87,-1022.93,-2147.73,8900.0,1026.5,115.97,stop_close,expired,2010-03-19,3.22,22.13,115.97,
2009-12-31,2010-03-19,78,111.44,21.68,0.194,103/99/96/94,103.0,100.0,97.0,94.0,3.0,2.69,0.05,604.95,87.95,21.08,120.15,-994.25,-2108.65,8800.0,1017.99,115.97,hold,expired,2010-03-19,4.7,32.67,115.97,
2009-12-31,2010-03-19,78,111.44,21.68,0.194,103/99/96/94,103.0,100.0,97.0,94.0,3.0,2.69,0.05,604.95,87.95,21.08,120.15,-994.25,-2108.65,8800.0,1017.99,115.97,stop_touch,expired,2010-03-19,4.7,32.67,115.97,
2009-12-31,2010-03-19,78,111.44,21.68,0.194,103/99/96/94,103.0,100.0,97.0,94.0,3.0,2.69,0.05,604.95,87.95,21.08,120.15,-994.25,-2108.65,8800.0,1017.99,115.97,stop_close,expired,2010-03-19,4.7,32.67,115.97,
2010-01-08,2010-04-16,98,114.57,18.13,0.1728,105/102/99/96,105.0,102.0,99.0,96.0,3.0,2.62,0.083,608.3,89.92,21.52,173.9,-971.8,-2117.5,9000.0,1033.43,119.36,hold,expired,2010-04-16,8.05,54.36,119.36,
2010-01-08,2010-04-16,98,114.57,18.13,0.1728,105/102/99/96,105.0,102.0,99.0,96.0,3.0,2.62,0.083,608.3,89.92,21.52,173.9,-971.8,-2117.5,9000.0,1033.43,119.36,stop_touch,expired,2010-04-16,8.05,54.36,119.36,
2010-01-08,2010-04-16,98,114.57,18.13,0.1728,105/102/99/96,105.0,102.0,99.0,96.0,3.0,2.62,0.083,608.3,89.92,21.52,173.9,-971.8,-2117.5,9000.0,1033.43,119.36,stop_close,expired,2010-04-16,8.05,54.36,119.36,
2010-01-15,2010-04-16,91,113.64,17.91,0.1715,105/102/99/96,105.0,102.0,99.0,96.0,3.0,2.64,0.03,602.99,89.97,20.83,94.19,-1042.21,-2178.61,9000.0,1034.98,119.36,hold,expired,2010-04-16,2.74,18.65,119.36,
2010-01-15,2010-04-16,91,113.64,17.91,0.1715,105/102/99/96,105.0,102.0,99.0,96.0,3.0,2.64,0.03,602.99,89.97,20.83,94.19,-1042.21,-2178.61,9000.0,1034.98,119.36,stop_touch,expired,2010-04-16,2.74,18.65,119.36,
2010-01-15,2010-04-16,91,113.64,17.91,0.1715,105/102/99/96,105.0,102.0,99.0,96.0,3.0,2.64,0.03,602.99,89.97,20.83,94.19,-1042.21,-2178.61,9000.0,1034.98,119.36,stop_close,expired,2010-04-16,2.74,18.65,119.36,
2010-01-22,2010-04-16,84,109.21,27.31,0.2277,99/95/92/89,98.0,95.0,92.0,89.0,3.0,2.75,0.227,622.67,82.77,24.21,459.47,-632.63,-1724.73,8300.0,965.54,119.36,hold,expired,2010-04-16,22.42,158.9,119.36,
2010-01-22,2010-04-16,84,109.21,27.31,0.2277,99/95/92/89,98.0,95.0,92.0,89.0,3.0,2.75,0.227,622.67,82.77,24.21,459.47,-632.63,-1724.73,8300.0,965.54,119.36,stop_touch,expired,2010-04-16,22.42,158.9,119.36,
2010-01-22,2010-04-16,84,109.21,27.31,0.2277,99/95/92/89,98.0,95.0,92.0,89.0,3.0,2.75,0.227,622.67,82.77,24.21,459.47,-632.63,-1724.73,8300.0,965.54,119.36,stop_close,expired,2010-04-16,22.42,158.9,119.36,
2010-01-29,2010-04-16,77,107.39,24.62,0.2116,98/95/92/89,98.0,95.0,92.0,89.0,3.0,2.79,0.084,608.43,82.92,22.79,299.63,-774.27,-1848.17,8300.0,965.14,119.36,hold,expired,2010-04-16,8.18,58.96,119.36,
2010-01-29,2010-04-16,77,107.39,24.62,0.2116,98/95/92/89,98.0,95.0,92.0,89.0,3.0,2.79,0.084,608.43,82.92,22.79,299.63,-774.27,-1848.17,8300.0,965.14,119.36,stop_touch,expired,2010-04-16,8.18,58.96,119.36,
2010-01-29,2010-04-16,77,107.39,24.62,0.2116,98/95/92/89,98.0,95.0,92.0,89.0,3.0,2.79,0.084,608.43,82.92,22.79,299.63,-774.27,-1848.17,8300.0,965.14,119.36,stop_close,expired,2010-04-16,8.18,58.96,119.36,
2010-02-12,2010-05-21,98,108.04,22.73,0.2003,98/95/92/88,97.0,94.0,91.0,88.0,3.0,2.78,0.154,615.41,81.85,24.24,458.61,-621.79,-1702.19,8200.0,951.79,109.11,hold,expired,2010-05-21,15.16,108.6,109.11,
2010-02-12,2010-05-21,98,108.04,22.73,0.2003,98/95/92/88,97.0,94.0,91.0,88.0,3.0,2.78,0.154,615.41,81.85,24.24,458.61,-621.79,-1702.19,8200.0,951.79,109.11,stop_touch,expired,2010-05-21,15.16,108.6,109.11,
2010-02-12,2010-05-21,98,108.04,22.73,0.2003,98/95/92/88,97.0,94.0,91.0,88.0,3.0,2.78,0.154,615.41,81.85,24.24,458.61,-621.79,-1702.19,8200.0,951.79,109.11,stop_close,expired,2010-05-21,15.16,108.6,109.11,
2010-02-19,2010-05-21,91,111.14,20.02,0.1841,102/99/96/93,102.0,99.0,96.0,93.0,3.0,2.7,0.072,607.22,86.93,21.79,198.42,-912.98,-2024.38,8700.0,1005.57,109.11,hold,expired,2010-05-21,6.97,48.52,109.11,
2010-02-19,2010-05-21,91,111.14,20.02,0.1841,102/99/96/93,102.0,99.0,96.0,93.0,3.0,2.7,0.072,607.22,86.93,21.79,198.42,-912.98,-2024.38,8700.0,1005.57,109.11,stop_touch,expired,2010-05-21,6.97,48.52,109.11,
2010-02-19,2010-05-21,91,111.14,20.02,0.1841,102/99/96/93,102.0,99.0,96.0,93.0,3.0,2.7,0.072,607.22,86.93,21.79,198.42,-912.98,-2024.38,8700.0,1005.57,109.11,stop_close,expired,2010-05-21,6.97,48.52,109.11,
2010-02-26,2010-05-21,84,110.74,19.5,0.181,102/99/96/93,102.0,99.0,96.0,93.0,3.0,2.71,0.015,601.47,86.99,21.45,160.67,-946.73,-2054.13,8700.0,1003.02,109.11,hold,expired,2010-05-21,1.22,8.51,109.11,
2010-02-26,2010-05-21,84,110.74,19.5,0.181,102/99/96/93,102.0,99.0,96.0,93.0,3.0,2.71,0.015,601.47,86.99,21.45,160.67,-946.73,-2054.13,8700.0,1003.02,109.11,stop_touch,expired,2010-05-21,1.22,8.51,109.11,
2010-02-26,2010-05-21,84,110.74,19.5,0.181,102/99/96/93,102.0,99.0,96.0,93.0,3.0,2.71,0.015,601.47,86.99,21.45,160.67,-946.73,-2054.13,8700.0,1003.02,109.11,stop_close,expired,2010-05-21,1.22,8.51,109.11,
2010-03-12,2010-06-18,98,115.46,17.58,0.1695,106/103/100/97,106.0,103.0,100.0,97.0,3.0,2.6,0.074,607.35,90.93,21.25,144.15,-1010.45,-2165.05,9100.0,1043.21,111.73,hold,expired,2010-06-18,7.1,47.62,111.73,
2010-03-12,2010-06-18,98,115.46,17.58,0.1695,106/103/100/97,106.0,103.0,100.0,97.0,3.0,2.6,0.074,607.35,90.93,21.25,144.15,-1010.45,-2165.05,9100.0,1043.21,111.73,stop_touch,expired,2010-06-18,7.1,47.62,111.73,
2010-03-12,2010-06-18,98,115.46,17.58,0.1695,106/103/100/97,106.0,103.0,100.0,97.0,3.0,2.6,0.074,607.35,90.93,21.25,144.15,-1010.45,-2165.05,9100.0,1043.21,111.73,stop_close,expired,2010-06-18,7.1,47.62,111.73,
2010-03-19,2010-06-18,91,115.97,16.97,0.1659,107/104/101/98,107.0,104.0,101.0,98.0,3.0,2.59,0.024,602.38,91.98,20.69,79.98,-1079.72,-2239.42,9200.0,1051.75,111.73,hold,expired,2010-06-18,2.13,14.2,111.73,
2010-03-19,2010-06-18,91,115.97,16.97,0.1659,107/104/101/98,107.0,104.0,101.0,98.0,3.0,2.59,0.024,602.38,91.98,20.69,79.98,-1079.72,-2239.42,9200.0,1051.75,111.73,stop_touch,expired,2010-06-18,2.13,14.2,111.73,
2010-03-19,2010-06-18,91,115.97,16.97,0.1659,107/104/101/98,107.0,104.0,101.0,98.0,3.0,2.59,0.024,602.38,91.98,20.69,79.98,-1079.72,-2239.42,9200.0,1051.75,111.73,stop_close,expired,2010-06-18,2.13,14.2,111.73,
2010-03-26,2010-06-18,84,116.58,17.77,0.1707,108/105/102/99,108.0,105.0,102.0,99.0,3.0,2.57,0.017,601.69,92.98,20.24,28.09,-1137.71,-2303.51,9300.0,1063.57,111.73,hold,expired,2010-06-18,1.44,9.55,111.73,
2010-03-26,2010-06-18,84,116.58,17.77,0.1707,108/105/102/99,108.0,105.0,102.0,99.0,3.0,2.57,0.017,601.69,92.98,20.24,28.09,-1137.71,-2303.51,9300.0,1063.57,111.73,stop_touch,expired,2010-06-18,1.44,9.55,111.73,
2010-03-26,2010-06-18,84,116.58,17.77,0.1707,108/105/102/99,108.0,105.0,102.0,99.0,3.0,2.57,0.017,601.69,92.98,20.24,28.09,-1137.71,-2303.51,9300.0,1063.57,111.73,stop_close,expired,2010-06-18,1.44,9.55,111.73,
2010-04-09,2010-07-16,98,119.55,16.14,0.1609,110/107/104/101,110.0,107.0,104.0,101.0,3.0,2.51,0.064,606.42,94.94,20.59,70.42,-1125.08,-2320.58,9500.0,1081.32,106.66,hold,expired,2010-07-16,306.17,1982.05,106.66,
2010-04-09,2010-07-16,98,119.55,16.14,0.1609,110/107/104/101,110.0,107.0,104.0,101.0,3.0,2.51,0.064,606.42,94.94,20.59,70.42,-1125.08,-2320.58,9500.0,1081.32,106.66,stop_touch,expired,2010-07-16,306.17,1982.05,106.66,
2010-04-09,2010-07-16,98,119.55,16.14,0.1609,110/107/104/101,110.0,107.0,104.0,101.0,3.0,2.51,0.064,606.42,94.94,20.59,70.42,-1125.08,-2320.58,9500.0,1081.32,106.66,stop_close,expired,2010-07-16,306.17,1982.05,106.66,
2010-04-16,2010-07-16,91,119.36,18.36,0.1742,110/107/104/101,110.0,107.0,104.0,101.0,3.0,2.51,0.103,610.32,94.9,20.5,59.12,-1134.48,-2328.08,9500.0,1085.53,106.66,hold,expired,2010-07-16,310.07,2010.51,106.66,
2010-04-16,2010-07-16,91,119.36,18.36,0.1742,110/107/104/101,110.0,107.0,104.0,101.0,3.0,2.51,0.103,610.32,94.9,20.5,59.12,-1134.48,-2328.08,9500.0,1085.53,106.66,stop_touch,expired,2010-07-16,310.07,2010.51,106.66,
2010-04-16,2010-07-16,91,119.36,18.36,0.1742,110/107/104/101,110.0,107.0,104.0,101.0,3.0,2.51,0.103,610.32,94.9,20.5,59.12,-1134.48,-2328.08,9500.0,1085.53,106.66,stop_close,expired,2010-07-16,310.07,2010.51,106.66,
2010-04-23,2010-07-16,84,121.81,16.62,0.1638,113/110/107/104,113.0,110.0,107.0,104.0,3.0,2.46,0.028,602.81,97.97,19.57,-52.39,-1270.49,-2488.59,9800.0,1112.32,106.66,hold,expired,2010-07-16,336.56,2138.39,106.66,
2010-04-23,2010-07-16,84,121.81,16.62,0.1638,113/110/107/104,113.0,110.0,107.0,104.0,3.0,2.46,0.028,602.81,97.97,19.57,-52.39,-1270.49,-2488.59,9800.0,1112.32,106.66,stop_touch,expired,2010-07-16,336.56,2138.39,106.66,
2010-04-23,2010-07-16,84,121.81,16.62,0.1638,113/110/107/104,113.0,110.0,107.0,104.0,3.0,2.46,0.028,602.81,97.97,19.57,-52.39,-1270.49,-2488.59,9800.0,1112.32,106.66,stop_close,expired,2010-07-16,336.56,2138.39,106.66,
2010-04-30,2010-07-16,77,118.81,22.05,0.1963,109/106/103/100,109.0,106.0,103.0,100.0,3.0,2.53,0.132,613.23,93.87,20.99,118.03,-1070.07,-2258.17,9400.0,1074.65,106.66,hold,expired,2010-07-16,246.98,1608.82,106.66,
2010-04-30,2010-07-16,77,118.81,22.05,0.1963,109/106/103/100,109.0,106.0,103.0,100.0,3.0,2.53,0.132,613.23,93.87,20.99,118.03,-1070.07,-2258.17,9400.0,1074.65,106.66,stop_touch,expired,2010-07-16,246.98,1608.82,106.66,
2010-04-30,2010-07-16,77,118.81,22.05,0.1963,109/106/103/100,109.0,106.0,103.0,100.0,3.0,2.53,0.132,613.23,93.87,20.99,118.03,-1070.07,-2258.17,9400.0,1074.65,106.66,stop_close,expired,2010-07-16,246.98,1608.82,106.66,
2010-05-21,2010-08-20,91,109.11,40.1,0.3042,96/91/87/83,95.0,91.0,87.0,83.0,4.0,3.67,0.136,813.61,74.86,31.39,413.61,151.31,-939.79,7500.0,953.01,107.53,hold,expired,2010-08-20,13.36,94.79,107.53,
2010-05-21,2010-08-20,91,109.11,40.1,0.3042,96/91/87/83,95.0,91.0,87.0,83.0,4.0,3.67,0.136,813.61,74.86,31.39,413.61,151.31,-939.79,7500.0,953.01,107.53,stop_touch,expired,2010-08-20,13.36,94.79,107.53,
2010-05-21,2010-08-20,91,109.11,40.1,0.3042,96/91/87/83,95.0,91.0,87.0,83.0,4.0,3.67,0.136,813.61,74.86,31.39,413.61,151.31,-939.79,7500.0,953.01,107.53,stop_close,expired,2010-08-20,13.36,94.79,107.53,
2010-06-11,2010-09-17,98,109.68,28.79,0.2366,98/94/91/87,99.0,95.0,91.0,87.0,4.0,3.65,0.013,801.27,78.99,27.98,726.87,-221.13,-1317.93,7900.0,976.83,112.49,hold,expired,2010-09-17,1.02,7.19,112.49,
2010-06-11,2010-09-17,98,109.68,28.79,0.2366,98/94/91/87,99.0,95.0,91.0,87.0,4.0,3.65,0.013,801.27,78.99,27.98,726.87,-221.13,-1317.93,7900.0,976.83,112.49,stop_touch,expired,2010-09-17,1.02,7.19,112.49,
2010-06-11,2010-09-17,98,109.68,28.79,0.2366,98/94/91/87,99.0,95.0,91.0,87.0,4.0,3.65,0.013,801.27,78.99,27.98,726.87,-221.13,-1317.93,7900.0,976.83,112.49,stop_close,expired,2010-09-17,1.02,7.19,112.49,
2010-06-25,2010-09-17,84,107.87,28.53,0.235,97/94/90/87,96.0,93.0,90.0,87.0,3.0,2.78,0.238,623.8,80.76,25.13,553.4,-525.3,-1604.0,8100.0,943.48,112.49,hold,expired,2010-09-17,23.55,169.0,112.49,
2010-06-25,2010-09-17,84,107.87,28.53,0.235,97/94/90/87,96.0,93.0,90.0,87.0,3.0,2.78,0.238,623.8,80.76,25.13,553.4,-525.3,-1604.0,8100.0,943.48,112.49,stop_touch,expired,2010-09-17,23.55,169.0,112.49,
2010-06-25,2010-09-17,84,107.87,28.53,0.235,97/94/90/87,96.0,93.0,90.0,87.0,3.0,2.78,0.238,623.8,80.76,25.13,553.4,-525.3,-1604.0,8100.0,943.48,112.49,stop_close,expired,2010-09-17,23.55,169.0,112.49,
2010-07-02,2010-09-17,77,102.2,30.12,0.2445,92/89/86/83,92.0,89.0,86.0,83.0,3.0,2.94,0.021,602.1,76.98,24.68,478.1,-543.9,-1565.9,7700.0,923.05,112.49,hold,expired,2010-09-17,1.85,14.03,112.49,
2010-07-02,2010-09-17,77,102.2,30.12,0.2445,92/89/86/83,92.0,89.0,86.0,83.0,3.0,2.94,0.021,602.1,76.98,24.68,478.1,-543.9,-1565.9,7700.0,923.05,112.49,stop_touch,expired,2010-09-17,1.85,14.03,112.49,
2010-07-02,2010-09-17,77,102.2,30.12,0.2445,92/89/86/83,92.0,89.0,86.0,83.0,3.0,2.94,0.021,602.1,76.98,24.68,478.1,-543.9,-1565.9,7700.0,923.05,112.49,stop_close,expired,2010-09-17,1.85,14.03,112.49,
2010-07-23,2010-10-15,84,110.41,23.47,0.2048,101/98/94/91,100.0,97.0,94.0,91.0,3.0,2.72,0.127,612.65,84.87,23.13,345.45,-758.65,-1862.75,8500.0,982.25,117.7,hold,expired,2010-10-15,12.4,86.95,117.7,
2010-07-23,2010-10-15,84,110.41,23.47,0.2048,101/98/94/91,100.0,97.0,94.0,91.0,3.0,2.72,0.127,612.65,84.87,23.13,345.45,-758.65,-1862.75,8500.0,982.25,117.7,stop_touch,expired,2010-10-15,12.4,86.95,117.7,
2010-07-23,2010-10-15,84,110.41,23.47,0.2048,101/98/94/91,100.0,97.0,94.0,91.0,3.0,2.72,0.127,612.65,84.87,23.13,345.45,-758.65,-1862.75,8500.0,982.25,117.7,stop_close,expired,2010-10-15,12.4,86.95,117.7,
2010-07-30,2010-10-15,77,110.27,23.5,0.2049,101/98/95/92,101.0,98.0,95.0,92.0,3.0,2.72,0.085,608.47,85.92,22.09,230.07,-872.63,-1975.33,8600.0,995.46,117.7,hold,expired,2010-10-15,8.22,57.71,117.7,
2010-07-30,2010-10-15,77,110.27,23.5,0.2049,101/98/95/92,101.0,98.0,95.0,92.0,3.0,2.72,0.085,608.47,85.92,22.09,230.07,-872.63,-1975.33,8600.0,995.46,117.7,stop_touch,expired,2010-10-15,8.22,57.71,117.7,
2010-07-30,2010-10-15,77,110.27,23.5,0.2049,101/98/95/92,101.0,98.0,95.0,92.0,3.0,2.72,0.085,608.47,85.92,22.09,230.07,-872.63,-1975.33,8600.0,995.46,117.7,stop_close,expired,2010-10-15,8.22,57.71,117.7,
2010-08-06,2010-11-19,105,112.39,21.74,0.1944,102/99/95/92,101.0,98.0,95.0,92.0,3.0,2.67,0.213,621.31,85.79,23.67,412.51,-711.39,-1835.29,8600.0,993.73,120.29,hold,expired,2010-11-19,21.06,145.01,120.29,
2010-08-06,2010-11-19,105,112.39,21.74,0.1944,102/99/95/92,101.0,98.0,95.0,92.0,3.0,2.67,0.213,621.31,85.79,23.67,412.51,-711.39,-1835.29,8600.0,993.73,120.29,stop_touch,expired,2010-11-19,21.06,145.01,120.29,
2010-08-06,2010-11-19,105,112.39,21.74,0.1944,102/99/95/92,101.0,98.0,95.0,92.0,3.0,2.67,0.213,621.31,85.79,23.67,412.51,-711.39,-1835.29,8600.0,993.73,120.29,stop_close,expired,2010-11-19,21.06,145.01,120.29,
2010-08-20,2010-11-19,91,107.53,25.49,0.2168,97/94/91/87,96.0,93.0,90.0,87.0,3.0,2.79,0.189,618.93,80.81,24.85,521.33,-553.97,-1629.27,8100.0,941.91,120.29,hold,expired,2010-11-19,18.68,134.43,120.29,
2010-08-20,2010-11-19,91,107.53,25.49,0.2168,97/94/91/87,96.0,93.0,90.0,87.0,3.0,2.79,0.189,618.93,80.81,24.85,521.33,-553.97,-1629.27,8100.0,941.91,120.29,stop_touch,expired,2010-11-19,18.68,134.43,120.29,
2010-08-20,2010-11-19,91,107.53,25.49,0.2168,97/94/91/87,96.0,93.0,90.0,87.0,3.0,2.79,0.189,618.93,80.81,24.85,521.33,-553.97,-1629.27,8100.0,941.91,120.29,stop_close,expired,2010-11-19,18.68,134.43,120.29,
2010-08-27,2010-11-19,84,106.86,24.45,0.2106,97/94/91/88,97.0,94.0,91.0,88.0,3.0,2.81,0.117,611.7,81.88,23.37,360.5,-708.1,-1776.7,8200.0,955.21,120.29,hold,expired,2010-11-19,11.45,82.91,120.29,
2010-08-27,2010-11-19,84,106.86,24.45,0.2106,97/94/91/88,97.0,94.0,91.0,88.0,3.0,2.81,0.117,611.7,81.88,23.37,360.5,-708.1,-1776.7,8200.0,955.21,120.29,stop_touch,expired,2010-11-19,11.45,82.91,120.29,
2010-08-27,2010-11-19,84,106.86,24.45,0.2106,97/94/91/88,97.0,94.0,91.0,88.0,3.0,2.81,0.117,611.7,81.88,23.37,360.5,-708.1,-1776.7,8200.0,955.21,120.29,stop_close,expired,2010-11-19,11.45,82.91,120.29,
2010-09-03,2010-11-19,77,110.89,21.31,0.1918,102/99/96/93,102.0,99.0,96.0,93.0,3.0,2.71,0.029,602.88,86.97,21.57,174.08,-934.82,-2043.72,8700.0,1003.02,120.29,hold,expired,2010-11-19,2.63,18.36,120.29,
2010-09-03,2010-11-19,77,110.89,21.31,0.1918,102/99/96/93,102.0,99.0,96.0,93.0,3.0,2.71,0.029,602.88,86.97,21.57,174.08,-934.82,-2043.72,8700.0,1003.02,120.29,stop_touch,expired,2010-11-19,2.63,18.36,120.29,
2010-09-03,2010-11-19,77,110.89,21.31,0.1918,102/99/96/93,102.0,99.0,96.0,93.0,3.0,2.71,0.029,602.88,86.97,21.57,174.08,-934.82,-2043.72,8700.0,1003.02,120.29,stop_close,expired,2010-11-19,2.63,18.36,120.29,
2010-09-10,2010-12-17,98,111.48,21.99,0.1959,102/98/95/92,101.0,98.0,95.0,92.0,3.0,2.69,0.178,617.77,85.82,23.02,336.17,-778.63,-1893.43,8600.0,995.86,124.3,hold,expired,2010-12-17,17.52,121.63,124.3,
2010-09-10,2010-12-17,98,111.48,21.99,0.1959,102/98/95/92,101.0,98.0,95.0,92.0,3.0,2.69,0.178,617.77,85.82,23.02,336.17,-778.63,-1893.43,8600.0,995.86,124.3,stop_touch,expired,2010-12-17,17.52,121.63,124.3,
2010-09-10,2010-12-17,98,111.48,21.99,0.1959,102/98/95/92,101.0,98.0,95.0,92.0,3.0,2.69,0.178,617.77,85.82,23.02,336.17,-778.63,-1893.43,8600.0,995.86,124.3,stop_close,expired,2010-12-17,17.52,121.63,124.3,
2010-09-17,2010-12-17,91,112.49,22.01,0.196,103/99/96/93,102.0,99.0,96.0,93.0,3.0,2.67,0.148,614.76,86.85,22.79,313.96,-810.94,-1935.84,8700.0,1003.28,124.3,hold,expired,2010-12-17,14.51,99.8,124.3,
2010-09-17,2010-12-17,91,112.49,22.01,0.196,103/99/96/93,102.0,99.0,96.0,93.0,3.0,2.67,0.148,614.76,86.85,22.79,313.96,-810.94,-1935.84,8700.0,1003.28,124.3,stop_touch,expired,2010-12-17,14.51,99.8,124.3,
2010-09-17,2010-12-17,91,112.49,22.01,0.196,103/99/96/93,102.0,99.0,96.0,93.0,3.0,2.67,0.148,614.76,86.85,22.79,313.96,-810.94,-1935.84,8700.0,1003.28,124.3,stop_close,expired,2010-12-17,14.51,99.8,124.3,
2010-09-24,2010-12-17,84,114.82,21.71,0.1942,105/102/99/96,105.0,102.0,99.0,96.0,3.0,2.61,0.124,612.43,89.88,21.72,198.03,-950.17,-2098.37,9000.0,1034.75,124.3,hold,expired,2010-12-17,12.18,82.1,124.3,
2010-09-24,2010-12-17,84,114.82,21.71,0.1942,105/102/99/96,105.0,102.0,99.0,96.0,3.0,2.61,0.124,612.43,89.88,21.72,198.03,-950.17,-2098.37,9000.0,1034.75,124.3,stop_touch,expired,2010-12-17,12.18,82.1,124.3,
2010-09-24,2010-12-17,84,114.82,21.71,0.1942,105/102/99/96,105.0,102.0,99.0,96.0,3.0,2.61,0.124,612.43,89.88,21.72,198.03,-950.17,-2098.37,9000.0,1034.75,124.3,stop_close,expired,2010-12-17,12.18,82.1,124.3,
2010-10-01,2010-12-17,77,114.61,22.5,0.199,105/102/99/96,105.0,102.0,99.0,96.0,3.0,2.62,0.102,610.15,89.9,21.56,178.95,-967.15,-2113.25,9000.0,1034.04,124.3,hold,expired,2010-12-17,9.9,66.87,124.3,
2010-10-01,2010-12-17,77,114.61,22.5,0.199,105/102/99/96,105.0,102.0,99.0,96.0,3.0,2.62,0.102,610.15,89.9,21.56,178.95,-967.15,-2113.25,9000.0,1034.04,124.3,stop_touch,expired,2010-12-17,9.9,66.87,124.3,
2010-10-01,2010-12-17,77,114.61,22.5,0.199,105/102/99/96,105.0,102.0,99.0,96.0,3.0,2.62,0.102,610.15,89.9,21.56,178.95,-967.15,-2113.25,9000.0,1034.04,124.3,stop_close,expired,2010-12-17,9.9,66.87,124.3,
2010-10-08,2011-01-21,105,116.54,20.71,0.1882,106/103/99/96,105.0,102.0,99.0,96.0,3.0,2.57,0.226,622.62,89.77,22.97,345.82,-819.58,-1984.98,9000.0,1033.27,128.37,hold,expired,2011-01-21,22.37,148.55,128.37,
2010-10-08,2011-01-21,105,116.54,20.71,0.1882,106/103/99/96,105.0,102.0,99.0,96.0,3.0,2.57,0.226,622.62,89.77,22.97,345.82,-819.58,-1984.98,9000.0,1033.27,128.37,stop_touch,expired,2011-01-21,22.37,148.55,128.37,
2010-10-08,2011-01-21,105,116.54,20.71,0.1882,106/103/99/96,105.0,102.0,99.0,96.0,3.0,2.57,0.226,622.62,89.77,22.97,345.82,-819.58,-1984.98,9000.0,1033.27,128.37,stop_close,expired,2011-01-21,22.37,148.55,128.37,
2010-10-15,2011-01-21,98,117.7,19.03,0.1782,108/105/101/98,107.0,104.0,101.0,98.0,3.0,2.55,0.144,614.35,91.86,21.96,230.35,-946.65,-2123.65,9200.0,1051.29,128.37,hold,expired,2011-01-21,14.1,92.74,128.37,
2010-10-15,2011-01-21,98,117.7,19.03,0.1782,108/105/101/98,107.0,104.0,101.0,98.0,3.0,2.55,0.144,614.35,91.86,21.96,230.35,-946.65,-2123.65,9200.0,1051.29,128.37,stop_touch,expired,2011-01-21,14.1,92.74,128.37,
2010-10-15,2011-01-21,98,117.7,19.03,0.1782,108/105/101/98,107.0,104.0,101.0,98.0,3.0,2.55,0.144,614.35,91.86,21.96,230.35,-946.65,-2123.65,9200.0,1051.29,128.37,stop_close,expired,2011-01-21,14.1,92.74,128.37,
2010-10-22,2011-01-21,91,118.35,18.78,0.1767,109/106/103/99,108.0,105.0,102.0,99.0,3.0,2.53,0.105,610.46,92.9,21.51,178.46,-1005.04,-2188.54,9300.0,1059.88,128.37,hold,expired,2011-01-21,10.21,66.78,128.37,
2010-10-22,2011-01-21,91,118.35,18.78,0.1767,109/106/103/99,108.0,105.0,102.0,99.0,3.0,2.53,0.105,610.46,92.9,21.51,178.46,-1005.04,-2188.54,9300.0,1059.88,128.37,stop_touch,expired,2011-01-21,10.21,66.78,128.37,
2010-10-22,2011-01-21,91,118.35,18.78,0.1767,109/106/103/99,108.0,105.0,102.0,99.0,3.0,2.53,0.105,610.46,92.9,21.51,178.46,-1005.04,-2188.54,9300.0,1059.88,128.37,stop_close,expired,2011-01-21,10.21,66.78,128.37,
2010-10-29,2011-01-21,84,118.49,21.2,0.1912,109/106/102/99,108.0,105.0,102.0,99.0,3.0,2.53,0.145,614.45,92.86,21.63,193.65,-991.25,-2176.15,9300.0,1062.0,128.37,hold,expired,2011-01-21,14.2,92.78,128.37,
2010-10-29,2011-01-21,84,118.49,21.2,0.1912,109/106/102/99,108.0,105.0,102.0,99.0,3.0,2.53,0.145,614.45,92.86,21.63,193.65,-991.25,-2176.15,9300.0,1062.0,128.37,stop_touch,expired,2011-01-21,14.2,92.78,128.37,
2010-10-29,2011-01-21,84,118.49,21.2,0.1912,109/106/102/99,108.0,105.0,102.0,99.0,3.0,2.53,0.145,614.45,92.86,21.63,193.65,-991.25,-2176.15,9300.0,1062.0,128.37,stop_close,expired,2011-01-21,14.2,92.78,128.37,
2010-11-05,2011-01-21,77,122.72,18.26,0.1736,114/111/108/105,114.0,111.0,108.0,105.0,3.0,2.44,0.048,604.84,98.95,19.37,-77.56,-1304.76,-2531.96,9900.0,1124.39,128.37,hold,expired,2011-01-21,4.59,28.92,128.37,
2010-11-05,2011-01-21,77,122.72,18.26,0.1736,114/111/108/105,114.0,111.0,108.0,105.0,3.0,2.44,0.048,604.84,98.95,19.37,-77.56,-1304.76,-2531.96,9900.0,1124.39,128.37,stop_touch,expired,2011-01-21,4.59,28.92,128.37,
2010-11-05,2011-01-21,77,122.72,18.26,0.1736,114/111/108/105,114.0,111.0,108.0,105.0,3.0,2.44,0.048,604.84,98.95,19.37,-77.56,-1304.76,-2531.96,9900.0,1124.39,128.37,stop_close,expired,2011-01-21,4.59,28.92,128.37,
2010-11-19,2011-02-18,91,120.29,18.04,0.1723,111/108/105/102,111.0,108.0,105.0,102.0,3.0,2.49,0.102,610.15,95.9,20.28,33.35,-1169.55,-2372.45,9600.0,1095.73,134.53,hold,expired,2011-02-18,9.9,63.72,134.53,
2010-11-19,2011-02-18,91,120.29,18.04,0.1723,111/108/105/102,111.0,108.0,105.0,102.0,3.0,2.49,0.102,610.15,95.9,20.28,33.35,-1169.55,-2372.45,9600.0,1095.73,134.53,stop_touch,expired,2011-02-18,9.9,63.72,134.53,
2010-11-19,2011-02-18,91,120.29,18.04,0.1723,111/108/105/102,111.0,108.0,105.0,102.0,3.0,2.49,0.102,610.15,95.9,20.28,33.35,-1169.55,-2372.45,9600.0,1095.73,134.53,stop_close,expired,2011-02-18,9.9,63.72,134.53,
2010-11-26,2011-02-18,84,118.8,22.22,0.1973,109/105/102/99,108.0,105.0,102.0,99.0,3.0,2.53,0.181,618.11,92.82,21.87,222.11,-965.89,-2153.89,9300.0,1062.98,134.53,hold,expired,2011-02-18,17.86,116.32,134.53,
2010-11-26,2011-02-18,84,118.8,22.22,0.1973,109/105/102/99,108.0,105.0,102.0,99.0,3.0,2.53,0.181,618.11,92.82,21.87,222.11,-965.89,-2153.89,9300.0,1062.98,134.53,stop_touch,expired,2011-02-18,17.86,116.32,134.53,
2010-11-26,2011-02-18,84,118.8,22.22,0.1973,109/105/102/99,108.0,105.0,102.0,99.0,3.0,2.53,0.181,618.11,92.82,21.87,222.11,-965.89,-2153.89,9300.0,1062.98,134.53,stop_close,expired,2011-02-18,17.86,116.32,134.53,
2010-12-03,2011-02-18,77,122.89,18.01,0.1721,114/111/108/105,114.0,111.0,108.0,105.0,3.0,2.44,0.043,604.25,98.96,19.47,-64.55,-1293.45,-2522.35,9900.0,1122.68,134.53,hold,expired,2011-02-18,4.0,25.22,134.53,
2010-12-03,2011-02-18,77,122.89,18.01,0.1721,114/111/108/105,114.0,111.0,108.0,105.0,3.0,2.44,0.043,604.25,98.96,19.47,-64.55,-1293.45,-2522.35,9900.0,1122.68,134.53,stop_touch,expired,2011-02-18,4.0,25.22,134.53,
2010-12-03,2011-02-18,77,122.89,18.01,0.1721,114/111/108/105,114.0,111.0,108.0,105.0,3.0,2.44,0.043,604.25,98.96,19.47,-64.55,-1293.45,-2522.35,9900.0,1122.68,134.53,stop_close,expired,2011-02-18,4.0,25.22,134.53,
2010-12-10,2011-03-18,98,124.48,17.61,0.1697,115/111/108/105,114.0,111.0,108.0,105.0,3.0,2.41,0.166,616.57,98.83,20.6,74.97,-1169.83,-2414.63,9900.0,1123.26,127.76,hold,expired,2011-03-18,16.32,101.47,127.76,
2010-12-10,2011-03-18,98,124.48,17.61,0.1697,115/111/108/105,114.0,111.0,108.0,105.0,3.0,2.41,0.166,616.57,98.83,20.6,74.97,-1169.83,-2414.63,9900.0,1123.26,127.76,stop_touch,expired,2011-03-18,16.32,101.47,127.76,
2010-12-10,2011-03-18,98,124.48,17.61,0.1697,115/111/108/105,114.0,111.0,108.0,105.0,3.0,2.41,0.166,616.57,98.83,20.6,74.97,-1169.83,-2414.63,9900.0,1123.26,127.76,stop_close,expired,2011-03-18,16.32,101.47,127.76,
2010-12-17,2011-03-18,91,124.3,16.11,0.1607,115/112/109/106,115.0,112.0,109.0,106.0,3.0,2.41,0.071,607.14,99.93,19.61,-48.86,-1291.86,-2534.86,10000.0,1132.76,127.76,hold,expired,2011-03-18,6.89,42.91,127.76,
2010-12-17,2011-03-18,91,124.3,16.11,0.1607,115/112/109/106,115.0,112.0,109.0,106.0,3.0,2.41,0.071,607.14,99.93,19.61,-48.86,-1291.86,-2534.86,10000.0,1132.76,127.76,stop_touch,expired,2011-03-18,6.89,42.91,127.76,
2010-12-17,2011-03-18,91,124.3,16.11,0.1607,115/112/109/106,115.0,112.0,109.0,106.0,3.0,2.41,0.071,607.14,99.93,19.61,-48.86,-1291.86,-2534.86,10000.0,1132.76,127.76,stop_close,expired,2011-03-18,6.89,42.91,127.76,
2010-12-23,2011-03-18,85,125.6,16.47,0.1629,117/113/110/107,116.0,113.0,110.0,107.0,3.0,2.39,0.063,606.34,100.94,19.64,-45.66,-1301.66,-2557.66,10100.0,1139.82,127.76,hold,expired,2011-03-18,6.09,37.54,127.76,
2010-12-23,2011-03-18,85,125.6,16.47,0.1629,117/113/110/107,116.0,113.0,110.0,107.0,3.0,2.39,0.063,606.34,100.94,19.64,-45.66,-1301.66,-2557.66,10100.0,1139.82,127.76,stop_touch,expired,2011-03-18,6.09,37.54,127.76,
2010-12-23,2011-03-18,85,125.6,16.47,0.1629,117/113/110/107,116.0,113.0,110.0,107.0,3.0,2.39,0.063,606.34,100.94,19.64,-45.66,-1301.66,-2557.66,10100.0,1139.82,127.76,stop_close,expired,2011-03-18,6.09,37.54,127.76,
2010-12-31,2011-03-18,77,125.75,17.75,0.1705,117/114/111/108,117.0,114.0,111.0,108.0,3.0,2.39,0.059,605.91,101.94,18.93,-134.09,-1391.59,-2649.09,10200.0,1154.76,127.76,hold,expired,2011-03-18,5.66,34.84,127.76,
2010-12-31,2011-03-18,77,125.75,17.75,0.1705,117/114/111/108,117.0,114.0,111.0,108.0,3.0,2.39,0.059,605.91,101.94,18.93,-134.09,-1391.59,-2649.09,10200.0,1154.76,127.76,stop_touch,expired,2011-03-18,5.66,34.84,127.76,
2010-12-31,2011-03-18,77,125.75,17.75,0.1705,117/114/111/108,117.0,114.0,111.0,108.0,3.0,2.39,0.059,605.91,101.94,18.93,-134.09,-1391.59,-2649.09,10200.0,1154.76,127.76,stop_close,expired,2011-03-18,5.66,34.84,127.76,
2011-01-07,2011-04-15,98,127.14,17.14,0.1669,117/114/110/107,116.0,113.0,110.0,107.0,3.0,2.36,0.171,617.13,100.83,20.69,88.33,-1183.07,-2454.47,10100.0,1140.1,132.04,hold,expired,2011-04-15,16.88,102.73,132.04,
2011-01-07,2011-04-15,98,127.14,17.14,0.1669,117/114/110/107,116.0,113.0,110.0,107.0,3.0,2.36,0.171,617.13,100.83,20.69,88.33,-1183.07,-2454.47,10100.0,1140.1,132.04,stop_touch,expired,2011-04-15,16.88,102.73,132.04,
2011-01-07,2011-04-15,98,127.14,17.14,0.1669,117/114/110/107,116.0,113.0,110.0,107.0,3.0,2.36,0.171,617.13,100.83,20.69,88.33,-1183.07,-2454.47,10100.0,1140.1,132.04,stop_close,expired,2011-04-15,16.88,102.73,132.04,
2011-01-14,2011-04-15,91,129.3,15.46,0.1569,120/117/114/111,120.0,117.0,114.0,111.0,3.0,2.32,0.094,609.41,104.91,18.87,-146.59,-1439.59,-2732.59,10500.0,1184.3,132.04,hold,expired,2011-04-15,9.16,54.85,132.04,
2011-01-14,2011-04-15,91,129.3,15.46,0.1569,120/117/114/111,120.0,117.0,114.0,111.0,3.0,2.32,0.094,609.41,104.91,18.87,-146.59,-1439.59,-2732.59,10500.0,1184.3,132.04,stop_touch,expired,2011-04-15,9.16,54.85,132.04,
2011-01-14,2011-04-15,91,129.3,15.46,0.1569,120/117/114/111,120.0,117.0,114.0,111.0,3.0,2.32,0.094,609.41,104.91,18.87,-146.59,-1439.59,-2732.59,10500.0,1184.3,132.04,stop_close,expired,2011-04-15,9.16,54.85,132.04,
2011-01-21,2011-04-15,84,128.37,18.47,0.1749,119/115/112/109,118.0,115.0,112.0,109.0,3.0,2.34,0.153,615.33,102.85,19.88,-15.07,-1298.77,-2582.47,10300.0,1162.28,132.04,hold,expired,2011-04-15,15.08,90.93,132.04,
2011-01-21,2011-04-15,84,128.37,18.47,0.1749,119/115/112/109,118.0,115.0,112.0,109.0,3.0,2.34,0.153,615.33,102.85,19.88,-15.07,-1298.77,-2582.47,10300.0,1162.28,132.04,stop_touch,expired,2011-04-15,15.08,90.93,132.04,
2011-01-21,2011-04-15,84,128.37,18.47,0.1749,119/115/112/109,118.0,115.0,112.0,109.0,3.0,2.34,0.153,615.33,102.85,19.88,-15.07,-1298.77,-2582.47,10300.0,1162.28,132.04,stop_close,expired,2011-04-15,15.08,90.93,132.04,
2011-01-28,2011-04-15,77,127.72,20.04,0.1842,118/115/111/108,117.0,114.0,111.0,108.0,3.0,2.35,0.153,615.31,101.85,20.26,32.91,-1244.29,-2521.49,10200.0,1150.24,132.04,hold,expired,2011-04-15,15.06,91.24,132.04,
2011-01-28,2011-04-15,77,127.72,20.04,0.1842,118/115/111/108,117.0,114.0,111.0,108.0,3.0,2.35,0.153,615.31,101.85,20.26,32.91,-1244.29,-2521.49,10200.0,1150.24,132.04,stop_touch,expired,2011-04-15,15.06,91.24,132.04,
2011-01-28,2011-04-15,77,127.72,20.04,0.1842,118/115/111/108,117.0,114.0,111.0,108.0,3.0,2.35,0.153,615.31,101.85,20.26,32.91,-1244.29,-2521.49,10200.0,1150.24,132.04,stop_close,expired,2011-04-15,15.06,91.24,132.04,
2011-02-04,2011-05-20,105,131.15,15.93,0.1597,121/117/114/111,120.0,117.0,114.0,111.0,3.0,2.29,0.204,620.4,104.8,20.09,12.4,-1299.1,-2610.6,10500.0,1182.11,133.61,hold,expired,2011-05-20,20.15,118.9,133.61,
2011-02-04,2011-05-20,105,131.15,15.93,0.1597,121/117/114/111,120.0,117.0,114.0,111.0,3.0,2.29,0.204,620.4,104.8,20.09,12.4,-1299.1,-2610.6,10500.0,1182.11,133.61,stop_touch,expired,2011-05-20,20.15,118.9,133.61,
2011-02-04,2011-05-20,105,131.15,15.93,0.1597,121/117/114/111,120.0,117.0,114.0,111.0,3.0,2.29,0.204,620.4,104.8,20.09,12.4,-1299.1,-2610.6,10500.0,1182.11,133.61,stop_close,expired,2011-05-20,20.15,118.9,133.61,
2011-02-11,2011-05-20,98,133.11,15.69,0.1582,123/120/116/113,122.0,119.0,116.0,113.0,3.0,2.25,0.173,617.31,106.83,19.75,-33.89,-1364.99,-2696.09,10700.0,1199.78,133.61,hold,expired,2011-05-20,17.06,99.17,133.61,
2011-02-11,2011-05-20,98,133.11,15.69,0.1582,123/120/116/113,122.0,119.0,116.0,113.0,3.0,2.25,0.173,617.31,106.83,19.75,-33.89,-1364.99,-2696.09,10700.0,1199.78,133.61,stop_touch,expired,2011-05-20,17.06,99.17,133.61,
2011-02-11,2011-05-20,98,133.11,15.69,0.1582,123/120/116/113,122.0,119.0,116.0,113.0,3.0,2.25,0.173,617.31,106.83,19.75,-33.89,-1364.99,-2696.09,10700.0,1199.78,133.61,stop_close,expired,2011-05-20,17.06,99.17,133.61,
2011-02-25,2011-05-20,84,132.33,19.22,0.1793,122/119/115/112,121.0,118.0,115.0,112.0,3.0,2.27,0.217,621.67,105.78,20.06,8.07,-1315.23,-2638.53,10600.0,1191.33,133.61,hold,expired,2011-05-20,21.42,125.27,133.61,
2011-02-25,2011-05-20,84,132.33,19.22,0.1793,122/119/115/112,121.0,118.0,115.0,112.0,3.0,2.27,0.217,621.67,105.78,20.06,8.07,-1315.23,-2638.53,10600.0,1191.33,133.61,stop_touch,expired,2011-05-20,21.42,125.27,133.61,
2011-02-25,2011-05-20,84,132.33,19.22,0.1793,122/119/115/112,121.0,118.0,115.0,112.0,3.0,2.27,0.217,621.67,105.78,20.06,8.07,-1315.23,-2638.53,10600.0,1191.33,133.61,stop_close,expired,2011-05-20,21.42,125.27,133.61,
2011-03-04,2011-05-20,77,132.47,19.06,0.1784,123/119/116/113,122.0,119.0,116.0,113.0,3.0,2.26,0.167,616.69,106.83,19.35,-85.71,-1410.41,-2735.11,10700.0,1202.07,133.61,hold,expired,2011-05-20,16.44,96.08,133.61,
2011-03-04,2011-05-20,77,132.47,19.06,0.1784,123/119/116/113,122.0,119.0,116.0,113.0,3.0,2.26,0.167,616.69,106.83,19.35,-85.71,-1410.41,-2735.11,10700.0,1202.07,133.61,stop_touch,expired,2011-05-20,16.44,96.08,133.61,
2011-03-04,2011-05-20,77,132.47,19.06,0.1784,123/119/116/113,122.0,119.0,116.0,113.0,3.0,2.26,0.167,616.69,106.83,19.35,-85.71,-1410.41,-2735.11,10700.0,1202.07,133.61,stop_close,expired,2011-05-20,16.44,96.08,133.61,
2011-03-18,2011-06-17,91,127.76,24.44,0.2106,116/112/108/104,116.0,112.0,108.0,104.0,4.0,3.13,0.067,806.72,95.93,24.91,627.52,-650.08,-1927.68,9600.0,1138.84,127.05,hold,expired,2011-06-17,6.47,39.19,127.05,
2011-03-18,2011-06-17,91,127.76,24.44,0.2106,116/112/108/104,116.0,112.0,108.0,104.0,4.0,3.13,0.067,806.72,95.93,24.91,627.52,-650.08,-1927.68,9600.0,1138.84,127.05,stop_touch,expired,2011-06-17,6.47,39.19,127.05,
2011-03-18,2011-06-17,91,127.76,24.44,0.2106,116/112/108/104,116.0,112.0,108.0,104.0,4.0,3.13,0.067,806.72,95.93,24.91,627.52,-650.08,-1927.68,9600.0,1138.84,127.05,stop_close,expired,2011-06-17,6.47,39.19,127.05,
2011-03-25,2011-06-17,84,131.3,17.91,0.1715,121/118/115/112,121.0,118.0,115.0,112.0,3.0,2.28,0.162,616.21,105.84,19.39,-79.79,-1392.79,-2705.79,10600.0,1192.99,127.05,hold,expired,2011-06-17,15.96,94.08,127.05,
2011-03-25,2011-06-17,84,131.3,17.91,0.1715,121/118/115/112,121.0,118.0,115.0,112.0,3.0,2.28,0.162,616.21,105.84,19.39,-79.79,-1392.79,-2705.79,10600.0,1192.99,127.05,stop_touch,expired,2011-06-17,15.96,94.08,127.05,
2011-03-25,2011-06-17,84,131.3,17.91,0.1715,121/118/115/112,121.0,118.0,115.0,112.0,3.0,2.28,0.162,616.21,105.84,19.39,-79.79,-1392.79,-2705.79,10600.0,1192.99,127.05,stop_close,expired,2011-06-17,15.96,94.08,127.05,
2011-04-01,2011-06-17,77,133.15,17.4,0.1685,124/120/117/114,123.0,120.0,117.0,114.0,3.0,2.25,0.114,611.37,107.89,18.97,-136.63,-1468.13,-2799.63,10800.0,1209.81,127.05,hold,expired,2011-06-17,11.12,64.64,127.05,
2011-04-01,2011-06-17,77,133.15,17.4,0.1685,124/120/117/114,123.0,120.0,117.0,114.0,3.0,2.25,0.114,611.37,107.89,18.97,-136.63,-1468.13,-2799.63,10800.0,1209.81,127.05,stop_touch,expired,2011-06-17,11.12,64.64,127.05,
2011-04-01,2011-06-17,77,133.15,17.4,0.1685,124/120/117/114,123.0,120.0,117.0,114.0,3.0,2.25,0.114,611.37,107.89,18.97,-136.63,-1468.13,-2799.63,10800.0,1209.81,127.05,stop_close,expired,2011-06-17,11.12,64.64,127.05,
2011-04-08,2011-07-15,98,132.86,17.87,0.1713,122/119/115/112,121.0,118.0,115.0,112.0,3.0,2.26,0.258,625.82,105.74,20.41,54.62,-1273.98,-2602.58,10600.0,1191.87,131.69,hold,expired,2011-07-15,25.57,148.98,131.69,
2011-04-08,2011-07-15,98,132.86,17.87,0.1713,122/119/115/112,121.0,118.0,115.0,112.0,3.0,2.26,0.258,625.82,105.74,20.41,54.62,-1273.98,-2602.58,10600.0,1191.87,131.69,stop_touch,expired,2011-07-15,25.57,148.98,131.69,
2011-04-08,2011-07-15,98,132.86,17.87,0.1713,122/119/115/112,121.0,118.0,115.0,112.0,3.0,2.26,0.258,625.82,105.74,20.41,54.62,-1273.98,-2602.58,10600.0,1191.87,131.69,stop_close,expired,2011-07-15,25.57,148.98,131.69,
2011-04-15,2011-07-15,91,132.04,15.32,0.156,123/119/116/113,122.0,119.0,116.0,113.0,3.0,2.27,0.113,611.28,106.89,19.05,-125.52,-1445.92,-2766.32,10700.0,1200.97,131.69,hold,expired,2011-07-15,11.03,64.64,131.69,
2011-04-15,2011-07-15,91,132.04,15.32,0.156,123/119/116/113,122.0,119.0,116.0,113.0,3.0,2.27,0.113,611.28,106.89,19.05,-125.52,-1445.92,-2766.32,10700.0,1200.97,131.69,stop_touch,expired,2011-07-15,11.03,64.64,131.69,
2011-04-15,2011-07-15,91,132.04,15.32,0.156,123/119/116/113,122.0,119.0,116.0,113.0,3.0,2.27,0.113,611.28,106.89,19.05,-125.52,-1445.92,-2766.32,10700.0,1200.97,131.69,stop_close,expired,2011-07-15,11.03,64.64,131.69,
2011-04-21,2011-07-15,85,133.78,14.69,0.1522,125/122/118/115,124.0,121.0,118.0,115.0,3.0,2.24,0.071,607.1,108.93,18.58,-190.5,-1528.3,-2866.1,10900.0,1218.74,131.69,hold,expired,2011-07-15,6.85,39.6,131.69,
2011-04-21,2011-07-15,85,133.78,14.69,0.1522,125/122/118/115,124.0,121.0,118.0,115.0,3.0,2.24,0.071,607.1,108.93,18.58,-190.5,-1528.3,-2866.1,10900.0,1218.74,131.69,stop_touch,expired,2011-07-15,6.85,39.6,131.69,
2011-04-21,2011-07-15,85,133.78,14.69,0.1522,125/122/118/115,124.0,121.0,118.0,115.0,3.0,2.24,0.071,607.1,108.93,18.58,-190.5,-1528.3,-2866.1,10900.0,1218.74,131.69,stop_close,expired,2011-07-15,6.85,39.6,131.69,
2011-04-29,2011-07-15,77,136.43,14.75,0.1526,128/124/121/118,127.0,124.0,121.0,118.0,3.0,2.2,0.048,604.82,111.95,17.94,-280.78,-1645.08,-3009.38,11200.0,1248.42,131.69,hold,expired,2011-07-15,4.57,25.95,131.69,
2011-04-29,2011-07-15,77,136.43,14.75,0.1526,128/124/121/118,127.0,124.0,121.0,118.0,3.0,2.2,0.048,604.82,111.95,17.94,-280.78,-1645.08,-3009.38,11200.0,1248.42,131.69,stop_touch,expired,2011-07-15,4.57,25.95,131.69,
2011-04-29,2011-07-15,77,136.43,14.75,0.1526,128/124/121/118,127.0,124.0,121.0,118.0,3.0,2.2,0.048,604.82,111.95,17.94,-280.78,-1645.08,-3009.38,11200.0,1248.42,131.69,stop_close,expired,2011-07-15,4.57,25.95,131.69,
2011-05-20,2011-08-19,91,133.61,17.43,0.1686,123/120/116/113,122.0,119.0,116.0,113.0,3.0,2.25,0.203,620.3,106.8,20.07,9.1,-1327.0,-2663.1,10700.0,1199.17,112.64,hold,expired,2011-08-19,584.05,3383.08,112.64,
2011-05-20,2011-08-19,91,133.61,17.43,0.1686,123/120/116/113,122.0,119.0,116.0,113.0,3.0,2.25,0.203,620.3,106.8,20.07,9.1,-1327.0,-2663.1,10700.0,1199.17,112.64,stop_touch,expired,2011-08-19,584.05,3383.08,112.64,
2011-05-20,2011-08-19,91,133.61,17.43,0.1686,123/120/116/113,122.0,119.0,116.0,113.0,3.0,2.25,0.203,620.3,106.8,20.07,9.1,-1327.0,-2663.1,10700.0,1199.17,112.64,stop_close,expired,2011-08-19,584.05,3383.08,112.64,
2011-05-27,2011-08-19,84,133.51,15.98,0.16,124/121/118/115,124.0,121.0,118.0,115.0,3.0,2.25,0.111,611.1,108.89,18.44,-208.1,-1543.2,-2878.3,10900.0,1223.62,112.64,hold,expired,2011-08-19,374.85,2172.9,112.64,
2011-05-27,2011-08-19,84,133.51,15.98,0.16,124/121/118/115,124.0,121.0,118.0,115.0,3.0,2.25,0.111,611.1,108.89,18.44,-208.1,-1543.2,-2878.3,10900.0,1223.62,112.64,stop_touch,expired,2011-08-19,374.85,2172.9,112.64,
2011-05-27,2011-08-19,84,133.51,15.98,0.16,124/121/118/115,124.0,121.0,118.0,115.0,3.0,2.25,0.111,611.1,108.89,18.44,-208.1,-1543.2,-2878.3,10900.0,1223.62,112.64,stop_close,expired,2011-08-19,374.85,2172.9,112.64,
2011-06-03,2011-08-19,77,130.42,17.95,0.1717,121/118/115/112,121.0,118.0,115.0,112.0,3.0,2.3,0.11,611.01,105.89,18.81,-155.39,-1459.59,-2763.79,10600.0,1194.14,112.64,hold,expired,2011-08-19,546.76,3244.55,112.64,
2011-06-03,2011-08-19,77,130.42,17.95,0.1717,121/118/115/112,121.0,118.0,115.0,112.0,3.0,2.3,0.11,611.01,105.89,18.81,-155.39,-1459.59,-2763.79,10600.0,1194.14,112.64,stop_touch,expired,2011-08-19,546.76,3244.55,112.64,
2011-06-03,2011-08-19,77,130.42,17.95,0.1717,121/118/115/112,121.0,118.0,115.0,112.0,3.0,2.3,0.11,611.01,105.89,18.81,-155.39,-1459.59,-2763.79,10600.0,1194.14,112.64,stop_close,expired,2011-08-19,546.76,3244.55,112.64,
2011-06-10,2011-09-16,98,127.6,18.86,0.1772,117/113/110/107,116.0,113.0,110.0,107.0,3.0,2.35,0.243,624.34,100.76,21.04,132.34,-1143.66,-2419.66,10100.0,1142.68,121.52,hold,expired,2011-09-16,24.09,146.1,121.52,
2011-06-10,2011-09-16,98,127.6,18.86,0.1772,117/113/110/107,116.0,113.0,110.0,107.0,3.0,2.35,0.243,624.34,100.76,21.04,132.34,-1143.66,-2419.66,10100.0,1142.68,121.52,stop_touch,expired,2011-09-16,24.09,146.1,121.52,
2011-06-10,2011-09-16,98,127.6,18.86,0.1772,117/113/110/107,116.0,113.0,110.0,107.0,3.0,2.35,0.243,624.34,100.76,21.04,132.34,-1143.66,-2419.66,10100.0,1142.68,121.52,stop_close,expired,2011-09-16,24.09,146.1,121.52,
2011-06-24,2011-09-16,84,126.81,21.1,0.1906,116/113/109/106,115.0,112.0,109.0,106.0,3.0,2.37,0.223,622.35,99.78,21.32,167.15,-1100.95,-2369.05,10000.0,1130.14,121.52,hold,expired,2011-09-16,22.1,134.86,121.52,
2011-06-24,2011-09-16,84,126.81,21.1,0.1906,116/113/109/106,115.0,112.0,109.0,106.0,3.0,2.37,0.223,622.35,99.78,21.32,167.15,-1100.95,-2369.05,10000.0,1130.14,121.52,stop_touch,expired,2011-09-16,22.1,134.86,121.52,
2011-06-24,2011-09-16,84,126.81,21.1,0.1906,116/113/109/106,115.0,112.0,109.0,106.0,3.0,2.37,0.223,622.35,99.78,21.32,167.15,-1100.95,-2369.05,10000.0,1130.14,121.52,stop_close,expired,2011-09-16,22.1,134.86,121.52,
2011-07-01,2011-09-16,77,133.92,15.87,0.1593,125/122/119/116,125.0,122.0,119.0,116.0,3.0,2.24,0.066,606.59,109.93,17.91,-279.81,-1619.01,-2958.21,11000.0,1233.54,121.52,hold,expired,2011-09-16,306.34,1770.33,121.52,
2011-07-01,2011-09-16,77,133.92,15.87,0.1593,125/122/119/116,125.0,122.0,119.0,116.0,3.0,2.24,0.066,606.59,109.93,17.91,-279.81,-1619.01,-2958.21,11000.0,1233.54,121.52,stop_touch,expired,2011-09-16,306.34,1770.33,121.52,
2011-07-01,2011-09-16,77,133.92,15.87,0.1593,125/122/119/116,125.0,122.0,119.0,116.0,3.0,2.24,0.066,606.59,109.93,17.91,-279.81,-1619.01,-2958.21,11000.0,1233.54,121.52,stop_close,expired,2011-09-16,306.34,1770.33,121.52,
2011-07-22,2011-10-21,91,134.58,17.52,0.1692,124/121/117/114,123.0,120.0,117.0,114.0,3.0,2.23,0.217,621.73,107.78,19.91,-11.87,-1357.67,-2703.47,10800.0,1210.17,123.97,hold,expired,2011-10-21,21.48,123.54,123.97,
2011-07-22,2011-10-21,91,134.58,17.52,0.1692,124/121/117/114,123.0,120.0,117.0,114.0,3.0,2.23,0.217,621.73,107.78,19.91,-11.87,-1357.67,-2703.47,10800.0,1210.17,123.97,stop_touch,stopped,2011-10-07,-162.19,-932.71,107.78,45.45
2011-07-22,2011-10-21,91,134.58,17.52,0.1692,124/121/117/114,123.0,120.0,117.0,114.0,3.0,2.23,0.217,621.73,107.78,19.91,-11.87,-1357.67,-2703.47,10800.0,1210.17,123.97,stop_close,expired,2011-10-21,21.48,123.54,123.97,
2011-07-29,2011-10-21,84,129.33,25.25,0.2154,118/114/110/106,118.0,114.0,110.0,106.0,4.0,3.09,0.063,806.33,97.94,24.27,552.73,-740.57,-2033.87,9800.0,1160.93,123.97,hold,expired,2011-10-21,6.08,36.41,123.97,
2011-07-29,2011-10-21,84,129.33,25.25,0.2154,118/114/110/106,118.0,114.0,110.0,106.0,4.0,3.09,0.063,806.33,97.94,24.27,552.73,-740.57,-2033.87,9800.0,1160.93,123.97,stop_touch,expired,2011-10-21,6.08,36.41,123.97,
2011-07-29,2011-10-21,84,129.33,25.25,0.2154,118/114/110/106,118.0,114.0,110.0,106.0,4.0,3.09,0.063,806.33,97.94,24.27,552.73,-740.57,-2033.87,9800.0,1160.93,123.97,stop_close,expired,2011-10-21,6.08,36.41,123.97,
2011-08-26,2011-11-18,84,117.97,35.59,0.2772,105/101/96/92,104.0,100.0,96.0,92.0,4.0,3.39,0.088,808.8,83.91,28.87,571.2,-133.3,-1313.0,8400.0,1037.02,121.98,hold,expired,2011-11-18,8.55,56.07,121.98,
2011-08-26,2011-11-18,84,117.97,35.59,0.2772,105/101/96/92,104.0,100.0,96.0,92.0,4.0,3.39,0.088,808.8,83.91,28.87,571.2,-133.3,-1313.0,8400.0,1037.02,121.98,stop_touch,expired,2011-11-18,8.55,56.07,121.98,
2011-08-26,2011-11-18,84,117.97,35.59,0.2772,105/101/96/92,104.0,100.0,96.0,92.0,4.0,3.39,0.088,808.8,83.91,28.87,571.2,-133.3,-1313.0,8400.0,1037.02,121.98,stop_close,expired,2011-11-18,8.55,56.07,121.98,
2011-09-16,2011-12-16,91,121.52,30.98,0.2497,109/104/100/96,108.0,104.0,100.0,96.0,4.0,3.29,0.053,805.33,87.95,27.63,683.73,-288.27,-1503.47,8800.0,1075.97,121.59,hold,expired,2011-12-16,5.08,32.36,121.59,
2011-09-16,2011-12-16,91,121.52,30.98,0.2497,109/104/100/96,108.0,104.0,100.0,96.0,4.0,3.29,0.053,805.33,87.95,27.63,683.73,-288.27,-1503.47,8800.0,1075.97,121.59,stop_touch,expired,2011-12-16,5.08,32.36,121.59,
2011-09-16,2011-12-16,91,121.52,30.98,0.2497,109/104/100/96,108.0,104.0,100.0,96.0,4.0,3.29,0.053,805.33,87.95,27.63,683.73,-288.27,-1503.47,8800.0,1075.97,121.59,stop_close,expired,2011-12-16,5.08,32.36,121.59,
2011-10-14,2012-01-20,98,122.57,28.24,0.2333,110/106/102/97,109.0,105.0,101.0,97.0,4.0,3.26,0.175,817.54,88.82,27.53,711.94,-302.56,-1528.26,8900.0,1068.38,131.95,hold,expired,2012-01-20,17.29,109.18,131.95,
2011-10-14,2012-01-20,98,122.57,28.24,0.2333,110/106/102/97,109.0,105.0,101.0,97.0,4.0,3.26,0.175,817.54,88.82,27.53,711.94,-302.56,-1528.26,8900.0,1068.38,131.95,stop_touch,expired,2012-01-20,17.29,109.18,131.95,
2011-10-14,2012-01-20,98,122.57,28.24,0.2333,110/106/102/97,109.0,105.0,101.0,97.0,4.0,3.26,0.175,817.54,88.82,27.53,711.94,-302.56,-1528.26,8900.0,1068.38,131.95,stop_close,expired,2012-01-20,17.29,109.18,131.95,
2011-10-21,2012-01-20,91,123.97,31.32,0.2517,111/106/102/98,110.0,106.0,102.0,98.0,4.0,3.23,0.1,810.01,89.9,27.48,692.41,-312.09,-1551.79,9000.0,1096.42,131.95,hold,expired,2012-01-20,9.76,60.91,131.95,
2011-10-21,2012-01-20,91,123.97,31.32,0.2517,111/106/102/98,110.0,106.0,102.0,98.0,4.0,3.23,0.1,810.01,89.9,27.48,692.41,-312.09,-1551.79,9000.0,1096.42,131.95,stop_touch,expired,2012-01-20,9.76,60.91,131.95,
2011-10-21,2012-01-20,91,123.97,31.32,0.2517,111/106/102/98,110.0,106.0,102.0,98.0,4.0,3.23,0.1,810.01,89.9,27.48,692.41,-312.09,-1551.79,9000.0,1096.42,131.95,stop_close,expired,2012-01-20,9.76,60.91,131.95,
2011-10-28,2012-01-20,84,128.6,24.53,0.2111,117/113/110/106,118.0,114.0,110.0,106.0,4.0,3.11,0.027,802.74,97.97,23.82,490.74,-795.26,-2081.26,9800.0,1163.33,131.95,hold,expired,2012-01-20,2.49,15.01,131.95,
2011-10-28,2012-01-20,84,128.6,24.53,0.2111,117/113/110/106,118.0,114.0,110.0,106.0,4.0,3.11,0.027,802.74,97.97,23.82,490.74,-795.26,-2081.26,9800.0,1163.33,131.95,stop_touch,expired,2012-01-20,2.49,15.01,131.95,
2011-10-28,2012-01-20,84,128.6,24.53,0.2111,117/113/110/106,118.0,114.0,110.0,106.0,4.0,3.11,0.027,802.74,97.97,23.82,490.74,-795.26,-2081.26,9800.0,1163.33,131.95,stop_close,expired,2012-01-20,2.49,15.01,131.95,
2011-11-11,2012-02-17,98,126.66,30.04,0.244,113/109/104/100,112.0,108.0,104.0,100.0,4.0,3.16,0.146,814.65,91.85,27.48,681.85,-319.15,-1585.75,9200.0,1115.73,136.41,hold,expired,2012-02-17,14.4,87.96,136.41,
2011-11-11,2012-02-17,98,126.66,30.04,0.244,113/109/104/100,112.0,108.0,104.0,100.0,4.0,3.16,0.146,814.65,91.85,27.48,681.85,-319.15,-1585.75,9200.0,1115.73,136.41,stop_touch,expired,2012-02-17,14.4,87.96,136.41,
2011-11-11,2012-02-17,98,126.66,30.04,0.244,113/109/104/100,112.0,108.0,104.0,100.0,4.0,3.16,0.146,814.65,91.85,27.48,681.85,-319.15,-1585.75,9200.0,1115.73,136.41,stop_close,expired,2012-02-17,14.4,87.96,136.41,
2011-11-18,2012-02-17,91,121.98,32.0,0.2558,109/105/100/96,108.0,104.0,100.0,96.0,4.0,3.28,0.093,809.26,87.91,27.93,650.86,-252.14,-1471.94,8800.0,1076.35,136.41,hold,expired,2012-02-17,9.01,57.2,136.41,
2011-11-18,2012-02-17,91,121.98,32.0,0.2558,109/105/100/96,108.0,104.0,100.0,96.0,4.0,3.28,0.093,809.26,87.91,27.93,650.86,-252.14,-1471.94,8800.0,1076.35,136.41,stop_touch,expired,2012-02-17,9.01,57.2,136.41,
2011-11-18,2012-02-17,91,121.98,32.0,0.2558,109/105/100/96,108.0,104.0,100.0,96.0,4.0,3.28,0.093,809.26,87.91,27.93,650.86,-252.14,-1471.94,8800.0,1076.35,136.41,stop_close,expired,2012-02-17,9.01,57.2,136.41,
2011-11-25,2012-02-17,84,116.34,34.47,0.2705,104/99/95/91,103.0,99.0,95.0,91.0,4.0,3.44,0.031,803.07,82.97,28.68,595.87,-153.13,-1316.53,8300.0,1026.49,136.41,hold,expired,2012-02-17,2.82,18.79,136.41,
2011-11-25,2012-02-17,84,116.34,34.47,0.2705,104/99/95/91,103.0,99.0,95.0,91.0,4.0,3.44,0.031,803.07,82.97,28.68,595.87,-153.13,-1316.53,8300.0,1026.49,136.41,stop_touch,expired,2012-02-17,2.82,18.79,136.41,
2011-11-25,2012-02-17,84,116.34,34.47,0.2705,104/99/95/91,103.0,99.0,95.0,91.0,4.0,3.44,0.031,803.07,82.97,28.68,595.87,-153.13,-1316.53,8300.0,1026.49,136.41,stop_close,expired,2012-02-17,2.82,18.79,136.41,
2011-12-02,2012-02-17,77,124.86,27.52,0.229,114/110/106/102,114.0,110.0,106.0,102.0,4.0,3.2,0.029,802.92,93.97,24.74,591.72,-656.88,-1905.48,9400.0,1121.98,136.41,hold,expired,2012-02-17,2.67,16.54,136.41,
2011-12-02,2012-02-17,77,124.86,27.52,0.229,114/110/106/102,114.0,110.0,106.0,102.0,4.0,3.2,0.029,802.92,93.97,24.74,591.72,-656.88,-1905.48,9400.0,1121.98,136.41,stop_touch,expired,2012-02-17,2.67,16.54,136.41,
2011-12-02,2012-02-17,77,124.86,27.52,0.229,114/110/106/102,114.0,110.0,106.0,102.0,4.0,3.2,0.029,802.92,93.97,24.74,591.72,-656.88,-1905.48,9400.0,1121.98,136.41,stop_close,expired,2012-02-17,2.67,16.54,136.41,
2011-12-09,2012-03-16,98,126.05,26.38,0.2222,114/109/105/101,113.0,109.0,105.0,101.0,4.0,3.17,0.16,816.04,92.84,26.35,800.04,-460.46,-1720.96,9300.0,1109.3,140.3,hold,expired,2012-03-16,15.79,96.97,140.3,
2011-12-09,2012-03-16,98,126.05,26.38,0.2222,114/109/105/101,113.0,109.0,105.0,101.0,4.0,3.17,0.16,816.04,92.84,26.35,800.04,-460.46,-1720.96,9300.0,1109.3,140.3,stop_touch,expired,2012-03-16,15.79,96.97,140.3,
2011-12-09,2012-03-16,98,126.05,26.38,0.2222,114/109/105/101,113.0,109.0,105.0,101.0,4.0,3.17,0.16,816.04,92.84,26.35,800.04,-460.46,-1720.96,9300.0,1109.3,140.3,stop_close,expired,2012-03-16,15.79,96.97,140.3,
2011-12-23,2012-03-16,84,126.39,20.73,0.1884,116/113/109/106,115.0,112.0,109.0,106.0,3.0,2.37,0.209,620.93,99.79,21.05,132.13,-1131.77,-2395.67,10000.0,1131.19,140.3,hold,expired,2012-03-16,20.68,126.63,140.3,
2011-12-23,2012-03-16,84,126.39,20.73,0.1884,116/113/109/106,115.0,112.0,109.0,106.0,3.0,2.37,0.209,620.93,99.79,21.05,132.13,-1131.77,-2395.67,10000.0,1131.19,140.3,stop_touch,expired,2012-03-16,20.68,126.63,140.3,
2011-12-23,2012-03-16,84,126.39,20.73,0.1884,116/113/109/106,115.0,112.0,109.0,106.0,3.0,2.37,0.209,620.93,99.79,21.05,132.13,-1131.77,-2395.67,10000.0,1131.19,140.3,stop_close,expired,2012-03-16,20.68,126.63,140.3,
2011-12-30,2012-03-16,77,125.5,23.4,0.2043,115/112/108/105,114.0,111.0,108.0,105.0,3.0,2.39,0.243,624.34,98.76,21.31,164.34,-1090.66,-2345.66,9900.0,1122.82,140.3,hold,expired,2012-03-16,24.09,148.56,140.3,
2011-12-30,2012-03-16,77,125.5,23.4,0.2043,115/112/108/105,114.0,111.0,108.0,105.0,3.0,2.39,0.243,624.34,98.76,21.31,164.34,-1090.66,-2345.66,9900.0,1122.82,140.3,stop_touch,expired,2012-03-16,24.09,148.56,140.3,
2011-12-30,2012-03-16,77,125.5,23.4,0.2043,115/112/108/105,114.0,111.0,108.0,105.0,3.0,2.39,0.243,624.34,98.76,21.31,164.34,-1090.66,-2345.66,9900.0,1122.82,140.3,stop_close,expired,2012-03-16,24.09,148.56,140.3,
2012-01-06,2012-04-20,105,127.71,20.63,0.1878,116/112/109/105,117.0,113.0,109.0,105.0,4.0,3.13,0.013,801.26,96.99,24.06,518.06,-759.04,-2036.14,9700.0,1152.07,137.95,hold,expired,2012-04-20,1.01,6.12,137.95,
2012-01-06,2012-04-20,105,127.71,20.63,0.1878,116/112/109/105,117.0,113.0,109.0,105.0,4.0,3.13,0.013,801.26,96.99,24.06,518.06,-759.04,-2036.14,9700.0,1152.07,137.95,stop_touch,expired,2012-04-20,1.01,6.12,137.95,
2012-01-06,2012-04-20,105,127.71,20.63,0.1878,116/112/109/105,117.0,113.0,109.0,105.0,4.0,3.13,0.013,801.26,96.99,24.06,518.06,-759.04,-2036.14,9700.0,1152.07,137.95,stop_close,expired,2012-04-20,1.01,6.12,137.95,
2012-01-27,2012-04-20,84,131.82,18.53,0.1752,122/118/115/112,121.0,118.0,115.0,112.0,3.0,2.28,0.188,618.79,105.81,19.73,-35.61,-1353.81,-2672.01,10600.0,1191.91,137.95,hold,expired,2012-04-20,18.54,108.84,137.95,
2012-01-27,2012-04-20,84,131.82,18.53,0.1752,122/118/115/112,121.0,118.0,115.0,112.0,3.0,2.28,0.188,618.79,105.81,19.73,-35.61,-1353.81,-2672.01,10600.0,1191.91,137.95,stop_touch,expired,2012-04-20,18.54,108.84,137.95,
2012-01-27,2012-04-20,84,131.82,18.53,0.1752,122/118/115/112,121.0,118.0,115.0,112.0,3.0,2.28,0.188,618.79,105.81,19.73,-35.61,-1353.81,-2672.01,10600.0,1191.91,137.95,stop_close,expired,2012-04-20,18.54,108.84,137.95,
2012-02-03,2012-04-20,77,134.54,17.1,0.1667,125/122/119/116,125.0,122.0,119.0,116.0,3.0,2.23,0.116,611.65,109.88,18.33,-225.15,-1570.55,-2915.95,11000.0,1233.43,137.95,hold,expired,2012-04-20,11.4,65.57,137.95,
2012-02-03,2012-04-20,77,134.54,17.1,0.1667,125/122/119/116,125.0,122.0,119.0,116.0,3.0,2.23,0.116,611.65,109.88,18.33,-225.15,-1570.55,-2915.95,11000.0,1233.43,137.95,stop_touch,expired,2012-04-20,11.4,65.57,137.95,
2012-02-03,2012-04-20,77,134.54,17.1,0.1667,125/122/119/116,125.0,122.0,119.0,116.0,3.0,2.23,0.116,611.65,109.88,18.33,-225.15,-1570.55,-2915.95,11000.0,1233.43,137.95,stop_close,expired,2012-04-20,11.4,65.57,137.95,
2012-02-10,2012-05-18,98,134.36,20.79,0.1887,123/119/115/111,123.0,119.0,115.0,111.0,4.0,2.98,0.055,805.54,102.94,23.38,454.34,-889.26,-2232.86,10300.0,1209.46,129.74,hold,expired,2012-05-18,5.29,30.49,129.74,
2012-02-10,2012-05-18,98,134.36,20.79,0.1887,123/119/115/111,123.0,119.0,115.0,111.0,4.0,2.98,0.055,805.54,102.94,23.38,454.34,-889.26,-2232.86,10300.0,1209.46,129.74,stop_touch,expired,2012-05-18,5.29,30.49,129.74,
2012-02-10,2012-05-18,98,134.36,20.79,0.1887,123/119/115/111,123.0,119.0,115.0,111.0,4.0,2.98,0.055,805.54,102.94,23.38,454.34,-889.26,-2232.86,10300.0,1209.46,129.74,stop_close,expired,2012-05-18,5.29,30.49,129.74,
2012-02-24,2012-05-18,84,136.93,17.31,0.1679,127/123/120/117,126.0,123.0,120.0,117.0,3.0,2.19,0.19,618.97,110.81,19.08,-126.63,-1495.93,-2865.23,11100.0,1240.99,129.74,hold,expired,2012-05-18,18.72,105.81,129.74,
2012-02-24,2012-05-18,84,136.93,17.31,0.1679,127/123/120/117,126.0,123.0,120.0,117.0,3.0,2.19,0.19,618.97,110.81,19.08,-126.63,-1495.93,-2865.23,11100.0,1240.99,129.74,stop_touch,expired,2012-05-18,18.72,105.81,129.74,
2012-02-24,2012-05-18,84,136.93,17.31,0.1679,127/123/120/117,126.0,123.0,120.0,117.0,3.0,2.19,0.19,618.97,110.81,19.08,-126.63,-1495.93,-2865.23,11100.0,1240.99,129.74,stop_close,expired,2012-05-18,18.72,105.81,129.74,
2012-03-02,2012-05-18,77,137.31,17.29,0.1678,128/124/121/118,127.0,124.0,121.0,118.0,3.0,2.18,0.147,614.66,111.85,18.54,-200.54,-1573.64,-2946.74,11200.0,1250.95,129.74,hold,expired,2012-05-18,14.41,81.2,129.74,
2012-03-02,2012-05-18,77,137.31,17.29,0.1678,128/124/121/118,127.0,124.0,121.0,118.0,3.0,2.18,0.147,614.66,111.85,18.54,-200.54,-1573.64,-2946.74,11200.0,1250.95,129.74,stop_touch,expired,2012-05-18,14.41,81.2,129.74,
2012-03-02,2012-05-18,77,137.31,17.29,0.1678,128/124/121/118,127.0,124.0,121.0,118.0,3.0,2.18,0.147,614.66,111.85,18.54,-200.54,-1573.64,-2946.74,11200.0,1250.95,129.74,stop_close,expired,2012-05-18,14.41,81.2,129.74,
2012-03-16,2012-06-15,91,140.3,14.47,0.1509,131/127/124/121,130.0,127.0,124.0,121.0,3.0,2.14,0.152,615.21,114.85,18.14,-260.79,-1663.79,-3066.79,11500.0,1281.64,134.14,hold,expired,2012-06-15,14.96,82.5,134.14,
2012-03-16,2012-06-15,91,140.3,14.47,0.1509,131/127/124/121,130.0,127.0,124.0,121.0,3.0,2.14,0.152,615.21,114.85,18.14,-260.79,-1663.79,-3066.79,11500.0,1281.64,134.14,stop_touch,expired,2012-06-15,14.96,82.5,134.14,
2012-03-16,2012-06-15,91,140.3,14.47,0.1509,131/127/124/121,130.0,127.0,124.0,121.0,3.0,2.14,0.152,615.21,114.85,18.14,-260.79,-1663.79,-3066.79,11500.0,1281.64,134.14,stop_close,expired,2012-06-15,14.96,82.5,134.14,
2012-03-23,2012-06-15,84,139.65,14.82,0.153,130/127/124/121,130.0,127.0,124.0,121.0,3.0,2.15,0.119,611.92,114.88,17.74,-316.08,-1712.58,-3109.08,11500.0,1282.79,134.14,hold,expired,2012-06-15,11.67,64.68,134.14,
2012-03-23,2012-06-15,84,139.65,14.82,0.153,130/127/124/121,130.0,127.0,124.0,121.0,3.0,2.15,0.119,611.92,114.88,17.74,-316.08,-1712.58,-3109.08,11500.0,1282.79,134.14,stop_touch,expired,2012-06-15,11.67,64.68,134.14,
2012-03-23,2012-06-15,84,139.65,14.82,0.153,130/127/124/121,130.0,127.0,124.0,121.0,3.0,2.15,0.119,611.92,114.88,17.74,-316.08,-1712.58,-3109.08,11500.0,1282.79,134.14,stop_close,expired,2012-06-15,11.67,64.68,134.14,
2012-03-30,2012-06-15,77,140.81,15.5,0.1571,131/128/125/122,131.0,128.0,125.0,122.0,3.0,2.13,0.11,611.0,115.89,17.7,-324.2,-1732.3,-3140.4,11600.0,1290.77,134.14,hold,expired,2012-06-15,10.75,59.11,134.14,
2012-03-30,2012-06-15,77,140.81,15.5,0.1571,131/128/125/122,131.0,128.0,125.0,122.0,3.0,2.13,0.11,611.0,115.89,17.7,-324.2,-1732.3,-3140.4,11600.0,1290.77,134.14,stop_touch,expired,2012-06-15,10.75,59.11,134.14,
2012-03-30,2012-06-15,77,140.81,15.5,0.1571,131/128/125/122,131.0,128.0,125.0,122.0,3.0,2.13,0.11,611.0,115.89,17.7,-324.2,-1732.3,-3140.4,11600.0,1290.77,134.14,stop_close,expired,2012-06-15,10.75,59.11,134.14,
2012-04-13,2012-07-20,98,137.14,19.55,0.1813,126/122/118/114,126.0,122.0,118.0,114.0,4.0,2.92,0.037,803.73,105.96,22.73,374.93,-996.47,-2367.87,10600.0,1238.88,136.47,hold,expired,2012-07-20,3.48,19.65,136.47,
2012-04-13,2012-07-20,98,137.14,19.55,0.1813,126/122/118/114,126.0,122.0,118.0,114.0,4.0,2.92,0.037,803.73,105.96,22.73,374.93,-996.47,-2367.87,10600.0,1238.88,136.47,stop_touch,expired,2012-07-20,3.48,19.65,136.47,
2012-04-13,2012-07-20,98,137.14,19.55,0.1813,126/122/118/114,126.0,122.0,118.0,114.0,4.0,2.92,0.037,803.73,105.96,22.73,374.93,-996.47,-2367.87,10600.0,1238.88,136.47,stop_close,expired,2012-07-20,3.48,19.65,136.47,
2012-04-20,2012-07-20,91,137.95,17.44,0.1687,127/124/120/117,126.0,123.0,120.0,117.0,3.0,2.17,0.245,624.52,110.75,19.71,-39.48,-1418.98,-2798.48,11100.0,1239.9,136.47,hold,expired,2012-07-20,24.27,136.16,136.47,
2012-04-20,2012-07-20,91,137.95,17.44,0.1687,127/124/120/117,126.0,123.0,120.0,117.0,3.0,2.17,0.245,624.52,110.75,19.71,-39.48,-1418.98,-2798.48,11100.0,1239.9,136.47,stop_touch,expired,2012-07-20,24.27,136.16,136.47,
2012-04-20,2012-07-20,91,137.95,17.44,0.1687,127/124/120/117,126.0,123.0,120.0,117.0,3.0,2.17,0.245,624.52,110.75,19.71,-39.48,-1418.98,-2798.48,11100.0,1239.9,136.47,stop_close,expired,2012-07-20,24.27,136.16,136.47,
2012-04-27,2012-07-20,84,140.39,16.32,0.162,130/127/124/120,129.0,126.0,123.0,120.0,3.0,2.14,0.179,617.86,113.82,18.92,-150.94,-1554.84,-2958.74,11400.0,1267.65,136.47,hold,expired,2012-07-20,17.61,97.06,136.47,
2012-04-27,2012-07-20,84,140.39,16.32,0.162,130/127/124/120,129.0,126.0,123.0,120.0,3.0,2.14,0.179,617.86,113.82,18.92,-150.94,-1554.84,-2958.74,11400.0,1267.65,136.47,stop_touch,expired,2012-07-20,17.61,97.06,136.47,
2012-04-27,2012-07-20,84,140.39,16.32,0.162,130/127/124/120,129.0,126.0,123.0,120.0,3.0,2.14,0.179,617.86,113.82,18.92,-150.94,-1554.84,-2958.74,11400.0,1267.65,136.47,stop_close,expired,2012-07-20,17.61,97.06,136.47,
2012-05-11,2012-08-17,98,135.61,19.89,0.1833,124/120/116/113,125.0,121.0,117.0,113.0,4.0,2.95,0.031,803.09,104.97,22.59,351.89,-1004.21,-2360.31,10500.0,1232.72,142.18,hold,expired,2012-08-17,2.84,16.2,142.18,
2012-05-11,2012-08-17,98,135.61,19.89,0.1833,124/120/116/113,125.0,121.0,117.0,113.0,4.0,2.95,0.031,803.09,104.97,22.59,351.89,-1004.21,-2360.31,10500.0,1232.72,142.18,stop_touch,expired,2012-08-17,2.84,16.2,142.18,
2012-05-11,2012-08-17,98,135.61,19.89,0.1833,124/120/116/113,125.0,121.0,117.0,113.0,4.0,2.95,0.031,803.09,104.97,22.59,351.89,-1004.21,-2360.31,10500.0,1232.72,142.18,stop_close,expired,2012-08-17,2.84,16.2,142.18,
2012-05-18,2012-08-17,91,129.74,25.1,0.2145,118/114/110/106,118.0,114.0,110.0,106.0,4.0,3.08,0.115,811.5,97.88,24.55,590.7,-706.7,-2004.1,9800.0,1162.71,142.18,hold,expired,2012-08-17,11.25,67.13,142.18,
2012-05-18,2012-08-17,91,129.74,25.1,0.2145,118/114/110/106,118.0,114.0,110.0,106.0,4.0,3.08,0.115,811.5,97.88,24.55,590.7,-706.7,-2004.1,9800.0,1162.71,142.18,stop_touch,expired,2012-08-17,11.25,67.13,142.18,
2012-05-18,2012-08-17,91,129.74,25.1,0.2145,118/114/110/106,118.0,114.0,110.0,106.0,4.0,3.08,0.115,811.5,97.88,24.55,590.7,-706.7,-2004.1,9800.0,1162.71,142.18,stop_close,expired,2012-08-17,11.25,67.13,142.18,
2012-06-01,2012-08-17,77,128.16,26.66,0.2238,117/113/109/105,117.0,113.0,109.0,105.0,4.0,3.12,0.042,804.24,96.96,24.35,557.04,-724.56,-2006.16,9700.0,1150.09,142.18,hold,expired,2012-08-17,3.99,24.09,142.18,
2012-06-01,2012-08-17,77,128.16,26.66,0.2238,117/113/109/105,117.0,113.0,109.0,105.0,4.0,3.12,0.042,804.24,96.96,24.35,557.04,-724.56,-2006.16,9700.0,1150.09,142.18,stop_touch,expired,2012-08-17,3.99,24.09,142.18,
2012-06-01,2012-08-17,77,128.16,26.66,0.2238,117/113/109/105,117.0,113.0,109.0,105.0,4.0,3.12,0.042,804.24,96.96,24.35,557.04,-724.56,-2006.16,9700.0,1150.09,142.18,stop_close,expired,2012-08-17,3.99,24.09,142.18,
2012-06-08,2012-09-21,105,133.1,21.23,0.1914,121/117/113/109,121.0,117.0,113.0,109.0,4.0,3.01,0.102,810.24,100.9,24.19,558.24,-772.76,-2103.76,10100.0,1189.02,145.87,hold,expired,2012-09-21,9.99,58.07,145.87,
2012-06-08,2012-09-21,105,133.1,21.23,0.1914,121/117/113/109,121.0,117.0,113.0,109.0,4.0,3.01,0.102,810.24,100.9,24.19,558.24,-772.76,-2103.76,10100.0,1189.02,145.87,stop_touch,expired,2012-09-21,9.99,58.07,145.87,
2012-06-08,2012-09-21,105,133.1,21.23,0.1914,121/117/113/109,121.0,117.0,113.0,109.0,4.0,3.01,0.102,810.24,100.9,24.19,558.24,-772.76,-2103.76,10100.0,1189.02,145.87,stop_close,expired,2012-09-21,9.99,58.07,145.87,
2012-06-15,2012-09-21,98,134.14,21.11,0.1906,122/118/115/111,123.0,119.0,115.0,111.0,4.0,2.98,0.064,806.44,102.94,23.26,437.64,-903.76,-2245.16,10300.0,1211.97,145.87,hold,expired,2012-09-21,6.19,35.69,145.87,
2012-06-15,2012-09-21,98,134.14,21.11,0.1906,122/118/115/111,123.0,119.0,115.0,111.0,4.0,2.98,0.064,806.44,102.94,23.26,437.64,-903.76,-2245.16,10300.0,1211.97,145.87,stop_touch,expired,2012-09-21,6.19,35.69,145.87,
2012-06-15,2012-09-21,98,134.14,21.11,0.1906,122/118/115/111,123.0,119.0,115.0,111.0,4.0,2.98,0.064,806.44,102.94,23.26,437.64,-903.76,-2245.16,10300.0,1211.97,145.87,stop_close,expired,2012-09-21,6.19,35.69,145.87,
2012-06-22,2012-09-21,91,133.46,18.11,0.1727,123/119/116/113,122.0,119.0,116.0,113.0,3.0,2.25,0.231,623.15,106.77,20.0,-0.05,-1334.65,-2669.25,10700.0,1201.7,145.87,hold,expired,2012-09-21,22.9,132.78,145.87,
2012-06-22,2012-09-21,91,133.46,18.11,0.1727,123/119/116/113,122.0,119.0,116.0,113.0,3.0,2.25,0.231,623.15,106.77,20.0,-0.05,-1334.65,-2669.25,10700.0,1201.7,145.87,stop_touch,expired,2012-09-21,22.9,132.78,145.87,
2012-06-22,2012-09-21,91,133.46,18.11,0.1727,123/119/116/113,122.0,119.0,116.0,113.0,3.0,2.25,0.231,623.15,106.77,20.0,-0.05,-1334.65,-2669.25,10700.0,1201.7,145.87,stop_close,expired,2012-09-21,22.9,132.78,145.87,
2012-06-29,2012-09-21,84,136.1,17.08,0.1665,126/123/119/116,125.0,122.0,119.0,116.0,3.0,2.2,0.171,617.09,109.83,19.3,-94.91,-1455.91,-2816.91,11000.0,1228.9,145.87,hold,expired,2012-09-21,16.84,95.74,145.87,
2012-06-29,2012-09-21,84,136.1,17.08,0.1665,126/123/119/116,125.0,122.0,119.0,116.0,3.0,2.2,0.171,617.09,109.83,19.3,-94.91,-1455.91,-2816.91,11000.0,1228.9,145.87,stop_touch,expired,2012-09-21,16.84,95.74,145.87,
2012-06-29,2012-09-21,84,136.1,17.08,0.1665,126/123/119/116,125.0,122.0,119.0,116.0,3.0,2.2,0.171,617.09,109.83,19.3,-94.91,-1455.91,-2816.91,11000.0,1228.9,145.87,stop_close,expired,2012-09-21,16.84,95.74,145.87,
2012-07-06,2012-09-21,77,135.49,17.1,0.1667,126/123/120/116,125.0,122.0,119.0,116.0,3.0,2.21,0.122,612.23,109.88,18.9,-148.57,-1503.47,-2858.37,11000.0,1228.31,145.87,hold,expired,2012-09-21,11.98,68.44,145.87,
2012-07-06,2012-09-21,77,135.49,17.1,0.1667,126/123/120/116,125.0,122.0,119.0,116.0,3.0,2.21,0.122,612.23,109.88,18.9,-148.57,-1503.47,-2858.37,11000.0,1228.31,145.87,stop_touch,expired,2012-09-21,11.98,68.44,145.87,
2012-07-06,2012-09-21,77,135.49,17.1,0.1667,126/123/120/116,125.0,122.0,119.0,116.0,3.0,2.21,0.122,612.23,109.88,18.9,-148.57,-1503.47,-2858.37,11000.0,1228.31,145.87,stop_close,expired,2012-09-21,11.98,68.44,145.87,
2012-07-13,2012-10-19,98,135.75,16.74,0.1645,125/122/118/115,124.0,121.0,118.0,115.0,3.0,2.21,0.24,624.02,108.76,19.88,-15.98,-1373.48,-2730.98,10900.0,1220.88,143.39,hold,expired,2012-10-19,23.77,135.51,143.39,
2012-07-13,2012-10-19,98,135.75,16.74,0.1645,125/122/118/115,124.0,121.0,118.0,115.0,3.0,2.21,0.24,624.02,108.76,19.88,-15.98,-1373.48,-2730.98,10900.0,1220.88,143.39,stop_touch,expired,2012-10-19,23.77,135.51,143.39,
2012-07-13,2012-10-19,98,135.75,16.74,0.1645,125/122/118/115,124.0,121.0,118.0,115.0,3.0,2.21,0.24,624.02,108.76,19.88,-15.98,-1373.48,-2730.98,10900.0,1220.88,143.39,stop_close,expired,2012-10-19,23.77,135.51,143.39,
2012-07-20,2012-10-19,91,136.47,16.27,0.1617,126/123/120/116,125.0,122.0,119.0,116.0,3.0,2.2,0.184,618.45,109.82,19.53,-63.95,-1428.65,-2793.35,11000.0,1228.23,143.39,hold,expired,2012-10-19,18.2,103.19,143.39,
2012-07-20,2012-10-19,91,136.47,16.27,0.1617,126/123/120/116,125.0,122.0,119.0,116.0,3.0,2.2,0.184,618.45,109.82,19.53,-63.95,-1428.65,-2793.35,11000.0,1228.23,143.39,stop_touch,expired,2012-10-19,18.2,103.19,143.39,
2012-07-20,2012-10-19,91,136.47,16.27,0.1617,126/123/120/116,125.0,122.0,119.0,116.0,3.0,2.2,0.184,618.45,109.82,19.53,-63.95,-1428.65,-2793.35,11000.0,1228.23,143.39,stop_close,expired,2012-10-19,18.2,103.19,143.39,
2012-07-27,2012-10-19,84,138.68,16.7,0.1643,129/125/122/119,128.0,125.0,122.0,119.0,3.0,2.16,0.184,618.35,112.82,18.65,-187.25,-1574.05,-2960.85,11300.0,1261.7,143.39,hold,expired,2012-10-19,18.1,101.03,143.39,
2012-07-27,2012-10-19,84,138.68,16.7,0.1643,129/125/122/119,128.0,125.0,122.0,119.0,3.0,2.16,0.184,618.35,112.82,18.65,-187.25,-1574.05,-2960.85,11300.0,1261.7,143.39,stop_touch,expired,2012-10-19,18.1,101.03,143.39,
2012-07-27,2012-10-19,84,138.68,16.7,0.1643,129/125/122/119,128.0,125.0,122.0,119.0,3.0,2.16,0.184,618.35,112.82,18.65,-187.25,-1574.05,-2960.85,11300.0,1261.7,143.39,stop_close,expired,2012-10-19,18.1,101.03,143.39,
2012-08-03,2012-10-19,77,139.35,15.64,0.1579,130/127/124/121,130.0,127.0,124.0,121.0,3.0,2.15,0.104,610.36,114.9,17.55,-341.64,-1735.14,-3128.64,11500.0,1283.2,143.39,hold,expired,2012-10-19,10.11,56.14,143.39,
2012-08-03,2012-10-19,77,139.35,15.64,0.1579,130/127/124/121,130.0,127.0,124.0,121.0,3.0,2.15,0.104,610.36,114.9,17.55,-341.64,-1735.14,-3128.64,11500.0,1283.2,143.39,stop_touch,expired,2012-10-19,10.11,56.14,143.39,
2012-08-03,2012-10-19,77,139.35,15.64,0.1579,130/127/124/121,130.0,127.0,124.0,121.0,3.0,2.15,0.104,610.36,114.9,17.55,-341.64,-1735.14,-3128.64,11500.0,1283.2,143.39,stop_close,expired,2012-10-19,10.11,56.14,143.39,
2012-08-17,2012-11-16,91,142.18,13.45,0.1448,133/129/126/123,132.0,129.0,126.0,123.0,3.0,2.11,0.125,612.52,116.87,17.8,-313.08,-1734.88,-3156.68,11700.0,1300.18,136.37,hold,expired,2012-11-16,12.27,66.78,136.37,
2012-08-17,2012-11-16,91,142.18,13.45,0.1448,133/129/126/123,132.0,129.0,126.0,123.0,3.0,2.11,0.125,612.52,116.87,17.8,-313.08,-1734.88,-3156.68,11700.0,1300.18,136.37,stop_touch,expired,2012-11-16,12.27,66.78,136.37,
2012-08-17,2012-11-16,91,142.18,13.45,0.1448,133/129/126/123,132.0,129.0,126.0,123.0,3.0,2.11,0.125,612.52,116.87,17.8,-313.08,-1734.88,-3156.68,11700.0,1300.18,136.37,stop_close,expired,2012-11-16,12.27,66.78,136.37,
2012-08-24,2012-11-16,84,141.51,15.18,0.1552,132/128/125/122,131.0,128.0,125.0,122.0,3.0,2.12,0.147,614.74,115.85,18.13,-264.46,-1679.56,-3094.66,11600.0,1289.82,136.37,hold,expired,2012-11-16,14.49,79.27,136.37,
2012-08-24,2012-11-16,84,141.51,15.18,0.1552,132/128/125/122,131.0,128.0,125.0,122.0,3.0,2.12,0.147,614.74,115.85,18.13,-264.46,-1679.56,-3094.66,11600.0,1289.82,136.37,stop_touch,expired,2012-11-16,14.49,79.27,136.37,
2012-08-24,2012-11-16,84,141.51,15.18,0.1552,132/128/125/122,131.0,128.0,125.0,122.0,3.0,2.12,0.147,614.74,115.85,18.13,-264.46,-1679.56,-3094.66,11600.0,1289.82,136.37,stop_close,expired,2012-11-16,14.49,79.27,136.37,
2012-08-31,2012-11-16,77,141.16,17.47,0.1689,131/128/124/121,130.0,127.0,124.0,121.0,3.0,2.13,0.184,618.42,114.82,18.66,-188.78,-1600.38,-3011.98,11500.0,1278.88,136.37,hold,expired,2012-11-16,18.17,99.59,136.37,
2012-08-31,2012-11-16,77,141.16,17.47,0.1689,131/128/124/121,130.0,127.0,124.0,121.0,3.0,2.13,0.184,618.42,114.82,18.66,-188.78,-1600.38,-3011.98,11500.0,1278.88,136.37,stop_touch,expired,2012-11-16,18.17,99.59,136.37,
2012-08-31,2012-11-16,77,141.16,17.47,0.1689,131/128/124/121,130.0,127.0,124.0,121.0,3.0,2.13,0.184,618.42,114.82,18.66,-188.78,-1600.38,-3011.98,11500.0,1278.88,136.37,stop_close,expired,2012-11-16,18.17,99.59,136.37,
2012-09-21,2012-12-21,91,145.87,13.98,0.148,136/132/129/126,135.0,132.0,129.0,126.0,3.0,2.06,0.178,617.76,119.82,17.86,-312.64,-1771.34,-3230.04,12000.0,1329.97,142.79,hold,expired,2012-12-21,17.51,92.91,142.79,
2012-09-21,2012-12-21,91,145.87,13.98,0.148,136/132/129/126,135.0,132.0,129.0,126.0,3.0,2.06,0.178,617.76,119.82,17.86,-312.64,-1771.34,-3230.04,12000.0,1329.97,142.79,stop_touch,expired,2012-12-21,17.51,92.91,142.79,
2012-09-21,2012-12-21,91,145.87,13.98,0.148,136/132/129/126,135.0,132.0,129.0,126.0,3.0,2.06,0.178,617.76,119.82,17.86,-312.64,-1771.34,-3230.04,12000.0,1329.97,142.79,stop_close,expired,2012-12-21,17.51,92.91,142.79,
2012-09-28,2012-12-21,84,143.97,15.73,0.1585,134/130/127/124,133.0,130.0,127.0,124.0,3.0,2.08,0.19,619.04,117.81,18.17,-263.36,-1703.06,-3142.76,11800.0,1310.25,142.79,hold,expired,2012-12-21,18.79,101.02,142.79,
2012-09-28,2012-12-21,84,143.97,15.73,0.1585,134/130/127/124,133.0,130.0,127.0,124.0,3.0,2.08,0.19,619.04,117.81,18.17,-263.36,-1703.06,-3142.76,11800.0,1310.25,142.79,stop_touch,expired,2012-12-21,18.79,101.02,142.79,
2012-09-28,2012-12-21,84,143.97,15.73,0.1585,134/130/127/124,133.0,130.0,127.0,124.0,3.0,2.08,0.19,619.04,117.81,18.17,-263.36,-1703.06,-3142.76,11800.0,1310.25,142.79,stop_close,expired,2012-12-21,18.79,101.02,142.79,
2012-10-05,2012-12-21,77,146.14,14.33,0.1501,137/134/130/127,136.0,133.0,130.0,127.0,3.0,2.05,0.107,610.74,120.89,17.28,-398.06,-1859.46,-3320.86,12100.0,1338.24,142.79,hold,expired,2012-12-21,10.49,55.55,142.79,
2012-10-05,2012-12-21,77,146.14,14.33,0.1501,137/134/130/127,136.0,133.0,130.0,127.0,3.0,2.05,0.107,610.74,120.89,17.28,-398.06,-1859.46,-3320.86,12100.0,1338.24,142.79,stop_touch,expired,2012-12-21,10.49,55.55,142.79,
2012-10-05,2012-12-21,77,146.14,14.33,0.1501,137/134/130/127,136.0,133.0,130.0,127.0,3.0,2.05,0.107,610.74,120.89,17.28,-398.06,-1859.46,-3320.86,12100.0,1338.24,142.79,stop_close,expired,2012-12-21,10.49,55.55,142.79,
2012-11-02,2013-01-18,77,141.56,17.59,0.1696,131/128/125/121,130.0,127.0,124.0,121.0,3.0,2.12,0.189,618.94,114.81,18.9,-156.26,-1571.86,-2987.46,11500.0,1277.29,148.33,hold,expired,2013-01-18,18.69,102.18,148.33,
2012-11-02,2013-01-18,77,141.56,17.59,0.1696,131/128/125/121,130.0,127.0,124.0,121.0,3.0,2.12,0.189,618.94,114.81,18.9,-156.26,-1571.86,-2987.46,11500.0,1277.29,148.33,stop_touch,expired,2013-01-18,18.69,102.18,148.33,
2012-11-02,2013-01-18,77,141.56,17.59,0.1696,131/128/125/121,130.0,127.0,124.0,121.0,3.0,2.12,0.189,618.94,114.81,18.9,-156.26,-1571.86,-2987.46,11500.0,1277.29,148.33,stop_close,expired,2013-01-18,18.69,102.18,148.33,
2012-11-09,2013-02-15,98,138.16,18.61,0.1757,127/123/119/116,128.0,124.0,120.0,116.0,4.0,2.9,0.005,800.45,108.0,21.83,253.25,-1128.35,-2509.95,10800.0,1263.49,152.11,hold,expired,2013-02-15,0.2,1.13,152.11,
2012-11-09,2013-02-15,98,138.16,18.61,0.1757,127/123/119/116,128.0,124.0,120.0,116.0,4.0,2.9,0.005,800.45,108.0,21.83,253.25,-1128.35,-2509.95,10800.0,1263.49,152.11,stop_touch,expired,2013-02-15,0.2,1.13,152.11,
2012-11-09,2013-02-15,98,138.16,18.61,0.1757,127/123/119/116,128.0,124.0,120.0,116.0,4.0,2.9,0.005,800.45,108.0,21.83,253.25,-1128.35,-2509.95,10800.0,1263.49,152.11,stop_close,expired,2013-02-15,0.2,1.13,152.11,
2012-11-16,2013-02-15,91,136.37,16.41,0.1625,126/123/119/116,125.0,122.0,119.0,116.0,3.0,2.2,0.19,619.02,109.81,19.48,-71.38,-1435.08,-2798.78,11000.0,1229.11,152.11,hold,expired,2013-02-15,18.77,106.52,152.11,
2012-11-16,2013-02-15,91,136.37,16.41,0.1625,126/123/119/116,125.0,122.0,119.0,116.0,3.0,2.2,0.19,619.02,109.81,19.48,-71.38,-1435.08,-2798.78,11000.0,1229.11,152.11,stop_touch,expired,2013-02-15,18.77,106.52,152.11,
2012-11-16,2013-02-15,91,136.37,16.41,0.1625,126/123/119/116,125.0,122.0,119.0,116.0,3.0,2.2,0.19,619.02,109.81,19.48,-71.38,-1435.08,-2798.78,11000.0,1229.11,152.11,stop_close,expired,2013-02-15,18.77,106.52,152.11,
2012-11-23,2013-02-15,84,141.35,15.14,0.1549,132/128/125/122,131.0,128.0,125.0,122.0,3.0,2.12,0.145,614.51,115.85,18.04,-277.49,-1690.99,-3104.49,11600.0,1290.53,152.11,hold,expired,2013-02-15,14.26,78.09,152.11,
2012-11-23,2013-02-15,84,141.35,15.14,0.1549,132/128/125/122,131.0,128.0,125.0,122.0,3.0,2.12,0.145,614.51,115.85,18.04,-277.49,-1690.99,-3104.49,11600.0,1290.53,152.11,stop_touch,expired,2013-02-15,14.26,78.09,152.11,
2012-11-23,2013-02-15,84,141.35,15.14,0.1549,132/128/125/122,131.0,128.0,125.0,122.0,3.0,2.12,0.145,614.51,115.85,18.04,-277.49,-1690.99,-3104.49,11600.0,1290.53,152.11,stop_close,expired,2013-02-15,14.26,78.09,152.11,
2012-11-30,2013-02-15,77,142.15,15.87,0.1593,133/129/126/123,132.0,129.0,126.0,123.0,3.0,2.11,0.135,613.51,116.86,17.79,-314.49,-1735.99,-3157.49,11700.0,1300.6,152.11,hold,expired,2013-02-15,13.26,72.18,152.11,
2012-11-30,2013-02-15,77,142.15,15.87,0.1593,133/129/126/123,132.0,129.0,126.0,123.0,3.0,2.11,0.135,613.51,116.86,17.79,-314.49,-1735.99,-3157.49,11700.0,1300.6,152.11,stop_touch,expired,2013-02-15,13.26,72.18,152.11,
2012-11-30,2013-02-15,77,142.15,15.87,0.1593,133/129/126/123,132.0,129.0,126.0,123.0,3.0,2.11,0.135,613.51,116.86,17.79,-314.49,-1735.99,-3157.49,11700.0,1300.6,152.11,stop_close,expired,2013-02-15,13.26,72.18,152.11,
2012-12-14,2013-03-15,91,142.1,17.0,0.1661,131/128/124/121,130.0,127.0,124.0,121.0,3.0,2.11,0.268,626.8,114.73,19.26,-105.2,-1526.2,-2947.2,11500.0,1280.29,155.83,hold,expired,2013-03-15,26.55,144.59,155.83,
2012-12-14,2013-03-15,91,142.1,17.0,0.1661,131/128/124/121,130.0,127.0,124.0,121.0,3.0,2.11,0.268,626.8,114.73,19.26,-105.2,-1526.2,-2947.2,11500.0,1280.29,155.83,stop_touch,expired,2013-03-15,26.55,144.59,155.83,
2012-12-14,2013-03-15,91,142.1,17.0,0.1661,131/128/124/121,130.0,127.0,124.0,121.0,3.0,2.11,0.268,626.8,114.73,19.26,-105.2,-1526.2,-2947.2,11500.0,1280.29,155.83,stop_close,expired,2013-03-15,26.55,144.59,155.83,
2012-12-28,2013-03-15,77,140.03,22.72,0.2003,129/125/121/117,129.0,125.0,121.0,117.0,4.0,2.86,0.041,804.07,108.96,22.19,306.47,-1093.83,-2494.13,10900.0,1268.53,155.83,hold,expired,2013-03-15,3.82,21.1,155.83,
2012-12-28,2013-03-15,77,140.03,22.72,0.2003,129/125/121/117,129.0,125.0,121.0,117.0,4.0,2.86,0.041,804.07,108.96,22.19,306.47,-1093.83,-2494.13,10900.0,1268.53,155.83,stop_touch,expired,2013-03-15,3.82,21.1,155.83,
2012-12-28,2013-03-15,77,140.03,22.72,0.2003,129/125/121/117,129.0,125.0,121.0,117.0,4.0,2.86,0.041,804.07,108.96,22.19,306.47,-1093.83,-2494.13,10900.0,1268.53,155.83,stop_close,expired,2013-03-15,3.82,21.1,155.83,
2013-01-18,2013-04-19,91,148.33,12.46,0.1389,139/135/132/129,138.0,135.0,132.0,129.0,3.0,2.02,0.133,613.3,122.87,17.17,-420.3,-1903.6,-3386.9,12300.0,1359.56,155.48,hold,expired,2013-04-19,13.05,68.11,155.48,
2013-01-18,2013-04-19,91,148.33,12.46,0.1389,139/135/132/129,138.0,135.0,132.0,129.0,3.0,2.02,0.133,613.3,122.87,17.17,-420.3,-1903.6,-3386.9,12300.0,1359.56,155.48,stop_touch,expired,2013-04-19,13.05,68.11,155.48,
2013-01-18,2013-04-19,91,148.33,12.46,0.1389,139/135/132/129,138.0,135.0,132.0,129.0,3.0,2.02,0.133,613.3,122.87,17.17,-420.3,-1903.6,-3386.9,12300.0,1359.56,155.48,stop_close,expired,2013-04-19,13.05,68.11,155.48,
2013-01-25,2013-04-19,84,150.25,12.89,0.1415,141/137/134/131,140.0,137.0,134.0,131.0,3.0,2.0,0.125,612.52,124.87,16.89,-467.48,-1969.98,-3472.48,12500.0,1379.03,155.48,hold,expired,2013-04-19,12.27,63.2,155.48,
2013-01-25,2013-04-19,84,150.25,12.89,0.1415,141/137/134/131,140.0,137.0,134.0,131.0,3.0,2.0,0.125,612.52,124.87,16.89,-467.48,-1969.98,-3472.48,12500.0,1379.03,155.48,stop_touch,expired,2013-04-19,12.27,63.2,155.48,
2013-01-25,2013-04-19,84,150.25,12.89,0.1415,141/137/134/131,140.0,137.0,134.0,131.0,3.0,2.0,0.125,612.52,124.87,16.89,-467.48,-1969.98,-3472.48,12500.0,1379.03,155.48,stop_close,expired,2013-04-19,12.27,63.2,155.48,
2013-02-01,2013-04-19,77,151.24,12.9,0.1415,142/139/136/133,142.0,139.0,136.0,133.0,3.0,1.98,0.089,608.92,126.91,16.09,-591.88,-2104.28,-3616.68,12700.0,1402.0,155.48,hold,expired,2013-04-19,8.67,44.37,155.48,
2013-02-01,2013-04-19,77,151.24,12.9,0.1415,142/139/136/133,142.0,139.0,136.0,133.0,3.0,1.98,0.089,608.92,126.91,16.09,-591.88,-2104.28,-3616.68,12700.0,1402.0,155.48,stop_touch,expired,2013-04-19,8.67,44.37,155.48,
2013-02-01,2013-04-19,77,151.24,12.9,0.1415,142/139/136/133,142.0,139.0,136.0,133.0,3.0,1.98,0.089,608.92,126.91,16.09,-591.88,-2104.28,-3616.68,12700.0,1402.0,155.48,stop_close,expired,2013-04-19,8.67,44.37,155.48,
2013-02-08,2013-05-17,98,151.8,13.02,0.1423,141/138/134/131,140.0,137.0,134.0,131.0,3.0,1.98,0.223,622.29,124.78,17.8,-333.71,-1851.71,-3369.71,12500.0,1378.35,166.94,hold,expired,2013-05-17,22.04,112.34,166.94,
2013-02-08,2013-05-17,98,151.8,13.02,0.1423,141/138/134/131,140.0,137.0,134.0,131.0,3.0,1.98,0.223,622.29,124.78,17.8,-333.71,-1851.71,-3369.71,12500.0,1378.35,166.94,stop_touch,expired,2013-05-17,22.04,112.34,166.94,
2013-02-08,2013-05-17,98,151.8,13.02,0.1423,141/138/134/131,140.0,137.0,134.0,131.0,3.0,1.98,0.223,622.29,124.78,17.8,-333.71,-1851.71,-3369.71,12500.0,1378.35,166.94,stop_close,expired,2013-05-17,22.04,112.34,166.94,
2013-02-15,2013-05-17,91,152.11,12.46,0.1389,142/139/135/132,141.0,138.0,135.0,132.0,3.0,1.97,0.16,616.05,125.84,17.27,-415.15,-1936.25,-3457.35,12600.0,1387.18,166.94,hold,expired,2013-05-17,15.8,80.38,166.94,
2013-02-15,2013-05-17,91,152.11,12.46,0.1389,142/139/135/132,141.0,138.0,135.0,132.0,3.0,1.97,0.16,616.05,125.84,17.27,-415.15,-1936.25,-3457.35,12600.0,1387.18,166.94,stop_touch,expired,2013-05-17,15.8,80.38,166.94,
2013-02-15,2013-05-17,91,152.11,12.46,0.1389,142/139/135/132,141.0,138.0,135.0,132.0,3.0,1.97,0.16,616.05,125.84,17.27,-415.15,-1936.25,-3457.35,12600.0,1387.18,166.94,stop_close,expired,2013-05-17,15.8,80.38,166.94,
2013-02-22,2013-05-17,84,151.89,14.17,0.1491,142/138/135/132,141.0,138.0,135.0,132.0,3.0,1.98,0.193,619.34,125.81,17.17,-429.46,-1948.36,-3467.26,12600.0,1390.34,166.94,hold,expired,2013-05-17,19.09,97.25,166.94,
2013-02-22,2013-05-17,84,151.89,14.17,0.1491,142/138/135/132,141.0,138.0,135.0,132.0,3.0,1.98,0.193,619.34,125.81,17.17,-429.46,-1948.36,-3467.26,12600.0,1390.34,166.94,stop_touch,expired,2013-05-17,19.09,97.25,166.94,
2013-02-22,2013-05-17,84,151.89,14.17,0.1491,142/138/135/132,141.0,138.0,135.0,132.0,3.0,1.98,0.193,619.34,125.81,17.17,-429.46,-1948.36,-3467.26,12600.0,1390.34,166.94,stop_close,expired,2013-05-17,19.09,97.25,166.94,
2013-03-01,2013-05-17,77,152.11,15.36,0.1563,142/139/135/132,141.0,138.0,135.0,132.0,3.0,1.97,0.196,619.57,125.8,17.29,-411.63,-1932.73,-3453.83,12600.0,1389.14,166.94,hold,expired,2013-05-17,19.32,98.31,166.94,
2013-03-01,2013-05-17,77,152.11,15.36,0.1563,142/139/135/132,141.0,138.0,135.0,132.0,3.0,1.97,0.196,619.57,125.8,17.29,-411.63,-1932.73,-3453.83,12600.0,1389.14,166.94,stop_touch,expired,2013-05-17,19.32,98.31,166.94,
2013-03-01,2013-05-17,77,152.11,15.36,0.1563,142/139/135/132,141.0,138.0,135.0,132.0,3.0,1.97,0.196,619.57,125.8,17.29,-411.63,-1932.73,-3453.83,12600.0,1389.14,166.94,stop_close,expired,2013-05-17,19.32,98.31,166.94,
2013-03-15,2013-06-21,98,155.83,11.3,0.132,146/142/139/136,145.0,142.0,139.0,136.0,3.0,1.93,0.179,617.89,129.82,16.69,-515.71,-2074.01,-3632.31,13000.0,1429.94,159.07,hold,expired,2013-06-21,17.64,87.61,159.07,
2013-03-15,2013-06-21,98,155.83,11.3,0.132,146/142/139/136,145.0,142.0,139.0,136.0,3.0,1.93,0.179,617.89,129.82,16.69,-515.71,-2074.01,-3632.31,13000.0,1429.94,159.07,stop_touch,expired,2013-06-21,17.64,87.61,159.07,
2013-03-15,2013-06-21,98,155.83,11.3,0.132,146/142/139/136,145.0,142.0,139.0,136.0,3.0,1.93,0.179,617.89,129.82,16.69,-515.71,-2074.01,-3632.31,13000.0,1429.94,159.07,stop_close,expired,2013-06-21,17.64,87.61,159.07,
2013-03-28,2013-06-21,85,156.67,12.7,0.1403,147/143/140/137,146.0,143.0,140.0,137.0,3.0,1.91,0.173,617.33,130.83,16.5,-549.07,-2115.77,-3682.47,13100.0,1439.86,159.07,hold,expired,2013-06-21,17.08,84.38,159.07,
2013-03-28,2013-06-21,85,156.67,12.7,0.1403,147/143/140/137,146.0,143.0,140.0,137.0,3.0,1.91,0.173,617.33,130.83,16.5,-549.07,-2115.77,-3682.47,13100.0,1439.86,159.07,stop_touch,expired,2013-06-21,17.08,84.38,159.07,
2013-03-28,2013-06-21,85,156.67,12.7,0.1403,147/143/140/137,146.0,143.0,140.0,137.0,3.0,1.91,0.173,617.33,130.83,16.5,-549.07,-2115.77,-3682.47,13100.0,1439.86,159.07,stop_close,expired,2013-06-21,17.08,84.38,159.07,
2013-04-05,2013-06-21,77,155.16,13.92,0.1476,145/142/139/135,144.0,141.0,138.0,135.0,3.0,1.93,0.158,615.81,128.84,16.96,-471.39,-2022.99,-3574.59,12900.0,1416.08,159.07,hold,expired,2013-06-21,15.56,77.6,159.07,
2013-04-05,2013-06-21,77,155.16,13.92,0.1476,145/142/139/135,144.0,141.0,138.0,135.0,3.0,1.93,0.158,615.81,128.84,16.96,-471.39,-2022.99,-3574.59,12900.0,1416.08,159.07,stop_touch,expired,2013-06-21,15.56,77.6,159.07,
2013-04-05,2013-06-21,77,155.16,13.92,0.1476,145/142/139/135,144.0,141.0,138.0,135.0,3.0,1.93,0.158,615.81,128.84,16.96,-471.39,-2022.99,-3574.59,12900.0,1416.08,159.07,stop_close,expired,2013-06-21,15.56,77.6,159.07,
2013-04-12,2013-07-19,98,158.8,12.06,0.1365,148/145/141/138,147.0,144.0,141.0,138.0,3.0,1.89,0.237,623.66,131.76,17.03,-472.34,-2060.34,-3648.34,13200.0,1448.8,169.17,hold,expired,2013-07-19,23.41,114.09,169.17,
2013-04-12,2013-07-19,98,158.8,12.06,0.1365,148/145/141/138,147.0,144.0,141.0,138.0,3.0,1.89,0.237,623.66,131.76,17.03,-472.34,-2060.34,-3648.34,13200.0,1448.8,169.17,stop_touch,expired,2013-07-19,23.41,114.09,169.17,
2013-04-12,2013-07-19,98,158.8,12.06,0.1365,148/145/141/138,147.0,144.0,141.0,138.0,3.0,1.89,0.237,623.66,131.76,17.03,-472.34,-2060.34,-3648.34,13200.0,1448.8,169.17,stop_close,expired,2013-07-19,23.41,114.09,169.17,
2013-05-31,2013-08-16,77,163.45,16.3,0.1619,152/148/145/141,153.0,149.0,145.0,141.0,4.0,2.45,0.008,800.77,132.99,18.63,-223.23,-1857.73,-3492.23,13300.0,1506.77,165.83,hold,expired,2013-08-16,0.52,2.44,165.83,
2013-05-31,2013-08-16,77,163.45,16.3,0.1619,152/148/145/141,153.0,149.0,145.0,141.0,4.0,2.45,0.008,800.77,132.99,18.63,-223.23,-1857.73,-3492.23,13300.0,1506.77,165.83,stop_touch,expired,2013-08-16,0.52,2.44,165.83,
2013-05-31,2013-08-16,77,163.45,16.3,0.1619,152/148/145/141,153.0,149.0,145.0,141.0,4.0,2.45,0.008,800.77,132.99,18.63,-223.23,-1857.73,-3492.23,13300.0,1506.77,165.83,stop_close,expired,2013-08-16,0.52,2.44,165.83,
2013-06-07,2013-09-20,105,164.8,15.14,0.1549,152/148/144/140,152.0,148.0,144.0,140.0,4.0,2.43,0.168,816.81,131.83,20.0,0.81,-1647.19,-3295.19,13200.0,1495.35,170.72,hold,expired,2013-09-20,16.56,77.78,170.72,
2013-06-07,2013-09-20,105,164.8,15.14,0.1549,152/148/144/140,152.0,148.0,144.0,140.0,4.0,2.43,0.168,816.81,131.83,20.0,0.81,-1647.19,-3295.19,13200.0,1495.35,170.72,stop_touch,expired,2013-09-20,16.56,77.78,170.72,
2013-06-07,2013-09-20,105,164.8,15.14,0.1549,152/148/144/140,152.0,148.0,144.0,140.0,4.0,2.43,0.168,816.81,131.83,20.0,0.81,-1647.19,-3295.19,13200.0,1495.35,170.72,stop_close,expired,2013-09-20,16.56,77.78,170.72,
2013-06-14,2013-09-20,98,163.18,17.15,0.167,150/146/142/137,149.0,145.0,141.0,137.0,4.0,2.45,0.201,820.11,128.8,21.07,174.51,-1457.29,-3089.09,12900.0,1459.8,170.72,hold,expired,2013-09-20,19.86,94.17,170.72,
2013-06-14,2013-09-20,98,163.18,17.15,0.167,150/146/142/137,149.0,145.0,141.0,137.0,4.0,2.45,0.201,820.11,128.8,21.07,174.51,-1457.29,-3089.09,12900.0,1459.8,170.72,stop_touch,expired,2013-09-20,19.86,94.17,170.72,
2013-06-14,2013-09-20,98,163.18,17.15,0.167,150/146/142/137,149.0,145.0,141.0,137.0,4.0,2.45,0.201,820.11,128.8,21.07,174.51,-1457.29,-3089.09,12900.0,1459.8,170.72,stop_close,expired,2013-09-20,19.86,94.17,170.72,
2013-06-21,2013-09-20,91,159.07,18.9,0.1774,146/142/138/134,146.0,142.0,138.0,134.0,4.0,2.51,0.195,819.5,125.81,20.91,145.1,-1445.6,-3036.3,12600.0,1435.83,170.72,hold,expired,2013-09-20,19.25,93.64,170.72,
2013-06-21,2013-09-20,91,159.07,18.9,0.1774,146/142/138/134,146.0,142.0,138.0,134.0,4.0,2.51,0.195,819.5,125.81,20.91,145.1,-1445.6,-3036.3,12600.0,1435.83,170.72,stop_touch,expired,2013-09-20,19.25,93.64,170.72,
2013-06-21,2013-09-20,91,159.07,18.9,0.1774,146/142/138/134,146.0,142.0,138.0,134.0,4.0,2.51,0.195,819.5,125.81,20.91,145.1,-1445.6,-3036.3,12600.0,1435.83,170.72,stop_close,expired,2013-09-20,19.25,93.64,170.72,
2013-06-28,2013-09-20,84,160.42,16.86,0.1652,149/145/141/137,149.0,145.0,141.0,137.0,4.0,2.49,0.063,806.25,128.94,19.63,-60.15,-1664.35,-3268.55,12900.0,1465.15,170.72,hold,expired,2013-09-20,6.0,28.96,170.72,
2013-06-28,2013-09-20,84,160.42,16.86,0.1652,149/145/141/137,149.0,145.0,141.0,137.0,4.0,2.49,0.063,806.25,128.94,19.63,-60.15,-1664.35,-3268.55,12900.0,1465.15,170.72,stop_touch,expired,2013-09-20,6.0,28.96,170.72,
2013-06-28,2013-09-20,84,160.42,16.86,0.1652,149/145/141/137,149.0,145.0,141.0,137.0,4.0,2.49,0.063,806.25,128.94,19.63,-60.15,-1664.35,-3268.55,12900.0,1465.15,170.72,stop_close,expired,2013-09-20,6.0,28.96,170.72,
2013-07-12,2013-10-18,98,167.51,13.84,0.1472,156/152/148/144,156.0,152.0,148.0,144.0,4.0,2.39,0.08,807.99,135.92,18.86,-191.21,-1866.31,-3541.41,13600.0,1536.05,174.39,hold,expired,2013-10-18,7.74,35.74,174.39,
2013-07-12,2013-10-18,98,167.51,13.84,0.1472,156/152/148/144,156.0,152.0,148.0,144.0,4.0,2.39,0.08,807.99,135.92,18.86,-191.21,-1866.31,-3541.41,13600.0,1536.05,174.39,stop_touch,expired,2013-10-18,7.74,35.74,174.39,
2013-07-12,2013-10-18,98,167.51,13.84,0.1472,156/152/148/144,156.0,152.0,148.0,144.0,4.0,2.39,0.08,807.99,135.92,18.86,-191.21,-1866.31,-3541.41,13600.0,1536.05,174.39,stop_close,expired,2013-10-18,7.74,35.74,174.39,
2013-07-26,2013-10-18,84,169.11,12.72,0.1405,158/155/151/148,157.0,154.0,151.0,148.0,3.0,1.77,0.26,625.96,141.74,16.18,-645.24,-2336.34,-4027.44,14200.0,1547.81,174.39,hold,expired,2013-10-18,25.71,117.65,174.39,
2013-07-26,2013-10-18,84,169.11,12.72,0.1405,158/155/151/148,157.0,154.0,151.0,148.0,3.0,1.77,0.26,625.96,141.74,16.18,-645.24,-2336.34,-4027.44,14200.0,1547.81,174.39,stop_touch,expired,2013-10-18,25.71,117.65,174.39,
2013-07-26,2013-10-18,84,169.11,12.72,0.1405,158/155/151/148,157.0,154.0,151.0,148.0,3.0,1.77,0.26,625.96,141.74,16.18,-645.24,-2336.34,-4027.44,14200.0,1547.81,174.39,stop_close,expired,2013-10-18,25.71,117.65,174.39,
2013-08-02,2013-10-18,77,170.95,11.98,0.136,161/157/154/151,160.0,157.0,154.0,151.0,3.0,1.75,0.192,619.21,144.81,15.29,-804.79,-2514.29,-4223.79,14500.0,1578.64,174.39,hold,expired,2013-10-18,18.96,85.83,174.39,
2013-08-02,2013-10-18,77,170.95,11.98,0.136,161/157/154/151,160.0,157.0,154.0,151.0,3.0,1.75,0.192,619.21,144.81,15.29,-804.79,-2514.29,-4223.79,14500.0,1578.64,174.39,stop_touch,expired,2013-10-18,18.96,85.83,174.39,
2013-08-02,2013-10-18,77,170.95,11.98,0.136,161/157/154/151,160.0,157.0,154.0,151.0,3.0,1.75,0.192,619.21,144.81,15.29,-804.79,-2514.29,-4223.79,14500.0,1578.64,174.39,stop_close,expired,2013-10-18,18.96,85.83,174.39,
2013-08-09,2013-11-15,98,169.31,13.41,0.1446,157/153/150/146,158.0,154.0,150.0,146.0,4.0,2.36,0.073,807.29,137.93,18.54,-247.91,-1941.01,-3634.11,13800.0,1556.74,180.05,hold,expired,2013-11-15,7.04,32.18,180.05,
2013-08-09,2013-11-15,98,169.31,13.41,0.1446,157/153/150/146,158.0,154.0,150.0,146.0,4.0,2.36,0.073,807.29,137.93,18.54,-247.91,-1941.01,-3634.11,13800.0,1556.74,180.05,stop_touch,expired,2013-11-15,7.04,32.18,180.05,
2013-08-09,2013-11-15,98,169.31,13.41,0.1446,157/153/150/146,158.0,154.0,150.0,146.0,4.0,2.36,0.073,807.29,137.93,18.54,-247.91,-1941.01,-3634.11,13800.0,1556.74,180.05,stop_close,expired,2013-11-15,7.04,32.18,180.05,
2013-08-16,2013-11-15,91,165.83,14.37,0.1503,154/150/146/143,155.0,151.0,147.0,143.0,4.0,2.41,0.042,804.21,134.96,18.62,-229.39,-1887.69,-3545.99,13500.0,1527.57,180.05,hold,expired,2013-11-15,3.96,18.48,180.05,
2013-08-16,2013-11-15,91,165.83,14.37,0.1503,154/150/146/143,155.0,151.0,147.0,143.0,4.0,2.41,0.042,804.21,134.96,18.62,-229.39,-1887.69,-3545.99,13500.0,1527.57,180.05,stop_touch,expired,2013-11-15,3.96,18.48,180.05,
2013-08-16,2013-11-15,91,165.83,14.37,0.1503,154/150/146/143,155.0,151.0,147.0,143.0,4.0,2.41,0.042,804.21,134.96,18.62,-229.39,-1887.69,-3545.99,13500.0,1527.57,180.05,stop_close,expired,2013-11-15,3.96,18.48,180.05,
2013-08-30,2013-11-15,77,163.65,17.01,0.1661,152/148/144/141,153.0,149.0,145.0,141.0,4.0,2.44,0.04,804.01,132.96,18.75,-203.99,-1840.49,-3476.99,13300.0,1508.22,180.05,hold,expired,2013-11-15,3.76,17.8,180.05,
2013-08-30,2013-11-15,77,163.65,17.01,0.1661,152/148/144/141,153.0,149.0,145.0,141.0,4.0,2.44,0.04,804.01,132.96,18.75,-203.99,-1840.49,-3476.99,13300.0,1508.22,180.05,stop_touch,expired,2013-11-15,3.76,17.8,180.05,
2013-08-30,2013-11-15,77,163.65,17.01,0.1661,152/148/144/141,153.0,149.0,145.0,141.0,4.0,2.44,0.04,804.01,132.96,18.75,-203.99,-1840.49,-3476.99,13300.0,1508.22,180.05,stop_close,expired,2013-11-15,3.76,17.8,180.05,
2013-09-06,2013-12-20,105,166.04,15.85,0.1592,153/149/144/140,152.0,148.0,144.0,140.0,4.0,2.41,0.214,821.37,131.79,20.63,104.57,-1555.83,-3216.23,13200.0,1491.5,181.56,hold,expired,2013-12-20,21.12,98.44,181.56,
2013-09-06,2013-12-20,105,166.04,15.85,0.1592,153/149/144/140,152.0,148.0,144.0,140.0,4.0,2.41,0.214,821.37,131.79,20.63,104.57,-1555.83,-3216.23,13200.0,1491.5,181.56,stop_touch,expired,2013-12-20,21.12,98.44,181.56,
2013-09-06,2013-12-20,105,166.04,15.85,0.1592,153/149/144/140,152.0,148.0,144.0,140.0,4.0,2.41,0.214,821.37,131.79,20.63,104.57,-1555.83,-3216.23,13200.0,1491.5,181.56,stop_close,expired,2013-12-20,21.12,98.44,181.56,
2013-09-13,2013-12-20,98,169.33,14.16,0.1491,157/153/149/145,157.0,153.0,149.0,145.0,4.0,2.36,0.114,811.42,136.89,19.16,-142.18,-1835.48,-3528.78,13700.0,1543.15,181.56,hold,expired,2013-12-20,11.17,51.06,181.56,
2013-09-13,2013-12-20,98,169.33,14.16,0.1491,157/153/149/145,157.0,153.0,149.0,145.0,4.0,2.36,0.114,811.42,136.89,19.16,-142.18,-1835.48,-3528.78,13700.0,1543.15,181.56,stop_touch,expired,2013-12-20,11.17,51.06,181.56,
2013-09-13,2013-12-20,98,169.33,14.16,0.1491,157/153/149/145,157.0,153.0,149.0,145.0,4.0,2.36,0.114,811.42,136.89,19.16,-142.18,-1835.48,-3528.78,13700.0,1543.15,181.56,stop_close,expired,2013-12-20,11.17,51.06,181.56,
2013-09-20,2013-12-20,91,170.72,13.12,0.1429,159/155/152/148,160.0,156.0,152.0,148.0,4.0,2.34,0.023,802.26,139.98,18.01,-340.14,-2047.34,-3754.54,14000.0,1576.14,181.56,hold,expired,2013-12-20,2.01,9.09,181.56,
2013-09-20,2013-12-20,91,170.72,13.12,0.1429,159/155/152/148,160.0,156.0,152.0,148.0,4.0,2.34,0.023,802.26,139.98,18.01,-340.14,-2047.34,-3754.54,14000.0,1576.14,181.56,stop_touch,expired,2013-12-20,2.01,9.09,181.56,
2013-09-20,2013-12-20,91,170.72,13.12,0.1429,159/155/152/148,160.0,156.0,152.0,148.0,4.0,2.34,0.023,802.26,139.98,18.01,-340.14,-2047.34,-3754.54,14000.0,1576.14,181.56,stop_close,expired,2013-12-20,2.01,9.09,181.56,
2013-09-27,2013-12-20,84,168.91,15.46,0.1569,157/153/149/145,157.0,153.0,149.0,145.0,4.0,2.37,0.076,807.63,136.92,18.94,-179.57,-1868.67,-3557.77,13700.0,1541.97,181.56,hold,expired,2013-12-20,7.38,33.8,181.56,
2013-09-27,2013-12-20,84,168.91,15.46,0.1569,157/153/149/145,157.0,153.0,149.0,145.0,4.0,2.37,0.076,807.63,136.92,18.94,-179.57,-1868.67,-3557.77,13700.0,1541.97,181.56,stop_touch,expired,2013-12-20,7.38,33.8,181.56,
2013-09-27,2013-12-20,84,168.91,15.46,0.1569,157/153/149/145,157.0,153.0,149.0,145.0,4.0,2.37,0.076,807.63,136.92,18.94,-179.57,-1868.67,-3557.77,13700.0,1541.97,181.56,stop_close,expired,2013-12-20,7.38,33.8,181.56,
2013-10-04,2013-12-20,77,168.89,16.74,0.1645,157/153/149/145,157.0,153.0,149.0,145.0,4.0,2.37,0.08,808.0,136.92,18.93,-180.8,-1869.7,-3558.6,13700.0,1542.08,181.56,hold,expired,2013-12-20,7.75,35.52,181.56,
2013-10-04,2013-12-20,77,168.89,16.74,0.1645,157/153/149/145,157.0,153.0,149.0,145.0,4.0,2.37,0.08,808.0,136.92,18.93,-180.8,-1869.7,-3558.6,13700.0,1542.08,181.56,stop_touch,expired,2013-12-20,7.75,35.52,181.56,
2013-10-04,2013-12-20,77,168.89,16.74,0.1645,157/153/149/145,157.0,153.0,149.0,145.0,4.0,2.37,0.08,808.0,136.92,18.93,-180.8,-1869.7,-3558.6,13700.0,1542.08,181.56,stop_close,expired,2013-12-20,7.75,35.52,181.56,
2013-10-11,2014-01-17,98,170.26,15.72,0.1584,157/153/149/145,157.0,153.0,149.0,145.0,4.0,2.35,0.203,820.27,136.8,19.65,-58.93,-1761.53,-3464.13,13700.0,1544.34,183.64,hold,expired,2014-01-17,20.02,90.98,183.64,
2013-10-11,2014-01-17,98,170.26,15.72,0.1584,157/153/149/145,157.0,153.0,149.0,145.0,4.0,2.35,0.203,820.27,136.8,19.65,-58.93,-1761.53,-3464.13,13700.0,1544.34,183.64,stop_touch,expired,2014-01-17,20.02,90.98,183.64,
2013-10-11,2014-01-17,98,170.26,15.72,0.1584,157/153/149/145,157.0,153.0,149.0,145.0,4.0,2.35,0.203,820.27,136.8,19.65,-58.93,-1761.53,-3464.13,13700.0,1544.34,183.64,stop_close,expired,2014-01-17,20.02,90.98,183.64,
2013-10-18,2014-01-17,91,174.39,13.04,0.1424,163/159/155/151,163.0,159.0,155.0,151.0,4.0,2.29,0.052,805.25,142.95,18.03,-343.55,-2087.45,-3831.35,14300.0,1603.41,183.64,hold,expired,2014-01-17,5.0,22.18,183.64,
2013-10-18,2014-01-17,91,174.39,13.04,0.1424,163/159/155/151,163.0,159.0,155.0,151.0,4.0,2.29,0.052,805.25,142.95,18.03,-343.55,-2087.45,-3831.35,14300.0,1603.41,183.64,stop_touch,expired,2014-01-17,5.0,22.18,183.64,
2013-10-18,2014-01-17,91,174.39,13.04,0.1424,163/159/155/151,163.0,159.0,155.0,151.0,4.0,2.29,0.052,805.25,142.95,18.03,-343.55,-2087.45,-3831.35,14300.0,1603.41,183.64,stop_close,expired,2014-01-17,5.0,22.18,183.64,
2013-10-25,2014-01-17,84,175.95,13.09,0.1427,165/161/157/153,165.0,161.0,157.0,153.0,4.0,2.27,0.018,801.83,144.98,17.6,-422.17,-2181.67,-3941.17,14500.0,1622.98,183.64,hold,expired,2014-01-17,1.58,6.96,183.64,
2013-10-25,2014-01-17,84,175.95,13.09,0.1427,165/161/157/153,165.0,161.0,157.0,153.0,4.0,2.27,0.018,801.83,144.98,17.6,-422.17,-2181.67,-3941.17,14500.0,1622.98,183.64,stop_touch,expired,2014-01-17,1.58,6.96,183.64,
2013-10-25,2014-01-17,84,175.95,13.09,0.1427,165/161/157/153,165.0,161.0,157.0,153.0,4.0,2.27,0.018,801.83,144.98,17.6,-422.17,-2181.67,-3941.17,14500.0,1622.98,183.64,stop_close,expired,2014-01-17,1.58,6.96,183.64,
2013-11-08,2014-02-21,105,177.29,12.9,0.1415,165/160/156/152,164.0,160.0,156.0,152.0,4.0,2.26,0.163,816.3,143.84,18.87,-200.5,-1973.4,-3746.3,14400.0,1610.75,183.89,hold,expired,2014-02-21,16.05,70.08,183.89,
2013-11-08,2014-02-21,105,177.29,12.9,0.1415,165/160/156/152,164.0,160.0,156.0,152.0,4.0,2.26,0.163,816.3,143.84,18.87,-200.5,-1973.4,-3746.3,14400.0,1610.75,183.89,stop_touch,expired,2014-02-21,16.05,70.08,183.89,
2013-11-08,2014-02-21,105,177.29,12.9,0.1415,165/160/156/152,164.0,160.0,156.0,152.0,4.0,2.26,0.163,816.3,143.84,18.87,-200.5,-1973.4,-3746.3,14400.0,1610.75,183.89,stop_close,expired,2014-02-21,16.05,70.08,183.89,
2013-11-15,2014-02-21,98,180.05,12.19,0.1373,168/164/160/156,168.0,164.0,160.0,156.0,4.0,2.22,0.102,810.17,147.9,17.86,-385.83,-2186.33,-3986.83,14800.0,1653.02,183.89,hold,expired,2014-02-21,9.92,42.66,183.89,
2013-11-15,2014-02-21,98,180.05,12.19,0.1373,168/164/160/156,168.0,164.0,160.0,156.0,4.0,2.22,0.102,810.17,147.9,17.86,-385.83,-2186.33,-3986.83,14800.0,1653.02,183.89,stop_touch,expired,2014-02-21,9.92,42.66,183.89,
2013-11-15,2014-02-21,98,180.05,12.19,0.1373,168/164/160/156,168.0,164.0,160.0,156.0,4.0,2.22,0.102,810.17,147.9,17.86,-385.83,-2186.33,-3986.83,14800.0,1653.02,183.89,stop_close,expired,2014-02-21,9.92,42.66,183.89,
2013-11-22,2014-02-21,91,180.81,12.26,0.1377,169/165/161/157,169.0,165.0,161.0,157.0,4.0,2.21,0.066,806.58,148.93,17.63,-428.62,-2236.72,-4044.82,14900.0,1661.04,183.89,hold,expired,2014-02-21,6.33,27.11,183.89,
2013-11-22,2014-02-21,91,180.81,12.26,0.1377,169/165/161/157,169.0,165.0,161.0,157.0,4.0,2.21,0.066,806.58,148.93,17.63,-428.62,-2236.72,-4044.82,14900.0,1661.04,183.89,stop_touch,expired,2014-02-21,6.33,27.11,183.89,
2013-11-22,2014-02-21,91,180.81,12.26,0.1377,169/165/161/157,169.0,165.0,161.0,157.0,4.0,2.21,0.066,806.58,148.93,17.63,-428.62,-2236.72,-4044.82,14900.0,1661.04,183.89,stop_close,expired,2014-02-21,6.33,27.11,183.89,
2013-11-29,2014-02-21,84,181.0,13.7,0.1463,169/165/161/157,169.0,165.0,161.0,157.0,4.0,2.21,0.091,809.11,148.91,17.73,-410.89,-2220.89,-4030.89,14900.0,1661.57,183.89,hold,expired,2014-02-21,8.86,37.9,183.89,
2013-11-29,2014-02-21,84,181.0,13.7,0.1463,169/165/161/157,169.0,165.0,161.0,157.0,4.0,2.21,0.091,809.11,148.91,17.73,-410.89,-2220.89,-4030.89,14900.0,1661.57,183.89,stop_touch,expired,2014-02-21,8.86,37.9,183.89,
2013-11-29,2014-02-21,84,181.0,13.7,0.1463,169/165/161/157,169.0,165.0,161.0,157.0,4.0,2.21,0.091,809.11,148.91,17.73,-410.89,-2220.89,-4030.89,14900.0,1661.57,183.89,stop_close,expired,2014-02-21,8.86,37.9,183.89,
2013-12-06,2014-02-21,77,180.94,13.79,0.1469,170/166/162/158,170.0,166.0,162.0,158.0,4.0,2.21,0.037,803.75,149.96,17.12,-521.05,-2330.45,-4139.85,15000.0,1674.04,183.89,hold,expired,2014-02-21,3.5,14.96,183.89,
2013-12-06,2014-02-21,77,180.94,13.79,0.1469,170/166/162/158,170.0,166.0,162.0,158.0,4.0,2.21,0.037,803.75,149.96,17.12,-521.05,-2330.45,-4139.85,15000.0,1674.04,183.89,stop_touch,expired,2014-02-21,3.5,14.96,183.89,
2013-12-06,2014-02-21,77,180.94,13.79,0.1469,170/166/162/158,170.0,166.0,162.0,158.0,4.0,2.21,0.037,803.75,149.96,17.12,-521.05,-2330.45,-4139.85,15000.0,1674.04,183.89,stop_close,expired,2014-02-21,3.5,14.96,183.89,
2013-12-20,2014-03-21,91,181.56,13.79,0.1469,169/165/161/157,169.0,165.0,161.0,157.0,4.0,2.2,0.152,815.25,148.85,18.02,-359.95,-2175.55,-3991.15,14900.0,1663.35,186.2,hold,expired,2014-03-21,15.0,63.92,186.2,
2013-12-20,2014-03-21,91,181.56,13.79,0.1469,169/165/161/157,169.0,165.0,161.0,157.0,4.0,2.2,0.152,815.25,148.85,18.02,-359.95,-2175.55,-3991.15,14900.0,1663.35,186.2,stop_touch,expired,2014-03-21,15.0,63.92,186.2,
2013-12-20,2014-03-21,91,181.56,13.79,0.1469,169/165/161/157,169.0,165.0,161.0,157.0,4.0,2.2,0.152,815.25,148.85,18.02,-359.95,-2175.55,-3991.15,14900.0,1663.35,186.2,stop_close,expired,2014-03-21,15.0,63.92,186.2,
2013-12-27,2014-03-21,84,183.85,12.46,0.1389,172/168/164/161,173.0,169.0,165.0,161.0,4.0,2.18,0.045,804.47,152.96,16.8,-587.53,-2426.03,-4264.53,15300.0,1705.64,186.2,hold,expired,2014-03-21,4.22,17.75,186.2,
2013-12-27,2014-03-21,84,183.85,12.46,0.1389,172/168/164/161,173.0,169.0,165.0,161.0,4.0,2.18,0.045,804.47,152.96,16.8,-587.53,-2426.03,-4264.53,15300.0,1705.64,186.2,stop_touch,expired,2014-03-21,4.22,17.75,186.2,
2013-12-27,2014-03-21,84,183.85,12.46,0.1389,172/168/164/161,173.0,169.0,165.0,161.0,4.0,2.18,0.045,804.47,152.96,16.8,-587.53,-2426.03,-4264.53,15300.0,1705.64,186.2,stop_close,expired,2014-03-21,4.22,17.75,186.2,
2014-01-03,2014-03-21,77,182.89,13.76,0.1467,171/167/164/160,172.0,168.0,164.0,160.0,4.0,2.19,0.05,805.0,151.95,16.92,-563.8,-2392.7,-4221.6,15200.0,1695.53,186.2,hold,expired,2014-03-21,4.75,20.09,186.2,
2014-01-03,2014-03-21,77,182.89,13.76,0.1467,171/167/164/160,172.0,168.0,164.0,160.0,4.0,2.19,0.05,805.0,151.95,16.92,-563.8,-2392.7,-4221.6,15200.0,1695.53,186.2,stop_touch,expired,2014-03-21,4.75,20.09,186.2,
2014-01-03,2014-03-21,77,182.89,13.76,0.1467,171/167/164/160,172.0,168.0,164.0,160.0,4.0,2.19,0.05,805.0,151.95,16.92,-563.8,-2392.7,-4221.6,15200.0,1695.53,186.2,stop_close,expired,2014-03-21,4.75,20.09,186.2,
2014-01-10,2014-04-18,98,184.14,12.14,0.137,172/168/164/159,171.0,167.0,163.0,159.0,4.0,2.17,0.134,813.42,150.87,18.07,-355.38,-2196.78,-4038.18,15100.0,1678.48,186.39,hold,expired,2014-04-17,13.17,55.35,186.39,
2014-01-10,2014-04-18,98,184.14,12.14,0.137,172/168/164/159,171.0,167.0,163.0,159.0,4.0,2.17,0.134,813.42,150.87,18.07,-355.38,-2196.78,-4038.18,15100.0,1678.48,186.39,stop_touch,expired,2014-04-17,13.17,55.35,186.39,
2014-01-10,2014-04-18,98,184.14,12.14,0.137,172/168/164/159,171.0,167.0,163.0,159.0,4.0,2.17,0.134,813.42,150.87,18.07,-355.38,-2196.78,-4038.18,15100.0,1678.48,186.39,stop_close,expired,2014-04-17,13.17,55.35,186.39,
2014-01-17,2014-04-18,91,183.64,12.44,0.1388,172/168/164/160,172.0,168.0,164.0,160.0,4.0,2.18,0.096,809.57,151.9,17.28,-499.23,-2335.63,-4172.03,15200.0,1694.79,186.39,hold,expired,2014-04-17,9.32,39.27,186.39,
2014-01-17,2014-04-18,91,183.64,12.44,0.1388,172/168/164/160,172.0,168.0,164.0,160.0,4.0,2.18,0.096,809.57,151.9,17.28,-499.23,-2335.63,-4172.03,15200.0,1694.79,186.39,stop_touch,expired,2014-04-17,9.32,39.27,186.39,
2014-01-17,2014-04-18,91,183.64,12.44,0.1388,172/168/164/160,172.0,168.0,164.0,160.0,4.0,2.18,0.096,809.57,151.9,17.28,-499.23,-2335.63,-4172.03,15200.0,1694.79,186.39,stop_close,expired,2014-04-17,9.32,39.27,186.39,
2014-01-24,2014-04-18,84,178.89,18.14,0.1729,165/161/156/152,164.0,160.0,156.0,152.0,4.0,2.24,0.292,829.22,143.71,19.67,-59.58,-1848.48,-3637.38,14400.0,1610.62,186.39,hold,expired,2014-04-17,28.97,125.34,186.39,
2014-01-24,2014-04-18,84,178.89,18.14,0.1729,165/161/156/152,164.0,160.0,156.0,152.0,4.0,2.24,0.292,829.22,143.71,19.67,-59.58,-1848.48,-3637.38,14400.0,1610.62,186.39,stop_touch,expired,2014-04-17,28.97,125.34,186.39,
2014-01-24,2014-04-18,84,178.89,18.14,0.1729,165/161/156/152,164.0,160.0,156.0,152.0,4.0,2.24,0.292,829.22,143.71,19.67,-59.58,-1848.48,-3637.38,14400.0,1610.62,186.39,stop_close,expired,2014-04-17,28.97,125.34,186.39,
2014-01-31,2014-04-18,77,178.18,18.41,0.1745,165/161/156/152,164.0,160.0,156.0,152.0,4.0,2.24,0.237,823.74,143.76,19.32,-121.86,-1903.66,-3685.46,14400.0,1610.15,186.39,hold,expired,2014-04-17,23.49,102.04,186.39,
2014-01-31,2014-04-18,77,178.18,18.41,0.1745,165/161/156/152,164.0,160.0,156.0,152.0,4.0,2.24,0.237,823.74,143.76,19.32,-121.86,-1903.66,-3685.46,14400.0,1610.15,186.39,stop_touch,expired,2014-04-17,23.49,102.04,186.39,
2014-01-31,2014-04-18,77,178.18,18.41,0.1745,165/161/156/152,164.0,160.0,156.0,152.0,4.0,2.24,0.237,823.74,143.76,19.32,-121.86,-1903.66,-3685.46,14400.0,1610.15,186.39,stop_close,expired,2014-04-17,23.49,102.04,186.39,
2014-02-07,2014-05-16,98,179.68,15.29,0.1558,166/162/157/153,165.0,161.0,157.0,153.0,4.0,2.23,0.264,826.45,144.74,19.45,-99.15,-1895.95,-3692.75,14500.0,1620.26,188.05,hold,expired,2014-05-16,26.2,112.84,188.05,
2014-02-07,2014-05-16,98,179.68,15.29,0.1558,166/162/157/153,165.0,161.0,157.0,153.0,4.0,2.23,0.264,826.45,144.74,19.45,-99.15,-1895.95,-3692.75,14500.0,1620.26,188.05,stop_touch,expired,2014-05-16,26.2,112.84,188.05,
2014-02-07,2014-05-16,98,179.68,15.29,0.1558,166/162/157/153,165.0,161.0,157.0,153.0,4.0,2.23,0.264,826.45,144.74,19.45,-99.15,-1895.95,-3692.75,14500.0,1620.26,188.05,stop_close,expired,2014-05-16,26.2,112.84,188.05,
2014-02-14,2014-05-16,91,184.02,13.57,0.1455,172/167/163/159,171.0,167.0,163.0,159.0,4.0,2.17,0.162,816.17,150.84,18.03,-362.23,-2202.43,-4042.63,15100.0,1681.11,188.05,hold,expired,2014-05-16,15.92,66.94,188.05,
2014-02-14,2014-05-16,91,184.02,13.57,0.1455,172/167/163/159,171.0,167.0,163.0,159.0,4.0,2.17,0.162,816.17,150.84,18.03,-362.23,-2202.43,-4042.63,15100.0,1681.11,188.05,stop_touch,expired,2014-05-16,15.92,66.94,188.05,
2014-02-14,2014-05-16,91,184.02,13.57,0.1455,172/167/163/159,171.0,167.0,163.0,159.0,4.0,2.17,0.162,816.17,150.84,18.03,-362.23,-2202.43,-4042.63,15100.0,1681.11,188.05,stop_close,expired,2014-05-16,15.92,66.94,188.05,
2014-02-21,2014-05-16,84,183.89,14.68,0.1522,171/167/163/159,171.0,167.0,163.0,159.0,4.0,2.18,0.165,816.54,150.83,17.98,-372.26,-2211.16,-4050.06,15100.0,1681.85,188.05,hold,expired,2014-05-16,16.29,68.56,188.05,
2014-02-21,2014-05-16,84,183.89,14.68,0.1522,171/167/163/159,171.0,167.0,163.0,159.0,4.0,2.18,0.165,816.54,150.83,17.98,-372.26,-2211.16,-4050.06,15100.0,1681.85,188.05,stop_touch,expired,2014-05-16,16.29,68.56,188.05,
2014-02-21,2014-05-16,84,183.89,14.68,0.1522,171/167/163/159,171.0,167.0,163.0,159.0,4.0,2.18,0.165,816.54,150.83,17.98,-372.26,-2211.16,-4050.06,15100.0,1681.85,188.05,stop_close,expired,2014-05-16,16.29,68.56,188.05,
2014-02-28,2014-05-16,77,186.29,14.0,0.1481,174/170/166/162,174.0,170.0,166.0,162.0,4.0,2.15,0.095,809.46,153.91,17.38,-487.34,-2350.24,-4213.14,15400.0,1709.18,188.05,hold,expired,2014-05-16,9.21,38.26,188.05,
2014-02-28,2014-05-16,77,186.29,14.0,0.1481,174/170/166/162,174.0,170.0,166.0,162.0,4.0,2.15,0.095,809.46,153.91,17.38,-487.34,-2350.24,-4213.14,15400.0,1709.18,188.05,stop_touch,expired,2014-05-16,9.21,38.26,188.05,
2014-02-28,2014-05-16,77,186.29,14.0,0.1481,174/170/166/162,174.0,170.0,166.0,162.0,4.0,2.15,0.095,809.46,153.91,17.38,-487.34,-2350.24,-4213.14,15400.0,1709.18,188.05,stop_close,expired,2014-05-16,9.21,38.26,188.05,
2014-03-14,2014-06-20,98,184.66,17.82,0.171,170/165/160/155,170.0,165.0,160.0,155.0,5.0,2.71,0.124,1012.37,144.88,21.54,285.17,-1561.43,-3408.03,14500.0,1668.59,195.94,hold,expired,2014-06-20,12.12,50.78,195.94,
2014-03-14,2014-06-20,98,184.66,17.82,0.171,170/165/160/155,170.0,165.0,160.0,155.0,5.0,2.71,0.124,1012.37,144.88,21.54,285.17,-1561.43,-3408.03,14500.0,1668.59,195.94,stop_touch,expired,2014-06-20,12.12,50.78,195.94,
2014-03-14,2014-06-20,98,184.66,17.82,0.171,170/165/160/155,170.0,165.0,160.0,155.0,5.0,2.71,0.124,1012.37,144.88,21.54,285.17,-1561.43,-3408.03,14500.0,1668.59,195.94,stop_close,expired,2014-06-20,12.12,50.78,195.94,
2014-03-21,2014-06-20,91,186.2,15.0,0.1541,173/168/164/160,172.0,168.0,164.0,160.0,4.0,2.15,0.257,825.69,151.74,18.51,-278.31,-2140.31,-4002.31,15200.0,1691.36,195.94,hold,expired,2014-06-20,25.44,105.76,195.94,
2014-03-21,2014-06-20,91,186.2,15.0,0.1541,173/168/164/160,172.0,168.0,164.0,160.0,4.0,2.15,0.257,825.69,151.74,18.51,-278.31,-2140.31,-4002.31,15200.0,1691.36,195.94,stop_touch,expired,2014-06-20,25.44,105.76,195.94,
2014-03-21,2014-06-20,91,186.2,15.0,0.1541,173/168/164/160,172.0,168.0,164.0,160.0,4.0,2.15,0.257,825.69,151.74,18.51,-278.31,-2140.31,-4002.31,15200.0,1691.36,195.94,stop_close,expired,2014-06-20,25.44,105.76,195.94,
2014-03-28,2014-06-20,84,185.49,14.41,0.1506,173/169/165/160,172.0,168.0,164.0,160.0,4.0,2.16,0.164,816.43,151.84,18.14,-344.37,-2199.27,-4054.17,15200.0,1688.05,195.94,hold,expired,2014-06-20,16.18,67.5,195.94,
2014-03-28,2014-06-20,84,185.49,14.41,0.1506,173/169/165/160,172.0,168.0,164.0,160.0,4.0,2.16,0.164,816.43,151.84,18.14,-344.37,-2199.27,-4054.17,15200.0,1688.05,195.94,stop_touch,expired,2014-06-20,16.18,67.5,195.94,
2014-03-28,2014-06-20,84,185.49,14.41,0.1506,173/169/165/160,172.0,168.0,164.0,160.0,4.0,2.16,0.164,816.43,151.84,18.14,-344.37,-2199.27,-4054.17,15200.0,1688.05,195.94,stop_close,expired,2014-06-20,16.18,67.5,195.94,
2014-04-04,2014-06-20,77,186.4,13.96,0.1479,175/170/167/163,175.0,171.0,167.0,163.0,4.0,2.15,0.089,808.93,154.91,16.89,-579.07,-2443.07,-4307.07,15500.0,1724.91,195.94,hold,expired,2014-06-20,8.68,36.06,195.94,
2014-04-04,2014-06-20,77,186.4,13.96,0.1479,175/170/167/163,175.0,171.0,167.0,163.0,4.0,2.15,0.089,808.93,154.91,16.89,-579.07,-2443.07,-4307.07,15500.0,1724.91,195.94,stop_touch,expired,2014-06-20,8.68,36.06,195.94,
2014-04-04,2014-06-20,77,186.4,13.96,0.1479,175/170/167/163,175.0,171.0,167.0,163.0,4.0,2.15,0.089,808.93,154.91,16.89,-579.07,-2443.07,-4307.07,15500.0,1724.91,195.94,stop_close,expired,2014-06-20,8.68,36.06,195.94,
2014-04-11,2014-07-18,98,181.51,17.03,0.1662,167/162/158/153,168.0,163.0,158.0,153.0,5.0,2.75,0.046,1004.62,142.95,21.24,225.42,-1589.68,-3404.78,14300.0,1650.49,197.71,hold,expired,2014-07-18,4.37,18.61,197.71,
2014-04-11,2014-07-18,98,181.51,17.03,0.1662,167/162/158/153,168.0,163.0,158.0,153.0,5.0,2.75,0.046,1004.62,142.95,21.24,225.42,-1589.68,-3404.78,14300.0,1650.49,197.71,stop_touch,expired,2014-07-18,4.37,18.61,197.71,
2014-04-11,2014-07-18,98,181.51,17.03,0.1662,167/162/158/153,168.0,163.0,158.0,153.0,5.0,2.75,0.046,1004.62,142.95,21.24,225.42,-1589.68,-3404.78,14300.0,1650.49,197.71,stop_close,expired,2014-07-18,4.37,18.61,197.71,
2014-04-17,2014-07-18,92,186.39,13.36,0.1443,174/169/165/161,173.0,169.0,165.0,161.0,4.0,2.15,0.177,817.71,152.82,18.01,-371.09,-2234.99,-4098.89,15300.0,1699.99,197.71,hold,expired,2014-07-18,17.46,72.49,197.71,
2014-04-17,2014-07-18,92,186.39,13.36,0.1443,174/169/165/161,173.0,169.0,165.0,161.0,4.0,2.15,0.177,817.71,152.82,18.01,-371.09,-2234.99,-4098.89,15300.0,1699.99,197.71,stop_touch,expired,2014-07-18,17.46,72.49,197.71,
2014-04-17,2014-07-18,92,186.39,13.36,0.1443,174/169/165/161,173.0,169.0,165.0,161.0,4.0,2.15,0.177,817.71,152.82,18.01,-371.09,-2234.99,-4098.89,15300.0,1699.99,197.71,stop_close,expired,2014-07-18,17.46,72.49,197.71,
2014-04-25,2014-07-18,84,186.29,14.06,0.1485,174/170/166/161,173.0,169.0,165.0,161.0,4.0,2.15,0.153,815.31,152.85,17.95,-381.49,-2244.39,-4107.29,15300.0,1698.26,197.71,hold,expired,2014-07-18,15.06,62.55,197.71,
2014-04-25,2014-07-18,84,186.29,14.06,0.1485,174/170/166/161,173.0,169.0,165.0,161.0,4.0,2.15,0.153,815.31,152.85,17.95,-381.49,-2244.39,-4107.29,15300.0,1698.26,197.71,stop_touch,expired,2014-07-18,15.06,62.55,197.71,
2014-04-25,2014-07-18,84,186.29,14.06,0.1485,174/170/166/161,173.0,169.0,165.0,161.0,4.0,2.15,0.153,815.31,152.85,17.95,-381.49,-2244.39,-4107.29,15300.0,1698.26,197.71,stop_close,expired,2014-07-18,15.06,62.55,197.71,
2014-05-02,2014-07-18,77,188.06,12.91,0.1416,177/173/169/165,177.0,173.0,169.0,165.0,4.0,2.13,0.048,804.83,156.95,16.54,-650.37,-2530.97,-4411.57,15700.0,1743.67,197.71,hold,expired,2014-07-18,4.58,18.85,197.71,
2014-05-02,2014-07-18,77,188.06,12.91,0.1416,177/173/169/165,177.0,173.0,169.0,165.0,4.0,2.13,0.048,804.83,156.95,16.54,-650.37,-2530.97,-4411.57,15700.0,1743.67,197.71,stop_touch,expired,2014-07-18,4.58,18.85,197.71,
2014-05-02,2014-07-18,77,188.06,12.91,0.1416,177/173/169/165,177.0,173.0,169.0,165.0,4.0,2.13,0.048,804.83,156.95,16.54,-650.37,-2530.97,-4411.57,15700.0,1743.67,197.71,stop_close,expired,2014-07-18,4.58,18.85,197.71,
2014-05-09,2014-08-15,98,187.96,12.92,0.1417,175/171/166/162,174.0,170.0,166.0,162.0,4.0,2.13,0.208,820.8,153.79,18.18,-342.4,-2222.0,-4101.6,15400.0,1709.29,195.72,hold,expired,2014-08-15,20.55,84.6,195.72,
2014-05-09,2014-08-15,98,187.96,12.92,0.1417,175/171/166/162,174.0,170.0,166.0,162.0,4.0,2.13,0.208,820.8,153.79,18.18,-342.4,-2222.0,-4101.6,15400.0,1709.29,195.72,stop_touch,expired,2014-08-15,20.55,84.6,195.72,
2014-05-09,2014-08-15,98,187.96,12.92,0.1417,175/171/166/162,174.0,170.0,166.0,162.0,4.0,2.13,0.208,820.8,153.79,18.18,-342.4,-2222.0,-4101.6,15400.0,1709.29,195.72,stop_close,expired,2014-08-15,20.55,84.6,195.72,
2014-05-16,2014-08-15,91,188.05,12.44,0.1388,176/172/168/163,175.0,171.0,167.0,163.0,4.0,2.13,0.134,813.38,154.87,17.65,-442.62,-2323.12,-4203.62,15500.0,1718.35,195.72,hold,expired,2014-08-15,13.13,54.04,195.72,
2014-05-16,2014-08-15,91,188.05,12.44,0.1388,176/172/168/163,175.0,171.0,167.0,163.0,4.0,2.13,0.134,813.38,154.87,17.65,-442.62,-2323.12,-4203.62,15500.0,1718.35,195.72,stop_touch,expired,2014-08-15,13.13,54.04,195.72,
2014-05-16,2014-08-15,91,188.05,12.44,0.1388,176/172/168/163,175.0,171.0,167.0,163.0,4.0,2.13,0.134,813.38,154.87,17.65,-442.62,-2323.12,-4203.62,15500.0,1718.35,195.72,stop_close,expired,2014-08-15,13.13,54.04,195.72,
2014-05-23,2014-08-15,84,190.35,11.36,0.1323,179/175/171/167,179.0,175.0,171.0,167.0,4.0,2.1,0.04,804.04,158.96,16.49,-667.96,-2571.46,-4474.96,15900.0,1761.02,195.72,hold,expired,2014-08-15,3.79,15.43,195.72,
2014-05-23,2014-08-15,84,190.35,11.36,0.1323,179/175/171/167,179.0,175.0,171.0,167.0,4.0,2.1,0.04,804.04,158.96,16.49,-667.96,-2571.46,-4474.96,15900.0,1761.02,195.72,stop_touch,expired,2014-08-15,3.79,15.43,195.72,
2014-05-23,2014-08-15,84,190.35,11.36,0.1323,179/175/171/167,179.0,175.0,171.0,167.0,4.0,2.1,0.04,804.04,158.96,16.49,-667.96,-2571.46,-4474.96,15900.0,1761.02,195.72,stop_close,expired,2014-08-15,3.79,15.43,195.72,
2014-05-30,2014-08-15,77,192.68,11.4,0.1326,181/178/174/170,182.0,178.0,174.0,170.0,4.0,2.08,0.004,800.41,162.0,15.92,-785.19,-2711.99,-4638.79,16200.0,1792.13,195.72,hold,expired,2014-08-15,0.16,0.66,195.72,
2014-05-30,2014-08-15,77,192.68,11.4,0.1326,181/178/174/170,182.0,178.0,174.0,170.0,4.0,2.08,0.004,800.41,162.0,15.92,-785.19,-2711.99,-4638.79,16200.0,1792.13,195.72,stop_touch,expired,2014-08-15,0.16,0.66,195.72,
2014-05-30,2014-08-15,77,192.68,11.4,0.1326,181/178/174/170,182.0,178.0,174.0,170.0,4.0,2.08,0.004,800.41,162.0,15.92,-785.19,-2711.99,-4638.79,16200.0,1792.13,195.72,stop_close,expired,2014-08-15,0.16,0.66,195.72,
2014-06-06,2014-09-19,105,195.38,10.73,0.1286,183/178/174/170,182.0,178.0,174.0,170.0,4.0,2.05,0.188,818.77,161.81,17.18,-550.83,-2504.63,-4458.43,16200.0,1790.92,200.7,hold,expired,2014-09-19,18.52,73.35,200.7,
2014-06-06,2014-09-19,105,195.38,10.73,0.1286,183/178/174/170,182.0,178.0,174.0,170.0,4.0,2.05,0.188,818.77,161.81,17.18,-550.83,-2504.63,-4458.43,16200.0,1790.92,200.7,stop_touch,expired,2014-09-19,18.52,73.35,200.7,
2014-06-06,2014-09-19,105,195.38,10.73,0.1286,183/178/174/170,182.0,178.0,174.0,170.0,4.0,2.05,0.188,818.77,161.81,17.18,-550.83,-2504.63,-4458.43,16200.0,1790.92,200.7,stop_close,expired,2014-09-19,18.52,73.35,200.7,
2014-06-13,2014-09-19,98,194.13,12.18,0.1372,181/177/172/168,180.0,176.0,172.0,168.0,4.0,2.06,0.216,821.59,159.78,17.69,-448.01,-2389.31,-4330.61,16000.0,1768.51,200.7,hold,expired,2014-09-19,21.34,85.07,200.7,
2014-06-13,2014-09-19,98,194.13,12.18,0.1372,181/177/172/168,180.0,176.0,172.0,168.0,4.0,2.06,0.216,821.59,159.78,17.69,-448.01,-2389.31,-4330.61,16000.0,1768.51,200.7,stop_touch,expired,2014-09-19,21.34,85.07,200.7,
2014-06-13,2014-09-19,98,194.13,12.18,0.1372,181/177/172/168,180.0,176.0,172.0,168.0,4.0,2.06,0.216,821.59,159.78,17.69,-448.01,-2389.31,-4330.61,16000.0,1768.51,200.7,stop_close,expired,2014-09-19,21.34,85.07,200.7,
2014-06-20,2014-09-19,91,195.94,10.85,0.1293,184/180/176/172,184.0,180.0,176.0,172.0,4.0,2.04,0.103,810.28,163.9,16.35,-714.52,-2673.92,-4633.32,16400.0,1812.46,200.7,hold,expired,2014-09-19,10.03,39.63,200.7,
2014-06-20,2014-09-19,91,195.94,10.85,0.1293,184/180/176/172,184.0,180.0,176.0,172.0,4.0,2.04,0.103,810.28,163.9,16.35,-714.52,-2673.92,-4633.32,16400.0,1812.46,200.7,stop_touch,expired,2014-09-19,10.03,39.63,200.7,
2014-06-20,2014-09-19,91,195.94,10.85,0.1293,184/180/176/172,184.0,180.0,176.0,172.0,4.0,2.04,0.103,810.28,163.9,16.35,-714.52,-2673.92,-4633.32,16400.0,1812.46,200.7,stop_close,expired,2014-09-19,10.03,39.63,200.7,
2014-06-27,2014-09-19,84,195.82,11.26,0.1317,184/180/176/172,184.0,180.0,176.0,172.0,4.0,2.04,0.075,807.54,163.92,16.29,-726.86,-2685.06,-4643.26,16400.0,1810.46,200.7,hold,expired,2014-09-19,7.29,28.83,200.7,
2014-06-27,2014-09-19,84,195.82,11.26,0.1317,184/180/176/172,184.0,180.0,176.0,172.0,4.0,2.04,0.075,807.54,163.92,16.29,-726.86,-2685.06,-4643.26,16400.0,1810.46,200.7,stop_touch,expired,2014-09-19,7.29,28.83,200.7,
2014-06-27,2014-09-19,84,195.82,11.26,0.1317,184/180/176/172,184.0,180.0,176.0,172.0,4.0,2.04,0.075,807.54,163.92,16.29,-726.86,-2685.06,-4643.26,16400.0,1810.46,200.7,stop_close,expired,2014-09-19,7.29,28.83,200.7,
2014-07-11,2014-10-17,98,196.61,12.08,0.1366,183/179/175/170,182.0,178.0,174.0,170.0,4.0,2.03,0.228,822.84,161.77,17.72,-448.36,-2414.46,-4380.56,16200.0,1786.72,188.47,hold,expired,2014-10-17,22.59,88.92,188.47,
2014-07-11,2014-10-17,98,196.61,12.08,0.1366,183/179/175/170,182.0,178.0,174.0,170.0,4.0,2.03,0.228,822.84,161.77,17.72,-448.36,-2414.46,-4380.56,16200.0,1786.72,188.47,stop_touch,expired,2014-10-17,22.59,88.92,188.47,
2014-07-11,2014-10-17,98,196.61,12.08,0.1366,183/179/175/170,182.0,178.0,174.0,170.0,4.0,2.03,0.228,822.84,161.77,17.72,-448.36,-2414.46,-4380.56,16200.0,1786.72,188.47,stop_close,expired,2014-10-17,22.59,88.92,188.47,
2014-07-18,2014-10-17,91,197.71,12.06,0.1365,185/181/176/172,184.0,180.0,176.0,172.0,4.0,2.02,0.187,818.72,163.81,17.14,-564.48,-2541.58,-4518.68,16400.0,1808.08,188.47,hold,expired,2014-10-17,18.47,72.31,188.47,
2014-07-18,2014-10-17,91,197.71,12.06,0.1365,185/181/176/172,184.0,180.0,176.0,172.0,4.0,2.02,0.187,818.72,163.81,17.14,-564.48,-2541.58,-4518.68,16400.0,1808.08,188.47,stop_touch,expired,2014-10-17,18.47,72.31,188.47,
2014-07-18,2014-10-17,91,197.71,12.06,0.1365,185/181/176/172,184.0,180.0,176.0,172.0,4.0,2.02,0.187,818.72,163.81,17.14,-564.48,-2541.58,-4518.68,16400.0,1808.08,188.47,stop_close,expired,2014-10-17,18.47,72.31,188.47,
2014-07-25,2014-10-17,84,197.72,12.69,0.1403,185/181/177/172,184.0,180.0,176.0,172.0,4.0,2.02,0.169,816.92,163.83,17.14,-565.48,-2542.68,-4519.88,16400.0,1806.25,188.47,hold,expired,2014-10-17,16.67,65.27,188.47,
2014-07-25,2014-10-17,84,197.72,12.69,0.1403,185/181/177/172,184.0,180.0,176.0,172.0,4.0,2.02,0.169,816.92,163.83,17.14,-565.48,-2542.68,-4519.88,16400.0,1806.25,188.47,stop_touch,expired,2014-10-17,16.67,65.27,188.47,
2014-07-25,2014-10-17,84,197.72,12.69,0.1403,185/181/177/172,184.0,180.0,176.0,172.0,4.0,2.02,0.169,816.92,163.83,17.14,-565.48,-2542.68,-4519.88,16400.0,1806.25,188.47,stop_close,expired,2014-10-17,16.67,65.27,188.47,
2014-08-08,2014-11-21,105,193.24,15.77,0.1587,178/173/168/163,178.0,173.0,168.0,163.0,5.0,2.59,0.15,1014.96,152.85,20.9,174.16,-1758.24,-3690.64,15300.0,1746.13,206.68,hold,expired,2014-11-21,14.71,58.91,206.68,
2014-08-08,2014-11-21,105,193.24,15.77,0.1587,178/173/168/163,178.0,173.0,168.0,163.0,5.0,2.59,0.15,1014.96,152.85,20.9,174.16,-1758.24,-3690.64,15300.0,1746.13,206.68,stop_touch,expired,2014-11-21,14.71,58.91,206.68,
2014-08-08,2014-11-21,105,193.24,15.77,0.1587,178/173/168/163,178.0,173.0,168.0,163.0,5.0,2.59,0.15,1014.96,152.85,20.9,174.16,-1758.24,-3690.64,15300.0,1746.13,206.68,stop_close,expired,2014-11-21,14.71,58.91,206.68,
2014-08-15,2014-11-21,98,195.72,13.15,0.143,182/178/173/169,181.0,177.0,173.0,169.0,4.0,2.04,0.287,828.7,160.71,17.89,-413.7,-2370.9,-4328.1,16100.0,1780.35,206.68,hold,expired,2014-11-21,28.45,112.51,206.68,
2014-08-15,2014-11-21,98,195.72,13.15,0.143,182/178/173/169,181.0,177.0,173.0,169.0,4.0,2.04,0.287,828.7,160.71,17.89,-413.7,-2370.9,-4328.1,16100.0,1780.35,206.68,stop_touch,expired,2014-11-21,28.45,112.51,206.68,
2014-08-15,2014-11-21,98,195.72,13.15,0.143,182/178/173/169,181.0,177.0,173.0,169.0,4.0,2.04,0.287,828.7,160.71,17.89,-413.7,-2370.9,-4328.1,16100.0,1780.35,206.68,stop_close,expired,2014-11-21,28.45,112.51,206.68,
2014-08-22,2014-11-21,91,199.19,11.47,0.133,187/182/178/174,186.0,182.0,178.0,174.0,4.0,2.01,0.165,816.49,165.84,16.75,-648.31,-2640.21,-4632.11,16600.0,1829.28,206.68,hold,expired,2014-11-21,16.24,63.08,206.68,
2014-08-22,2014-11-21,91,199.19,11.47,0.133,187/182/178/174,186.0,182.0,178.0,174.0,4.0,2.01,0.165,816.49,165.84,16.75,-648.31,-2640.21,-4632.11,16600.0,1829.28,206.68,stop_touch,expired,2014-11-21,16.24,63.08,206.68,
2014-08-22,2014-11-21,91,199.19,11.47,0.133,187/182/178/174,186.0,182.0,178.0,174.0,4.0,2.01,0.165,816.49,165.84,16.75,-648.31,-2640.21,-4632.11,16600.0,1829.28,206.68,stop_close,expired,2014-11-21,16.24,63.08,206.68,
2014-08-29,2014-11-21,84,200.71,11.98,0.136,188/184/180/176,188.0,184.0,180.0,176.0,4.0,1.99,0.152,815.23,167.85,16.37,-727.97,-2735.07,-4742.17,16800.0,1850.74,206.68,hold,expired,2014-11-21,14.98,57.76,206.68,
2014-08-29,2014-11-21,84,200.71,11.98,0.136,188/184/180/176,188.0,184.0,180.0,176.0,4.0,1.99,0.152,815.23,167.85,16.37,-727.97,-2735.07,-4742.17,16800.0,1850.74,206.68,stop_touch,expired,2014-11-21,14.98,57.76,206.68,
2014-08-29,2014-11-21,84,200.71,11.98,0.136,188/184/180/176,188.0,184.0,180.0,176.0,4.0,1.99,0.152,815.23,167.85,16.37,-727.97,-2735.07,-4742.17,16800.0,1850.74,206.68,stop_close,expired,2014-11-21,14.98,57.76,206.68,
2014-09-05,2014-11-21,77,201.11,12.09,0.1367,189/185/181/177,189.0,185.0,181.0,177.0,4.0,1.99,0.104,810.44,168.9,16.02,-800.76,-2811.86,-4822.96,16900.0,1860.23,206.68,hold,expired,2014-11-21,10.19,39.2,206.68,
2014-09-05,2014-11-21,77,201.11,12.09,0.1367,189/185/181/177,189.0,185.0,181.0,177.0,4.0,1.99,0.104,810.44,168.9,16.02,-800.76,-2811.86,-4822.96,16900.0,1860.23,206.68,stop_touch,expired,2014-11-21,10.19,39.2,206.68,
2014-09-05,2014-11-21,77,201.11,12.09,0.1367,189/185/181/177,189.0,185.0,181.0,177.0,4.0,1.99,0.104,810.44,168.9,16.02,-800.76,-2811.86,-4822.96,16900.0,1860.23,206.68,stop_close,expired,2014-11-21,10.19,39.2,206.68,
2014-09-19,2014-12-19,91,200.7,12.11,0.1368,188/183/179/175,187.0,183.0,179.0,175.0,4.0,1.99,0.214,821.41,166.79,16.9,-622.59,-2629.59,-4636.59,16700.0,1839.98,206.52,hold,expired,2014-12-19,21.16,81.58,206.52,
2014-09-19,2014-12-19,91,200.7,12.11,0.1368,188/183/179/175,187.0,183.0,179.0,175.0,4.0,1.99,0.214,821.41,166.79,16.9,-622.59,-2629.59,-4636.59,16700.0,1839.98,206.52,stop_touch,expired,2014-12-19,21.16,81.58,206.52,
2014-09-19,2014-12-19,91,200.7,12.11,0.1368,188/183/179/175,187.0,183.0,179.0,175.0,4.0,1.99,0.214,821.41,166.79,16.9,-622.59,-2629.59,-4636.59,16700.0,1839.98,206.52,stop_close,expired,2014-12-19,21.16,81.58,206.52,
2014-09-26,2014-12-19,84,197.9,14.85,0.1532,184/180/175/171,183.0,179.0,175.0,171.0,4.0,2.02,0.289,828.87,162.71,17.78,-439.13,-2418.13,-4397.13,16300.0,1798.78,206.52,hold,expired,2014-12-19,28.62,111.92,206.52,
2014-09-26,2014-12-19,84,197.9,14.85,0.1532,184/180/175/171,183.0,179.0,175.0,171.0,4.0,2.02,0.289,828.87,162.71,17.78,-439.13,-2418.13,-4397.13,16300.0,1798.78,206.52,stop_touch,expired,2014-12-19,28.62,111.92,206.52,
2014-09-26,2014-12-19,84,197.9,14.85,0.1532,184/180/175/171,183.0,179.0,175.0,171.0,4.0,2.02,0.289,828.87,162.71,17.78,-439.13,-2418.13,-4397.13,16300.0,1798.78,206.52,stop_close,expired,2014-12-19,28.62,111.92,206.52,
2014-10-03,2014-12-19,77,196.52,14.55,0.1514,184/179/175/171,183.0,179.0,175.0,171.0,4.0,2.04,0.202,820.21,162.8,17.16,-558.19,-2523.39,-4488.59,16300.0,1799.65,206.52,hold,expired,2014-12-19,19.96,78.61,206.52,
2014-10-03,2014-12-19,77,196.52,14.55,0.1514,184/179/175/171,183.0,179.0,175.0,171.0,4.0,2.04,0.202,820.21,162.8,17.16,-558.19,-2523.39,-4488.59,16300.0,1799.65,206.52,stop_touch,expired,2014-12-19,19.96,78.61,206.52,
2014-10-03,2014-12-19,77,196.52,14.55,0.1514,184/179/175/171,183.0,179.0,175.0,171.0,4.0,2.04,0.202,820.21,162.8,17.16,-558.19,-2523.39,-4488.59,16300.0,1799.65,206.52,stop_close,expired,2014-12-19,19.96,78.61,206.52,
2014-10-10,2015-01-16,98,190.54,21.24,0.1914,174/168/163/157,175.0,169.0,163.0,157.0,6.0,3.15,0.028,1202.79,144.97,23.92,745.99,-1159.41,-3064.81,14500.0,1718.34,201.63,hold,expired,2015-01-16,2.54,10.31,201.63,
2014-10-10,2015-01-16,98,190.54,21.24,0.1914,174/168/163/157,175.0,169.0,163.0,157.0,6.0,3.15,0.028,1202.79,144.97,23.92,745.99,-1159.41,-3064.81,14500.0,1718.34,201.63,stop_touch,expired,2015-01-16,2.54,10.31,201.63,
2014-10-10,2015-01-16,98,190.54,21.24,0.1914,174/168/163/157,175.0,169.0,163.0,157.0,6.0,3.15,0.028,1202.79,144.97,23.92,745.99,-1159.41,-3064.81,14500.0,1718.34,201.63,stop_close,expired,2015-01-16,2.54,10.31,201.63,
2014-10-17,2015-01-16,91,188.47,21.99,0.1959,172/167/161/156,171.0,166.0,161.0,156.0,5.0,2.65,0.325,1032.49,145.68,22.71,510.09,-1374.61,-3259.31,14600.0,1676.6,201.63,hold,expired,2015-01-16,32.24,132.39,201.63,
2014-10-17,2015-01-16,91,188.47,21.99,0.1959,172/167/161/156,171.0,166.0,161.0,156.0,5.0,2.65,0.325,1032.49,145.68,22.71,510.09,-1374.61,-3259.31,14600.0,1676.6,201.63,stop_touch,expired,2015-01-16,32.24,132.39,201.63,
2014-10-17,2015-01-16,91,188.47,21.99,0.1959,172/167/161/156,171.0,166.0,161.0,156.0,5.0,2.65,0.325,1032.49,145.68,22.71,510.09,-1374.61,-3259.31,14600.0,1676.6,201.63,stop_close,expired,2015-01-16,32.24,132.39,201.63,
2014-10-24,2015-01-16,84,196.43,16.11,0.1607,182/178/173/168,183.0,178.0,173.0,168.0,5.0,2.55,0.025,1002.48,157.98,19.58,-83.12,-2047.42,-4011.72,15800.0,1796.01,201.63,hold,expired,2015-01-16,2.23,8.8,201.63,
2014-10-24,2015-01-16,84,196.43,16.11,0.1607,182/178/173/168,183.0,178.0,173.0,168.0,5.0,2.55,0.025,1002.48,157.98,19.58,-83.12,-2047.42,-4011.72,15800.0,1796.01,201.63,stop_touch,expired,2015-01-16,2.23,8.8,201.63,
2014-10-24,2015-01-16,84,196.43,16.11,0.1607,182/178/173/168,183.0,178.0,173.0,168.0,5.0,2.55,0.025,1002.48,157.98,19.58,-83.12,-2047.42,-4011.72,15800.0,1796.01,201.63,stop_close,expired,2015-01-16,2.23,8.8,201.63,
2014-10-31,2015-01-16,77,201.66,14.03,0.1483,189/184/180/176,188.0,184.0,180.0,176.0,4.0,1.98,0.214,821.45,167.79,16.8,-645.75,-2662.35,-4678.95,16800.0,1849.44,201.63,hold,expired,2015-01-16,21.2,81.36,201.63,
2014-10-31,2015-01-16,77,201.66,14.03,0.1483,189/184/180/176,188.0,184.0,180.0,176.0,4.0,1.98,0.214,821.45,167.79,16.8,-645.75,-2662.35,-4678.95,16800.0,1849.44,201.63,stop_touch,expired,2015-01-16,21.2,81.36,201.63,
2014-10-31,2015-01-16,77,201.66,14.03,0.1483,189/184/180/176,188.0,184.0,180.0,176.0,4.0,1.98,0.214,821.45,167.79,16.8,-645.75,-2662.35,-4678.95,16800.0,1849.44,201.63,stop_close,expired,2015-01-16,21.2,81.36,201.63,
2014-11-07,2015-02-20,105,203.34,13.12,0.1429,189/184/179/174,189.0,184.0,179.0,174.0,5.0,2.46,0.082,1008.18,163.92,19.39,-124.62,-2158.02,-4191.42,16400.0,1855.22,211.24,hold,expired,2015-02-20,7.93,30.19,211.24,
2014-11-07,2015-02-20,105,203.34,13.12,0.1429,189/184/179/174,189.0,184.0,179.0,174.0,5.0,2.46,0.082,1008.18,163.92,19.39,-124.62,-2158.02,-4191.42,16400.0,1855.22,211.24,stop_touch,expired,2015-02-20,7.93,30.19,211.24,
2014-11-07,2015-02-20,105,203.34,13.12,0.1429,189/184/179/174,189.0,184.0,179.0,174.0,5.0,2.46,0.082,1008.18,163.92,19.39,-124.62,-2158.02,-4191.42,16400.0,1855.22,211.24,stop_close,expired,2015-02-20,7.93,30.19,211.24,
2014-11-14,2015-02-20,98,204.24,13.31,0.144,190/185/180/176,191.0,186.0,181.0,176.0,5.0,2.45,0.042,1004.24,165.96,18.74,-256.56,-2298.96,-4341.36,16600.0,1879.53,211.24,hold,expired,2015-02-20,3.99,15.13,211.24,
2014-11-14,2015-02-20,98,204.24,13.31,0.144,190/185/180/176,191.0,186.0,181.0,176.0,5.0,2.45,0.042,1004.24,165.96,18.74,-256.56,-2298.96,-4341.36,16600.0,1879.53,211.24,stop_touch,expired,2015-02-20,3.99,15.13,211.24,
2014-11-14,2015-02-20,98,204.24,13.31,0.144,190/185/180/176,191.0,186.0,181.0,176.0,5.0,2.45,0.042,1004.24,165.96,18.74,-256.56,-2298.96,-4341.36,16600.0,1879.53,211.24,stop_close,expired,2015-02-20,3.99,15.13,211.24,
2014-12-05,2015-02-20,77,208.0,11.82,0.1351,196/192/187/183,195.0,191.0,187.0,183.0,4.0,1.92,0.14,813.97,174.86,15.93,-846.03,-2926.03,-5006.03,17500.0,1917.08,211.24,hold,expired,2015-02-20,13.72,51.05,211.24,
2014-12-05,2015-02-20,77,208.0,11.82,0.1351,196/192/187/183,195.0,191.0,187.0,183.0,4.0,1.92,0.14,813.97,174.86,15.93,-846.03,-2926.03,-5006.03,17500.0,1917.08,211.24,stop_touch,expired,2015-02-20,13.72,51.05,211.24,
2014-12-05,2015-02-20,77,208.0,11.82,0.1351,196/192/187/183,195.0,191.0,187.0,183.0,4.0,1.92,0.14,813.97,174.86,15.93,-846.03,-2926.03,-5006.03,17500.0,1917.08,211.24,stop_close,expired,2015-02-20,13.72,51.05,211.24,
2014-12-12,2015-03-20,98,200.89,21.08,0.1905,183/177/172/166,184.0,178.0,172.0,166.0,6.0,2.99,0.142,1214.23,153.86,23.41,685.43,-1323.47,-3332.37,15400.0,1806.54,210.41,hold,expired,2015-03-20,13.98,53.84,210.41,
2014-12-12,2015-03-20,98,200.89,21.08,0.1905,183/177/172/166,184.0,178.0,172.0,166.0,6.0,2.99,0.142,1214.23,153.86,23.41,685.43,-1323.47,-3332.37,15400.0,1806.54,210.41,stop_touch,expired,2015-03-20,13.98,53.84,210.41,
2014-12-12,2015-03-20,98,200.89,21.08,0.1905,183/177/172/166,184.0,178.0,172.0,166.0,6.0,2.99,0.142,1214.23,153.86,23.41,685.43,-1323.47,-3332.37,15400.0,1806.54,210.41,stop_close,expired,2015-03-20,13.98,53.84,210.41,
2014-12-19,2015-03-20,91,206.52,16.49,0.163,191/186/181/176,191.0,186.0,181.0,176.0,5.0,2.42,0.204,1020.35,165.8,19.72,-58.05,-2123.25,-4188.45,16600.0,1876.42,210.41,hold,expired,2015-03-20,20.1,75.33,210.41,
2014-12-19,2015-03-20,91,206.52,16.49,0.163,191/186/181/176,191.0,186.0,181.0,176.0,5.0,2.42,0.204,1020.35,165.8,19.72,-58.05,-2123.25,-4188.45,16600.0,1876.42,210.41,stop_touch,expired,2015-03-20,20.1,75.33,210.41,
2014-12-19,2015-03-20,91,206.52,16.49,0.163,191/186/181/176,191.0,186.0,181.0,176.0,5.0,2.42,0.204,1020.35,165.8,19.72,-58.05,-2123.25,-4188.45,16600.0,1876.42,210.41,stop_close,expired,2015-03-20,20.1,75.33,210.41,
2014-12-26,2015-03-20,84,208.44,14.5,0.1511,194/190/185/180,195.0,190.0,185.0,180.0,5.0,2.4,0.037,1003.72,169.96,18.46,-321.08,-2405.48,-4489.88,17000.0,1915.85,210.41,hold,expired,2015-03-20,3.47,12.89,210.41,
2014-12-26,2015-03-20,84,208.44,14.5,0.1511,194/190/185/180,195.0,190.0,185.0,180.0,5.0,2.4,0.037,1003.72,169.96,18.46,-321.08,-2405.48,-4489.88,17000.0,1915.85,210.41,stop_touch,expired,2015-03-20,3.47,12.89,210.41,
2014-12-26,2015-03-20,84,208.44,14.5,0.1511,194/190/185/180,195.0,190.0,185.0,180.0,5.0,2.4,0.037,1003.72,169.96,18.46,-321.08,-2405.48,-4489.88,17000.0,1915.85,210.41,stop_close,expired,2015-03-20,3.47,12.89,210.41,
2015-01-02,2015-03-20,77,205.43,17.79,0.1708,191/186/181/176,191.0,186.0,181.0,176.0,5.0,2.43,0.131,1013.05,165.87,19.26,-152.55,-2206.85,-4261.15,16600.0,1876.78,210.41,hold,expired,2015-03-20,12.8,48.23,210.41,
2015-01-02,2015-03-20,77,205.43,17.79,0.1708,191/186/181/176,191.0,186.0,181.0,176.0,5.0,2.43,0.131,1013.05,165.87,19.26,-152.55,-2206.85,-4261.15,16600.0,1876.78,210.41,stop_touch,expired,2015-03-20,12.8,48.23,210.41,
2015-01-02,2015-03-20,77,205.43,17.79,0.1708,191/186/181/176,191.0,186.0,181.0,176.0,5.0,2.43,0.131,1013.05,165.87,19.26,-152.55,-2206.85,-4261.15,16600.0,1876.78,210.41,stop_close,expired,2015-03-20,12.8,48.23,210.41,
2015-01-09,2015-04-17,98,204.25,17.55,0.1693,188/182/177/172,187.0,182.0,177.0,172.0,5.0,2.45,0.307,1030.69,161.69,20.84,170.69,-1871.81,-3914.31,16200.0,1834.67,207.95,hold,expired,2015-04-17,30.44,115.34,207.95,
2015-01-09,2015-04-17,98,204.25,17.55,0.1693,188/182/177/172,187.0,182.0,177.0,172.0,5.0,2.45,0.307,1030.69,161.69,20.84,170.69,-1871.81,-3914.31,16200.0,1834.67,207.95,stop_touch,expired,2015-04-17,30.44,115.34,207.95,
2015-01-09,2015-04-17,98,204.25,17.55,0.1693,188/182/177/172,187.0,182.0,177.0,172.0,5.0,2.45,0.307,1030.69,161.69,20.84,170.69,-1871.81,-3914.31,16200.0,1834.67,207.95,stop_close,expired,2015-04-17,30.44,115.34,207.95,
2015-01-16,2015-04-17,91,201.63,20.95,0.1897,185/179/173/168,186.0,180.0,174.0,168.0,6.0,2.98,0.069,1206.94,155.93,22.67,537.34,-1478.96,-3495.26,15600.0,1828.84,207.95,hold,expired,2015-04-17,6.69,25.69,207.95,
2015-01-16,2015-04-17,91,201.63,20.95,0.1897,185/179/173/168,186.0,180.0,174.0,168.0,6.0,2.98,0.069,1206.94,155.93,22.67,537.34,-1478.96,-3495.26,15600.0,1828.84,207.95,stop_touch,expired,2015-04-17,6.69,25.69,207.95,
2015-01-16,2015-04-17,91,201.63,20.95,0.1897,185/179/173/168,186.0,180.0,174.0,168.0,6.0,2.98,0.069,1206.94,155.93,22.67,537.34,-1478.96,-3495.26,15600.0,1828.84,207.95,stop_close,expired,2015-04-17,6.69,25.69,207.95,
2015-01-23,2015-04-17,84,204.97,16.66,0.164,190/185/180/175,190.0,185.0,180.0,175.0,5.0,2.44,0.134,1013.43,164.87,19.57,-88.97,-2138.67,-4188.37,16500.0,1863.84,207.95,hold,expired,2015-04-17,13.18,49.78,207.95,
2015-01-23,2015-04-17,84,204.97,16.66,0.164,190/185/180/175,190.0,185.0,180.0,175.0,5.0,2.44,0.134,1013.43,164.87,19.57,-88.97,-2138.67,-4188.37,16500.0,1863.84,207.95,stop_touch,expired,2015-04-17,13.18,49.78,207.95,
2015-01-23,2015-04-17,84,204.97,16.66,0.164,190/185/180/175,190.0,185.0,180.0,175.0,5.0,2.44,0.134,1013.43,164.87,19.57,-88.97,-2138.67,-4188.37,16500.0,1863.84,207.95,stop_close,expired,2015-04-17,13.18,49.78,207.95,
2015-01-30,2015-04-17,77,199.45,20.97,0.1898,184/179/173/168,183.0,178.0,173.0,168.0,5.0,2.51,0.244,1024.41,157.76,20.9,180.41,-1814.09,-3808.59,15800.0,1793.9,207.95,hold,expired,2015-04-17,24.16,93.74,207.95,
2015-01-30,2015-04-17,77,199.45,20.97,0.1898,184/179/173/168,183.0,178.0,173.0,168.0,5.0,2.51,0.244,1024.41,157.76,20.9,180.41,-1814.09,-3808.59,15800.0,1793.9,207.95,stop_touch,expired,2015-04-17,24.16,93.74,207.95,
2015-01-30,2015-04-17,77,199.45,20.97,0.1898,184/179/173/168,183.0,178.0,173.0,168.0,5.0,2.51,0.244,1024.41,157.76,20.9,180.41,-1814.09,-3808.59,15800.0,1793.9,207.95,stop_close,expired,2015-04-17,24.16,93.74,207.95,
2015-02-06,2015-05-15,98,205.55,17.29,0.1678,189/184/178/173,188.0,183.0,178.0,173.0,5.0,2.43,0.302,1030.23,162.7,20.85,174.23,-1881.27,-3936.77,16300.0,1842.53,212.44,hold,expired,2015-05-15,29.98,112.87,212.44,
2015-02-06,2015-05-15,98,205.55,17.29,0.1678,189/184/178/173,188.0,183.0,178.0,173.0,5.0,2.43,0.302,1030.23,162.7,20.85,174.23,-1881.27,-3936.77,16300.0,1842.53,212.44,stop_touch,expired,2015-05-15,29.98,112.87,212.44,
2015-02-06,2015-05-15,98,205.55,17.29,0.1678,189/184/178/173,188.0,183.0,178.0,173.0,5.0,2.43,0.302,1030.23,162.7,20.85,174.23,-1881.27,-3936.77,16300.0,1842.53,212.44,stop_close,expired,2015-05-15,29.98,112.87,212.44,
2015-02-13,2015-05-15,91,209.78,14.69,0.1522,195/190/185/180,195.0,190.0,185.0,180.0,5.0,2.38,0.125,1012.45,169.88,19.02,-205.15,-2302.95,-4400.75,17000.0,1914.24,212.44,hold,expired,2015-05-15,12.2,45.02,212.44,
2015-02-13,2015-05-15,91,209.78,14.69,0.1522,195/190/185/180,195.0,190.0,185.0,180.0,5.0,2.38,0.125,1012.45,169.88,19.02,-205.15,-2302.95,-4400.75,17000.0,1914.24,212.44,stop_touch,expired,2015-05-15,12.2,45.02,212.44,
2015-02-13,2015-05-15,91,209.78,14.69,0.1522,195/190/185/180,195.0,190.0,185.0,180.0,5.0,2.38,0.125,1012.45,169.88,19.02,-205.15,-2302.95,-4400.75,17000.0,1914.24,212.44,stop_close,expired,2015-05-15,12.2,45.02,212.44,
2015-02-20,2015-05-15,84,211.24,14.3,0.1499,197/192/188/183,198.0,193.0,188.0,183.0,5.0,2.37,0.046,1004.57,172.95,18.12,-396.23,-2508.63,-4621.03,17300.0,1947.96,212.44,hold,expired,2015-05-15,4.32,15.83,212.44,
2015-02-20,2015-05-15,84,211.24,14.3,0.1499,197/192/188/183,198.0,193.0,188.0,183.0,5.0,2.37,0.046,1004.57,172.95,18.12,-396.23,-2508.63,-4621.03,17300.0,1947.96,212.44,stop_touch,expired,2015-05-15,4.32,15.83,212.44,
2015-02-20,2015-05-15,84,211.24,14.3,0.1499,197/192/188/183,198.0,193.0,188.0,183.0,5.0,2.37,0.046,1004.57,172.95,18.12,-396.23,-2508.63,-4621.03,17300.0,1947.96,212.44,stop_close,expired,2015-05-15,4.32,15.83,212.44,
2015-03-06,2015-06-19,105,207.5,15.2,0.1553,192/186/181/176,191.0,186.0,181.0,176.0,5.0,2.41,0.253,1025.3,165.75,20.12,25.3,-2049.7,-4124.7,16600.0,1874.92,210.81,hold,expired,2015-06-19,25.05,93.43,210.81,
2015-03-06,2015-06-19,105,207.5,15.2,0.1553,192/186/181/176,191.0,186.0,181.0,176.0,5.0,2.41,0.253,1025.3,165.75,20.12,25.3,-2049.7,-4124.7,16600.0,1874.92,210.81,stop_touch,expired,2015-06-19,25.05,93.43,210.81,
2015-03-06,2015-06-19,105,207.5,15.2,0.1553,192/186/181/176,191.0,186.0,181.0,176.0,5.0,2.41,0.253,1025.3,165.75,20.12,25.3,-2049.7,-4124.7,16600.0,1874.92,210.81,stop_close,expired,2015-06-19,25.05,93.43,210.81,
2015-03-13,2015-06-19,98,205.83,16.0,0.1601,190/185/180/175,190.0,185.0,180.0,175.0,5.0,2.43,0.229,1022.93,164.77,19.95,-10.67,-2068.97,-4127.27,16500.0,1866.94,210.81,hold,expired,2015-06-19,22.68,85.3,210.81,
2015-03-13,2015-06-19,98,205.83,16.0,0.1601,190/185/180/175,190.0,185.0,180.0,175.0,5.0,2.43,0.229,1022.93,164.77,19.95,-10.67,-2068.97,-4127.27,16500.0,1866.94,210.81,stop_touch,expired,2015-06-19,22.68,85.3,210.81,
2015-03-13,2015-06-19,98,205.83,16.0,0.1601,190/185/180/175,190.0,185.0,180.0,175.0,5.0,2.43,0.229,1022.93,164.77,19.95,-10.67,-2068.97,-4127.27,16500.0,1866.94,210.81,stop_close,expired,2015-06-19,22.68,85.3,210.81,
2015-03-20,2015-06-19,91,210.41,13.02,0.1423,196/192/187/182,197.0,192.0,187.0,182.0,5.0,2.38,0.025,1002.55,171.97,18.27,-364.65,-2468.75,-4572.85,17200.0,1935.19,210.81,hold,expired,2015-06-19,2.3,8.44,210.81,
2015-03-20,2015-06-19,91,210.41,13.02,0.1423,196/192/187/182,197.0,192.0,187.0,182.0,5.0,2.38,0.025,1002.55,171.97,18.27,-364.65,-2468.75,-4572.85,17200.0,1935.19,210.81,stop_touch,expired,2015-06-19,2.3,8.44,210.81,
2015-03-20,2015-06-19,91,210.41,13.02,0.1423,196/192/187/182,197.0,192.0,187.0,182.0,5.0,2.38,0.025,1002.55,171.97,18.27,-364.65,-2468.75,-4572.85,17200.0,1935.19,210.81,stop_close,expired,2015-06-19,2.3,8.44,210.81,
2015-03-27,2015-06-19,84,205.74,15.07,0.1545,192/187/182/177,192.0,187.0,182.0,177.0,5.0,2.43,0.049,1004.9,166.95,18.85,-235.9,-2293.3,-4350.7,16700.0,1884.81,210.81,hold,expired,2015-06-19,4.65,17.48,210.81,
2015-03-27,2015-06-19,84,205.74,15.07,0.1545,192/187/182/177,192.0,187.0,182.0,177.0,5.0,2.43,0.049,1004.9,166.95,18.85,-235.9,-2293.3,-4350.7,16700.0,1884.81,210.81,stop_touch,expired,2015-06-19,4.65,17.48,210.81,
2015-03-27,2015-06-19,84,205.74,15.07,0.1545,192/187/182/177,192.0,187.0,182.0,177.0,5.0,2.43,0.049,1004.9,166.95,18.85,-235.9,-2293.3,-4350.7,16700.0,1884.81,210.81,stop_close,expired,2015-06-19,4.65,17.48,210.81,
2015-04-10,2015-07-17,98,210.04,12.58,0.1396,196/191/186/181,196.0,191.0,186.0,181.0,5.0,2.38,0.054,1005.36,170.95,18.61,-291.44,-2391.84,-4492.24,17100.0,1923.52,212.47,hold,expired,2015-07-17,5.11,18.82,212.47,
2015-04-10,2015-07-17,98,210.04,12.58,0.1396,196/191/186/181,196.0,191.0,186.0,181.0,5.0,2.38,0.054,1005.36,170.95,18.61,-291.44,-2391.84,-4492.24,17100.0,1923.52,212.47,stop_touch,expired,2015-07-17,5.11,18.82,212.47,
2015-04-10,2015-07-17,98,210.04,12.58,0.1396,196/191/186/181,196.0,191.0,186.0,181.0,5.0,2.38,0.054,1005.36,170.95,18.61,-291.44,-2391.84,-4492.24,17100.0,1923.52,212.47,stop_close,expired,2015-07-17,5.11,18.82,212.47,
2015-04-17,2015-07-17,91,207.95,13.89,0.1475,194/189/184/179,194.0,189.0,184.0,179.0,5.0,2.4,0.06,1005.96,168.94,18.76,-258.04,-2337.54,-4417.04,16900.0,1904.49,212.47,hold,expired,2015-07-17,5.71,21.23,212.47,
2015-04-17,2015-07-17,91,207.95,13.89,0.1475,194/189/184/179,194.0,189.0,184.0,179.0,5.0,2.4,0.06,1005.96,168.94,18.76,-258.04,-2337.54,-4417.04,16900.0,1904.49,212.47,stop_touch,expired,2015-07-17,5.71,21.23,212.47,
2015-04-17,2015-07-17,91,207.95,13.89,0.1475,194/189/184/179,194.0,189.0,184.0,179.0,5.0,2.4,0.06,1005.96,168.94,18.76,-258.04,-2337.54,-4417.04,16900.0,1904.49,212.47,stop_close,expired,2015-07-17,5.71,21.23,212.47,
2015-04-24,2015-07-17,84,211.65,12.29,0.1379,198/194/190/185,197.0,193.0,189.0,185.0,4.0,1.89,0.25,824.96,176.75,16.49,-743.04,-2859.54,-4976.04,17700.0,1936.4,212.47,hold,expired,2015-07-17,24.71,90.34,212.47,
2015-04-24,2015-07-17,84,211.65,12.29,0.1379,198/194/190/185,197.0,193.0,189.0,185.0,4.0,1.89,0.25,824.96,176.75,16.49,-743.04,-2859.54,-4976.04,17700.0,1936.4,212.47,stop_touch,expired,2015-07-17,24.71,90.34,212.47,
2015-04-24,2015-07-17,84,211.65,12.29,0.1379,198/194/190/185,197.0,193.0,189.0,185.0,4.0,1.89,0.25,824.96,176.75,16.49,-743.04,-2859.54,-4976.04,17700.0,1936.4,212.47,stop_close,expired,2015-07-17,24.71,90.34,212.47,
2015-05-01,2015-07-17,77,210.72,12.7,0.1403,198/194/189/185,197.0,193.0,189.0,185.0,4.0,1.9,0.208,820.81,176.79,16.1,-821.59,-2928.79,-5035.99,17700.0,1938.04,212.47,hold,expired,2015-07-17,20.56,75.51,212.47,
2015-05-01,2015-07-17,77,210.72,12.7,0.1403,198/194/189/185,197.0,193.0,189.0,185.0,4.0,1.9,0.208,820.81,176.79,16.1,-821.59,-2928.79,-5035.99,17700.0,1938.04,212.47,stop_touch,expired,2015-07-17,20.56,75.51,212.47,
2015-05-01,2015-07-17,77,210.72,12.7,0.1403,198/194/189/185,197.0,193.0,189.0,185.0,4.0,1.9,0.208,820.81,176.79,16.1,-821.59,-2928.79,-5035.99,17700.0,1938.04,212.47,stop_close,expired,2015-07-17,20.56,75.51,212.47,
2015-05-08,2015-08-21,105,211.62,12.86,0.1413,197/192/187/182,197.0,192.0,187.0,182.0,5.0,2.36,0.137,1013.68,171.86,18.79,-256.72,-2372.92,-4489.12,17200.0,1937.25,197.63,hold,expired,2015-08-21,13.43,49.13,197.63,
2015-05-08,2015-08-21,105,211.62,12.86,0.1413,197/192/187/182,197.0,192.0,187.0,182.0,5.0,2.36,0.137,1013.68,171.86,18.79,-256.72,-2372.92,-4489.12,17200.0,1937.25,197.63,stop_touch,expired,2015-08-21,13.43,49.13,197.63,
2015-05-08,2015-08-21,105,211.62,12.86,0.1413,197/192/187/182,197.0,192.0,187.0,182.0,5.0,2.36,0.137,1013.68,171.86,18.79,-256.72,-2372.92,-4489.12,17200.0,1937.25,197.63,stop_close,expired,2015-08-21,13.43,49.13,197.63,
2015-05-15,2015-08-21,98,212.44,12.38,0.1384,198/193/188/184,199.0,194.0,189.0,184.0,5.0,2.35,0.055,1005.46,173.95,18.12,-399.34,-2523.74,-4648.14,17400.0,1958.17,197.63,hold,expired,2015-08-21,142.21,518.09,197.63,
2015-05-15,2015-08-21,98,212.44,12.38,0.1384,198/193/188/184,199.0,194.0,189.0,184.0,5.0,2.35,0.055,1005.46,173.95,18.12,-399.34,-2523.74,-4648.14,17400.0,1958.17,197.63,stop_touch,expired,2015-08-21,142.21,518.09,197.63,
2015-05-15,2015-08-21,98,212.44,12.38,0.1384,198/193/188/184,199.0,194.0,189.0,184.0,5.0,2.35,0.055,1005.46,173.95,18.12,-399.34,-2523.74,-4648.14,17400.0,1958.17,197.63,stop_close,expired,2015-08-21,142.21,518.09,197.63,
2015-05-29,2015-08-21,84,211.14,13.84,0.1472,197/192/188/183,198.0,193.0,188.0,183.0,5.0,2.37,0.019,1001.93,172.98,18.07,-406.87,-2518.27,-4629.67,17300.0,1946.18,197.63,hold,expired,2015-08-21,38.68,141.78,197.63,
2015-05-29,2015-08-21,84,211.14,13.84,0.1472,197/192/188/183,198.0,193.0,188.0,183.0,5.0,2.37,0.019,1001.93,172.98,18.07,-406.87,-2518.27,-4629.67,17300.0,1946.18,197.63,stop_touch,expired,2015-08-21,38.68,141.78,197.63,
2015-05-29,2015-08-21,84,211.14,13.84,0.1472,197/192/188/183,198.0,193.0,188.0,183.0,5.0,2.37,0.019,1001.93,172.98,18.07,-406.87,-2518.27,-4629.67,17300.0,1946.18,197.63,stop_close,expired,2015-08-21,38.68,141.78,197.63,
2015-06-05,2015-08-21,77,209.77,14.21,0.1494,196/192/187/183,195.0,191.0,187.0,183.0,4.0,1.91,0.286,828.55,174.71,16.71,-689.85,-2787.55,-4885.25,17500.0,1918.06,197.63,hold,expired,2015-08-21,28.3,104.43,197.63,
2015-06-05,2015-08-21,77,209.77,14.21,0.1494,196/192/187/183,195.0,191.0,187.0,183.0,4.0,1.91,0.286,828.55,174.71,16.71,-689.85,-2787.55,-4885.25,17500.0,1918.06,197.63,stop_touch,expired,2015-08-21,28.3,104.43,197.63,
2015-06-05,2015-08-21,77,209.77,14.21,0.1494,196/192/187/183,195.0,191.0,187.0,183.0,4.0,1.91,0.286,828.55,174.71,16.71,-689.85,-2787.55,-4885.25,17500.0,1918.06,197.63,stop_close,expired,2015-08-21,28.3,104.43,197.63,
2015-06-12,2015-09-18,98,209.93,13.78,0.1468,195/190/185/180,195.0,190.0,185.0,180.0,5.0,2.38,0.128,1012.84,169.87,19.08,-192.76,-2292.06,-4391.36,17000.0,1913.99,195.36,hold,expired,2015-09-18,12.59,46.41,195.36,
2015-06-12,2015-09-18,98,209.93,13.78,0.1468,195/190/185/180,195.0,190.0,185.0,180.0,5.0,2.38,0.128,1012.84,169.87,19.08,-192.76,-2292.06,-4391.36,17000.0,1913.99,195.36,stop_touch,expired,2015-09-18,12.59,46.41,195.36,
2015-06-12,2015-09-18,98,209.93,13.78,0.1468,195/190/185/180,195.0,190.0,185.0,180.0,5.0,2.38,0.128,1012.84,169.87,19.08,-192.76,-2292.06,-4391.36,17000.0,1913.99,195.36,stop_close,expired,2015-09-18,12.59,46.41,195.36,
2015-06-19,2015-09-18,91,210.81,13.96,0.1479,196/191/187/182,197.0,192.0,187.0,182.0,5.0,2.37,0.085,1008.5,171.92,18.45,-326.7,-2434.8,-4542.9,17200.0,1937.7,195.36,hold,expired,2015-09-18,172.25,632.35,195.36,
2015-06-19,2015-09-18,91,210.81,13.96,0.1479,196/191/187/182,197.0,192.0,187.0,182.0,5.0,2.37,0.085,1008.5,171.92,18.45,-326.7,-2434.8,-4542.9,17200.0,1937.7,195.36,stop_touch,expired,2015-09-18,172.25,632.35,195.36,
2015-06-19,2015-09-18,91,210.81,13.96,0.1479,196/191/187/182,197.0,192.0,187.0,182.0,5.0,2.37,0.085,1008.5,171.92,18.45,-326.7,-2434.8,-4542.9,17200.0,1937.7,195.36,stop_close,expired,2015-09-18,172.25,632.35,195.36,
2015-06-26,2015-09-18,84,209.9,14.02,0.1482,196/191/187/182,197.0,192.0,187.0,182.0,5.0,2.38,0.017,1001.68,171.98,18.06,-406.32,-2505.32,-4604.32,17200.0,1938.09,195.36,hold,expired,2015-09-18,165.43,609.97,195.36,
2015-06-26,2015-09-18,84,209.9,14.02,0.1482,196/191/187/182,197.0,192.0,187.0,182.0,5.0,2.38,0.017,1001.68,171.98,18.06,-406.32,-2505.32,-4604.32,17200.0,1938.09,195.36,stop_touch,expired,2015-09-18,165.43,609.97,195.36,
2015-06-26,2015-09-18,84,209.9,14.02,0.1482,196/191/187/182,197.0,192.0,187.0,182.0,5.0,2.38,0.017,1001.68,171.98,18.06,-406.32,-2505.32,-4604.32,17200.0,1938.09,195.36,stop_close,expired,2015-09-18,165.43,609.97,195.36,
2015-07-02,2015-09-18,78,207.32,16.79,0.1648,193/188/183/178,193.0,188.0,183.0,178.0,5.0,2.41,0.103,1010.32,167.9,19.02,-204.08,-2277.28,-4350.48,16800.0,1894.97,195.36,hold,expired,2015-09-18,10.07,37.58,195.36,
2015-07-02,2015-09-18,78,207.32,16.79,0.1648,193/188/183/178,193.0,188.0,183.0,178.0,5.0,2.41,0.103,1010.32,167.9,19.02,-204.08,-2277.28,-4350.48,16800.0,1894.97,195.36,stop_touch,expired,2015-09-18,10.07,37.58,195.36,
2015-07-02,2015-09-18,78,207.32,16.79,0.1648,193/188/183/178,193.0,188.0,183.0,178.0,5.0,2.41,0.103,1010.32,167.9,19.02,-204.08,-2277.28,-4350.48,16800.0,1894.97,195.36,stop_close,expired,2015-09-18,10.07,37.58,195.36,
2015-07-10,2015-10-16,98,207.48,16.83,0.165,191/186/180/175,190.0,185.0,180.0,175.0,5.0,2.41,0.293,1029.32,164.71,20.62,127.72,-1947.08,-4021.88,16500.0,1862.01,203.27,hold,expired,2015-10-16,29.07,108.45,203.27,
2015-07-10,2015-10-16,98,207.48,16.83,0.165,191/186/180/175,190.0,185.0,180.0,175.0,5.0,2.41,0.293,1029.32,164.71,20.62,127.72,-1947.08,-4021.88,16500.0,1862.01,203.27,stop_touch,expired,2015-10-16,29.07,108.45,203.27,
2015-07-10,2015-10-16,98,207.48,16.83,0.165,191/186/180/175,190.0,185.0,180.0,175.0,5.0,2.41,0.293,1029.32,164.71,20.62,127.72,-1947.08,-4021.88,16500.0,1862.01,203.27,stop_close,expired,2015-10-16,29.07,108.45,203.27,
2015-07-31,2015-10-16,77,210.45,12.12,0.1369,198/194/189/185,197.0,193.0,189.0,185.0,4.0,1.9,0.173,817.33,176.83,15.98,-846.67,-2951.17,-5055.67,17700.0,1936.92,203.27,hold,expired,2015-10-16,17.08,62.81,203.27,
2015-07-31,2015-10-16,77,210.45,12.12,0.1369,198/194/189/185,197.0,193.0,189.0,185.0,4.0,1.9,0.173,817.33,176.83,15.98,-846.67,-2951.17,-5055.67,17700.0,1936.92,203.27,stop_touch,expired,2015-10-16,17.08,62.81,203.27,
2015-07-31,2015-10-16,77,210.45,12.12,0.1369,198/194/189/185,197.0,193.0,189.0,185.0,4.0,1.9,0.173,817.33,176.83,15.98,-846.67,-2951.17,-5055.67,17700.0,1936.92,203.27,stop_close,expired,2015-10-16,17.08,62.81,203.27,
2015-08-07,2015-11-20,105,207.92,13.39,0.1445,193/188/183/178,193.0,188.0,183.0,178.0,5.0,2.4,0.14,1013.98,167.86,19.27,-152.42,-2231.62,-4310.82,16800.0,1895.74,209.31,hold,expired,2015-11-20,13.73,51.09,209.31,
2015-08-07,2015-11-20,105,207.92,13.39,0.1445,193/188/183/178,193.0,188.0,183.0,178.0,5.0,2.4,0.14,1013.98,167.86,19.27,-152.42,-2231.62,-4310.82,16800.0,1895.74,209.31,stop_touch,expired,2015-11-20,13.73,51.09,209.31,
2015-08-07,2015-11-20,105,207.92,13.39,0.1445,193/188/183/178,193.0,188.0,183.0,178.0,5.0,2.4,0.14,1013.98,167.86,19.27,-152.42,-2231.62,-4310.82,16800.0,1895.74,209.31,stop_close,expired,2015-11-20,13.73,51.09,209.31,
2015-08-14,2015-11-20,98,209.36,12.83,0.1411,195/190/185/181,196.0,191.0,186.0,181.0,5.0,2.39,0.056,1005.65,170.94,18.35,-345.55,-2439.15,-4532.75,17100.0,1929.29,209.31,hold,expired,2015-11-20,5.4,19.96,209.31,
2015-08-14,2015-11-20,98,209.36,12.83,0.1411,195/190/185/181,196.0,191.0,186.0,181.0,5.0,2.39,0.056,1005.65,170.94,18.35,-345.55,-2439.15,-4532.75,17100.0,1929.29,209.31,stop_touch,expired,2015-11-20,5.4,19.96,209.31,
2015-08-14,2015-11-20,98,209.36,12.83,0.1411,195/190/185/181,196.0,191.0,186.0,181.0,5.0,2.39,0.056,1005.65,170.94,18.35,-345.55,-2439.15,-4532.75,17100.0,1929.29,209.31,stop_close,expired,2015-11-20,5.4,19.96,209.31,
2015-08-21,2015-11-20,91,197.63,28.03,0.232,178/171/165/159,177.0,171.0,165.0,159.0,6.0,3.04,0.418,1241.83,146.58,25.83,1152.23,-824.07,-2800.37,14700.0,1735.53,209.31,hold,expired,2015-11-20,41.58,162.83,209.31,
2015-08-21,2015-11-20,91,197.63,28.03,0.232,178/171/165/159,177.0,171.0,165.0,159.0,6.0,3.04,0.418,1241.83,146.58,25.83,1152.23,-824.07,-2800.37,14700.0,1735.53,209.31,stop_touch,expired,2015-11-20,41.58,162.83,209.31,
2015-08-21,2015-11-20,91,197.63,28.03,0.232,178/171/165/159,177.0,171.0,165.0,159.0,6.0,3.04,0.418,1241.83,146.58,25.83,1152.23,-824.07,-2800.37,14700.0,1735.53,209.31,stop_close,expired,2015-11-20,41.58,162.83,209.31,
2015-08-28,2015-11-20,84,199.24,26.05,0.2202,181/175/169/163,181.0,175.0,169.0,163.0,6.0,3.01,0.252,1225.21,150.75,24.34,864.41,-1127.99,-3120.39,15100.0,1776.05,209.31,hold,expired,2015-11-20,24.96,96.96,209.31,
2015-08-28,2015-11-20,84,199.24,26.05,0.2202,181/175/169/163,181.0,175.0,169.0,163.0,6.0,3.01,0.252,1225.21,150.75,24.34,864.41,-1127.99,-3120.39,15100.0,1776.05,209.31,stop_touch,expired,2015-11-20,24.96,96.96,209.31,
2015-08-28,2015-11-20,84,199.24,26.05,0.2202,181/175/169/163,181.0,175.0,169.0,163.0,6.0,3.01,0.252,1225.21,150.75,24.34,864.41,-1127.99,-3120.39,15100.0,1776.05,209.31,stop_close,expired,2015-11-20,24.96,96.96,209.31,
2015-09-04,2015-11-20,77,192.59,27.8,0.2306,175/169/163/157,175.0,169.0,163.0,157.0,6.0,3.12,0.174,1217.44,144.83,24.8,924.64,-1001.26,-2927.16,14500.0,1714.7,209.31,hold,expired,2015-11-20,17.19,69.09,209.31,
2015-09-04,2015-11-20,77,192.59,27.8,0.2306,175/169/163/157,175.0,169.0,163.0,157.0,6.0,3.12,0.174,1217.44,144.83,24.8,924.64,-1001.26,-2927.16,14500.0,1714.7,209.31,stop_touch,expired,2015-11-20,17.19,69.09,209.31,
2015-09-04,2015-11-20,77,192.59,27.8,0.2306,175/169/163/157,175.0,169.0,163.0,157.0,6.0,3.12,0.174,1217.44,144.83,24.8,924.64,-1001.26,-2927.16,14500.0,1714.7,209.31,stop_close,expired,2015-11-20,17.19,69.09,209.31,
2015-09-11,2015-12-18,98,196.74,23.2,0.2031,179/172/166/161,179.0,173.0,167.0,161.0,6.0,3.05,0.216,1221.64,148.78,24.38,860.84,-1106.56,-3073.96,14900.0,1757.77,200.02,hold,expired,2015-12-18,21.39,84.13,200.02,
2015-09-11,2015-12-18,98,196.74,23.2,0.2031,179/172/166/161,179.0,173.0,167.0,161.0,6.0,3.05,0.216,1221.64,148.78,24.38,860.84,-1106.56,-3073.96,14900.0,1757.77,200.02,stop_touch,expired,2015-12-18,21.39,84.13,200.02,
2015-09-11,2015-12-18,98,196.74,23.2,0.2031,179/172/166/161,179.0,173.0,167.0,161.0,6.0,3.05,0.216,1221.64,148.78,24.38,860.84,-1106.56,-3073.96,14900.0,1757.77,200.02,stop_close,expired,2015-12-18,21.39,84.13,200.02,
2015-09-18,2015-12-18,91,195.36,22.28,0.1976,178/173/167/161,179.0,173.0,167.0,161.0,6.0,3.07,0.077,1207.74,148.92,23.77,736.54,-1217.06,-3170.66,14900.0,1754.96,200.02,hold,expired,2015-12-18,7.49,29.68,200.02,
2015-09-18,2015-12-18,91,195.36,22.28,0.1976,178/173/167/161,179.0,173.0,167.0,161.0,6.0,3.07,0.077,1207.74,148.92,23.77,736.54,-1217.06,-3170.66,14900.0,1754.96,200.02,stop_touch,expired,2015-12-18,7.49,29.68,200.02,
2015-09-18,2015-12-18,91,195.36,22.28,0.1976,178/173/167/161,179.0,173.0,167.0,161.0,6.0,3.07,0.077,1207.74,148.92,23.77,736.54,-1217.06,-3170.66,14900.0,1754.96,200.02,stop_close,expired,2015-12-18,7.49,29.68,200.02,
2015-09-25,2015-12-18,84,192.87,23.62,0.2056,176/170/165/159,177.0,171.0,165.0,159.0,6.0,3.11,0.046,1204.61,146.95,23.81,734.21,-1194.49,-3123.19,14700.0,1735.79,200.02,hold,expired,2015-12-18,4.36,17.51,200.02,
2015-09-25,2015-12-18,84,192.87,23.62,0.2056,176/170/165/159,177.0,171.0,165.0,159.0,6.0,3.11,0.046,1204.61,146.95,23.81,734.21,-1194.49,-3123.19,14700.0,1735.79,200.02,stop_touch,expired,2015-12-18,4.36,17.51,200.02,
2015-09-25,2015-12-18,84,192.87,23.62,0.2056,176/170/165/159,177.0,171.0,165.0,159.0,6.0,3.11,0.046,1204.61,146.95,23.81,734.21,-1194.49,-3123.19,14700.0,1735.79,200.02,stop_close,expired,2015-12-18,4.36,17.51,200.02,
2015-10-02,2015-12-18,77,195.0,20.94,0.1896,180/175/169/164,179.0,174.0,169.0,164.0,5.0,2.56,0.199,1019.86,153.8,21.13,219.86,-1730.14,-3680.14,15400.0,1753.48,200.02,hold,expired,2015-12-18,19.61,77.82,200.02,
2015-10-02,2015-12-18,77,195.0,20.94,0.1896,180/175/169/164,179.0,174.0,169.0,164.0,5.0,2.56,0.199,1019.86,153.8,21.13,219.86,-1730.14,-3680.14,15400.0,1753.48,200.02,stop_touch,expired,2015-12-18,19.61,77.82,200.02,
2015-10-02,2015-12-18,77,195.0,20.94,0.1896,180/175/169/164,179.0,174.0,169.0,164.0,5.0,2.56,0.199,1019.86,153.8,21.13,219.86,-1730.14,-3680.14,15400.0,1753.48,200.02,stop_close,expired,2015-12-18,19.61,77.82,200.02,
2015-10-09,2016-01-15,98,201.33,17.08,0.1665,186/180/175/170,185.0,180.0,175.0,170.0,5.0,2.48,0.251,1025.06,159.75,20.65,131.46,-1881.84,-3895.14,16000.0,1816.05,187.81,hold,expired,2016-01-15,24.81,95.36,187.81,
2015-10-09,2016-01-15,98,201.33,17.08,0.1665,186/180/175/170,185.0,180.0,175.0,170.0,5.0,2.48,0.251,1025.06,159.75,20.65,131.46,-1881.84,-3895.14,16000.0,1816.05,187.81,stop_touch,expired,2016-01-15,24.81,95.36,187.81,
2015-10-09,2016-01-15,98,201.33,17.08,0.1665,186/180/175/170,185.0,180.0,175.0,170.0,5.0,2.48,0.251,1025.06,159.75,20.65,131.46,-1881.84,-3895.14,16000.0,1816.05,187.81,stop_close,expired,2016-01-15,24.81,95.36,187.81,
2015-10-16,2016-01-15,91,203.27,15.05,0.1544,189/184/179/174,189.0,184.0,179.0,174.0,5.0,2.46,0.088,1008.77,163.91,19.36,-129.63,-2162.33,-4195.03,16400.0,1855.24,187.81,hold,expired,2016-01-15,127.52,485.52,187.81,
2015-10-16,2016-01-15,91,203.27,15.05,0.1544,189/184/179/174,189.0,184.0,179.0,174.0,5.0,2.46,0.088,1008.77,163.91,19.36,-129.63,-2162.33,-4195.03,16400.0,1855.24,187.81,stop_touch,expired,2016-01-15,127.52,485.52,187.81,
2015-10-16,2016-01-15,91,203.27,15.05,0.1544,189/184/179/174,189.0,184.0,179.0,174.0,5.0,2.46,0.088,1008.77,163.91,19.36,-129.63,-2162.33,-4195.03,16400.0,1855.24,187.81,stop_close,expired,2016-01-15,127.52,485.52,187.81,
2015-10-23,2016-01-15,84,207.52,14.46,0.1509,194/189/184/179,194.0,189.0,184.0,179.0,5.0,2.41,0.029,1002.9,168.97,18.58,-295.5,-2370.7,-4445.9,16900.0,1904.39,187.81,hold,expired,2016-01-15,502.65,1874.61,187.81,
2015-10-23,2016-01-15,84,207.52,14.46,0.1509,194/189/184/179,194.0,189.0,184.0,179.0,5.0,2.41,0.029,1002.9,168.97,18.58,-295.5,-2370.7,-4445.9,16900.0,1904.39,187.81,stop_touch,expired,2016-01-15,502.65,1874.61,187.81,
2015-10-23,2016-01-15,84,207.52,14.46,0.1509,194/189/184/179,194.0,189.0,184.0,179.0,5.0,2.41,0.029,1002.9,168.97,18.58,-295.5,-2370.7,-4445.9,16900.0,1904.39,187.81,stop_close,expired,2016-01-15,502.65,1874.61,187.81,
2015-11-06,2016-02-19,105,210.04,14.33,0.1501,194/189/184/179,194.0,189.0,184.0,179.0,5.0,2.38,0.221,1022.09,168.78,19.64,-74.71,-2175.11,-4275.51,16900.0,1904.93,192.0,hold,expired,2016-02-19,221.84,817.41,192.0,
2015-11-06,2016-02-19,105,210.04,14.33,0.1501,194/189/184/179,194.0,189.0,184.0,179.0,5.0,2.38,0.221,1022.09,168.78,19.64,-74.71,-2175.11,-4275.51,16900.0,1904.93,192.0,stop_touch,expired,2016-02-19,221.84,817.41,192.0,
2015-11-06,2016-02-19,105,210.04,14.33,0.1501,194/189/184/179,194.0,189.0,184.0,179.0,5.0,2.38,0.221,1022.09,168.78,19.64,-74.71,-2175.11,-4275.51,16900.0,1904.93,192.0,stop_close,expired,2016-02-19,221.84,817.41,192.0,
2015-11-13,2016-02-19,98,202.54,20.08,0.1845,185/179/174/168,186.0,180.0,174.0,168.0,6.0,2.96,0.102,1210.18,155.9,23.03,613.38,-1412.02,-3437.42,15600.0,1825.01,192.0,hold,expired,2016-02-19,9.93,37.96,192.0,
2015-11-13,2016-02-19,98,202.54,20.08,0.1845,185/179/174/168,186.0,180.0,174.0,168.0,6.0,2.96,0.102,1210.18,155.9,23.03,613.38,-1412.02,-3437.42,15600.0,1825.01,192.0,stop_touch,expired,2016-02-19,9.93,37.96,192.0,
2015-11-13,2016-02-19,98,202.54,20.08,0.1845,185/179/174/168,186.0,180.0,174.0,168.0,6.0,2.96,0.102,1210.18,155.9,23.03,613.38,-1412.02,-3437.42,15600.0,1825.01,192.0,stop_close,expired,2016-02-19,9.93,37.96,192.0,
2015-11-20,2016-02-19,91,209.31,15.47,0.1569,194/189/184/179,194.0,189.0,184.0,179.0,5.0,2.39,0.168,1016.78,168.83,19.34,-138.42,-2231.52,-4324.62,16900.0,1904.44,192.0,hold,expired,2016-02-19,216.53,800.61,192.0,
2015-11-20,2016-02-19,91,209.31,15.47,0.1569,194/189/184/179,194.0,189.0,184.0,179.0,5.0,2.39,0.168,1016.78,168.83,19.34,-138.42,-2231.52,-4324.62,16900.0,1904.44,192.0,stop_touch,expired,2016-02-19,216.53,800.61,192.0,
2015-11-20,2016-02-19,91,209.31,15.47,0.1569,194/189/184/179,194.0,189.0,184.0,179.0,5.0,2.39,0.168,1016.78,168.83,19.34,-138.42,-2231.52,-4324.62,16900.0,1904.44,192.0,stop_close,expired,2016-02-19,216.53,800.61,192.0,
2015-11-27,2016-02-19,84,209.56,15.12,0.1548,195/190/185/181,196.0,191.0,186.0,181.0,5.0,2.39,0.08,1008.05,170.92,18.44,-327.15,-2422.75,-4518.35,17100.0,1928.84,192.0,hold,expired,2016-02-19,407.8,1506.04,192.0,
2015-11-27,2016-02-19,84,209.56,15.12,0.1548,195/190/185/181,196.0,191.0,186.0,181.0,5.0,2.39,0.08,1008.05,170.92,18.44,-327.15,-2422.75,-4518.35,17100.0,1928.84,192.0,stop_touch,expired,2016-02-19,407.8,1506.04,192.0,
2015-11-27,2016-02-19,84,209.56,15.12,0.1548,195/190/185/181,196.0,191.0,186.0,181.0,5.0,2.39,0.08,1008.05,170.92,18.44,-327.15,-2422.75,-4518.35,17100.0,1928.84,192.0,stop_close,expired,2016-02-19,407.8,1506.04,192.0,
2015-12-11,2016-03-18,98,201.88,24.39,0.2103,183/176/170/164,182.0,176.0,170.0,164.0,6.0,2.97,0.347,1234.73,151.65,24.88,985.13,-1033.67,-3052.47,15200.0,1783.85,204.38,hold,expired,2016-03-18,34.48,132.18,204.38,
2015-12-11,2016-03-18,98,201.88,24.39,0.2103,183/176/170/164,182.0,176.0,170.0,164.0,6.0,2.97,0.347,1234.73,151.65,24.88,985.13,-1033.67,-3052.47,15200.0,1783.85,204.38,stop_touch,expired,2016-03-18,34.48,132.18,204.38,
2015-12-11,2016-03-18,98,201.88,24.39,0.2103,183/176/170/164,182.0,176.0,170.0,164.0,6.0,2.97,0.347,1234.73,151.65,24.88,985.13,-1033.67,-3052.47,15200.0,1783.85,204.38,stop_close,expired,2016-03-18,34.48,132.18,204.38,
2015-12-18,2016-03-18,91,200.02,20.7,0.1882,183/178/172/166,184.0,178.0,172.0,166.0,6.0,3.0,0.043,1204.3,153.96,23.03,605.9,-1394.3,-3394.5,15400.0,1803.28,204.38,hold,expired,2016-03-18,4.05,15.66,204.38,
2015-12-18,2016-03-18,91,200.02,20.7,0.1882,183/178/172/166,184.0,178.0,172.0,166.0,6.0,3.0,0.043,1204.3,153.96,23.03,605.9,-1394.3,-3394.5,15400.0,1803.28,204.38,stop_touch,expired,2016-03-18,4.05,15.66,204.38,
2015-12-18,2016-03-18,91,200.02,20.7,0.1882,183/178/172/166,184.0,178.0,172.0,166.0,6.0,3.0,0.043,1204.3,153.96,23.03,605.9,-1394.3,-3394.5,15400.0,1803.28,204.38,stop_close,expired,2016-03-18,4.05,15.66,204.38,
2015-12-24,2016-03-18,85,205.68,15.74,0.1585,191/186/181/177,192.0,187.0,182.0,177.0,5.0,2.43,0.092,1009.22,166.91,18.85,-236.38,-2293.18,-4349.98,16700.0,1889.45,204.38,hold,expired,2016-03-18,8.97,33.74,204.38,
2015-12-24,2016-03-18,85,205.68,15.74,0.1585,191/186/181/177,192.0,187.0,182.0,177.0,5.0,2.43,0.092,1009.22,166.91,18.85,-236.38,-2293.18,-4349.98,16700.0,1889.45,204.38,stop_touch,expired,2016-03-18,8.97,33.74,204.38,
2015-12-24,2016-03-18,85,205.68,15.74,0.1585,191/186/181/177,192.0,187.0,182.0,177.0,5.0,2.43,0.092,1009.22,166.91,18.85,-236.38,-2293.18,-4349.98,16700.0,1889.45,204.38,stop_close,expired,2016-03-18,8.97,33.74,204.38,
2015-12-31,2016-03-18,78,203.87,18.21,0.1733,189/184/179/174,189.0,184.0,179.0,174.0,5.0,2.45,0.15,1015.04,163.85,19.63,-75.36,-2114.06,-4152.76,16400.0,1855.68,204.38,hold,expired,2016-03-18,14.79,56.16,204.38,
2015-12-31,2016-03-18,78,203.87,18.21,0.1733,189/184/179/174,189.0,184.0,179.0,174.0,5.0,2.45,0.15,1015.04,163.85,19.63,-75.36,-2114.06,-4152.76,16400.0,1855.68,204.38,stop_touch,expired,2016-03-18,14.79,56.16,204.38,
2015-12-31,2016-03-18,78,203.87,18.21,0.1733,189/184/179/174,189.0,184.0,179.0,174.0,5.0,2.45,0.15,1015.04,163.85,19.63,-75.36,-2114.06,-4152.76,16400.0,1855.68,204.38,stop_close,expired,2016-03-18,14.79,56.16,204.38,
2016-01-08,2016-04-15,98,191.92,27.01,0.2259,173/166/160/154,172.0,166.0,160.0,154.0,6.0,3.13,0.362,1236.19,141.64,26.2,1189.79,-729.41,-2648.61,14200.0,1686.03,207.78,hold,expired,2016-04-15,35.94,144.94,207.78,
2016-01-08,2016-04-15,98,191.92,27.01,0.2259,173/166/160/154,172.0,166.0,160.0,154.0,6.0,3.13,0.362,1236.19,141.64,26.2,1189.79,-729.41,-2648.61,14200.0,1686.03,207.78,stop_touch,expired,2016-04-15,35.94,144.94,207.78,
2016-01-08,2016-04-15,98,191.92,27.01,0.2259,173/166/160/154,172.0,166.0,160.0,154.0,6.0,3.13,0.362,1236.19,141.64,26.2,1189.79,-729.41,-2648.61,14200.0,1686.03,207.78,stop_close,expired,2016-04-15,35.94,144.94,207.78,
2016-01-15,2016-04-15,91,187.81,27.02,0.226,170/164/158/152,170.0,164.0,158.0,152.0,6.0,3.19,0.235,1223.51,139.76,25.58,1048.31,-829.79,-2707.89,14000.0,1669.53,207.78,hold,expired,2016-04-15,23.26,95.87,207.78,
2016-01-15,2016-04-15,91,187.81,27.02,0.226,170/164/158/152,170.0,164.0,158.0,152.0,6.0,3.19,0.235,1223.51,139.76,25.58,1048.31,-829.79,-2707.89,14000.0,1669.53,207.78,stop_touch,expired,2016-04-15,23.26,95.87,207.78,
2016-01-15,2016-04-15,91,187.81,27.02,0.226,170/164/158/152,170.0,164.0,158.0,152.0,6.0,3.19,0.235,1223.51,139.76,25.58,1048.31,-829.79,-2707.89,14000.0,1669.53,207.78,stop_close,expired,2016-04-15,23.26,95.87,207.78,
2016-01-29,2016-04-15,77,193.72,20.2,0.1852,179/174/169/164,179.0,174.0,169.0,164.0,5.0,2.58,0.146,1014.59,153.85,20.58,112.19,-1825.01,-3762.21,15400.0,1756.69,207.78,hold,expired,2016-04-15,14.34,57.28,207.78,
2016-01-29,2016-04-15,77,193.72,20.2,0.1852,179/174/169/164,179.0,174.0,169.0,164.0,5.0,2.58,0.146,1014.59,153.85,20.58,112.19,-1825.01,-3762.21,15400.0,1756.69,207.78,stop_touch,expired,2016-04-15,14.34,57.28,207.78,
2016-01-29,2016-04-15,77,193.72,20.2,0.1852,179/174/169/164,179.0,174.0,169.0,164.0,5.0,2.58,0.146,1014.59,153.85,20.58,112.19,-1825.01,-3762.21,15400.0,1756.69,207.78,stop_close,expired,2016-04-15,14.34,57.28,207.78,
2016-02-05,2016-05-20,105,187.95,23.38,0.2042,170/164/158/152,170.0,164.0,158.0,152.0,6.0,3.19,0.18,1218.04,139.82,25.61,1054.04,-825.46,-2704.96,14000.0,1664.43,205.49,hold,expired,2016-05-20,17.79,73.27,205.49,
2016-02-05,2016-05-20,105,187.95,23.38,0.2042,170/164/158/152,170.0,164.0,158.0,152.0,6.0,3.19,0.18,1218.04,139.82,25.61,1054.04,-825.46,-2704.96,14000.0,1664.43,205.49,stop_touch,expired,2016-05-20,17.79,73.27,205.49,
2016-02-05,2016-05-20,105,187.95,23.38,0.2042,170/164/158/152,170.0,164.0,158.0,152.0,6.0,3.19,0.18,1218.04,139.82,25.61,1054.04,-825.46,-2704.96,14000.0,1664.43,205.49,stop_close,expired,2016-05-20,17.79,73.27,205.49,
2016-02-12,2016-05-20,98,186.63,25.4,0.2163,169/163/157/151,169.0,163.0,157.0,151.0,6.0,3.21,0.207,1220.67,138.79,25.63,1051.07,-815.23,-2681.53,13900.0,1658.94,205.49,hold,expired,2016-05-20,20.42,84.69,205.49,
2016-02-12,2016-05-20,98,186.63,25.4,0.2163,169/163/157/151,169.0,163.0,157.0,151.0,6.0,3.21,0.207,1220.67,138.79,25.63,1051.07,-815.23,-2681.53,13900.0,1658.94,205.49,stop_touch,expired,2016-05-20,20.42,84.69,205.49,
2016-02-12,2016-05-20,98,186.63,25.4,0.2163,169/163/157/151,169.0,163.0,157.0,151.0,6.0,3.21,0.207,1220.67,138.79,25.63,1051.07,-815.23,-2681.53,13900.0,1658.94,205.49,stop_close,expired,2016-05-20,20.42,84.69,205.49,
2016-02-19,2016-05-20,91,192.0,20.53,0.1872,176/171/165/160,175.0,170.0,165.0,160.0,5.0,2.6,0.282,1028.23,149.72,22.02,388.23,-1531.77,-3451.77,15000.0,1714.63,205.49,hold,expired,2016-05-20,27.98,112.77,205.49,
2016-02-19,2016-05-20,91,192.0,20.53,0.1872,176/171/165/160,175.0,170.0,165.0,160.0,5.0,2.6,0.282,1028.23,149.72,22.02,388.23,-1531.77,-3451.77,15000.0,1714.63,205.49,stop_touch,expired,2016-05-20,27.98,112.77,205.49,
2016-02-19,2016-05-20,91,192.0,20.53,0.1872,176/171/165/160,175.0,170.0,165.0,160.0,5.0,2.6,0.282,1028.23,149.72,22.02,388.23,-1531.77,-3451.77,15000.0,1714.63,205.49,stop_close,expired,2016-05-20,27.98,112.77,205.49,
2016-02-26,2016-05-20,84,195.09,19.81,0.1829,180/175/169/164,179.0,174.0,169.0,164.0,5.0,2.56,0.21,1020.97,153.79,21.17,228.17,-1722.73,-3673.63,15400.0,1753.41,205.49,hold,expired,2016-05-20,20.72,82.18,205.49,
2016-02-26,2016-05-20,84,195.09,19.81,0.1829,180/175/169/164,179.0,174.0,169.0,164.0,5.0,2.56,0.21,1020.97,153.79,21.17,228.17,-1722.73,-3673.63,15400.0,1753.41,205.49,stop_touch,expired,2016-05-20,20.72,82.18,205.49,
2016-02-26,2016-05-20,84,195.09,19.81,0.1829,180/175/169/164,179.0,174.0,169.0,164.0,5.0,2.56,0.21,1020.97,153.79,21.17,228.17,-1722.73,-3673.63,15400.0,1753.41,205.49,stop_close,expired,2016-05-20,20.72,82.18,205.49,
2016-03-04,2016-05-20,77,200.43,16.86,0.1652,187/182/177/172,187.0,182.0,177.0,172.0,5.0,2.49,0.034,1003.41,161.97,19.19,-162.19,-2166.49,-4170.79,16200.0,1834.88,205.49,hold,expired,2016-05-20,3.16,12.19,205.49,
2016-03-04,2016-05-20,77,200.43,16.86,0.1652,187/182/177/172,187.0,182.0,177.0,172.0,5.0,2.49,0.034,1003.41,161.97,19.19,-162.19,-2166.49,-4170.79,16200.0,1834.88,205.49,stop_touch,expired,2016-05-20,3.16,12.19,205.49,
2016-03-04,2016-05-20,77,200.43,16.86,0.1652,187/182/177/172,187.0,182.0,177.0,172.0,5.0,2.49,0.034,1003.41,161.97,19.19,-162.19,-2166.49,-4170.79,16200.0,1834.88,205.49,stop_close,expired,2016-05-20,3.16,12.19,205.49,
2016-03-11,2016-06-17,98,202.76,16.5,0.1631,187/182/177/172,187.0,182.0,177.0,172.0,5.0,2.47,0.227,1022.69,161.77,20.21,43.49,-1984.11,-4011.71,16200.0,1836.54,206.52,hold,expired,2016-06-17,22.44,85.67,206.52,
2016-03-11,2016-06-17,98,202.76,16.5,0.1631,187/182/177/172,187.0,182.0,177.0,172.0,5.0,2.47,0.227,1022.69,161.77,20.21,43.49,-1984.11,-4011.71,16200.0,1836.54,206.52,stop_touch,expired,2016-06-17,22.44,85.67,206.52,
2016-03-11,2016-06-17,98,202.76,16.5,0.1631,187/182/177/172,187.0,182.0,177.0,172.0,5.0,2.47,0.227,1022.69,161.77,20.21,43.49,-1984.11,-4011.71,16200.0,1836.54,206.52,stop_close,expired,2016-06-17,22.44,85.67,206.52,
2016-03-18,2016-06-17,91,204.38,14.02,0.1482,190/186/181/176,191.0,186.0,181.0,176.0,5.0,2.45,0.032,1003.24,165.97,18.79,-246.36,-2290.16,-4333.96,16600.0,1875.53,206.52,hold,expired,2016-06-17,2.99,11.31,206.52,
2016-03-18,2016-06-17,91,204.38,14.02,0.1482,190/186/181/176,191.0,186.0,181.0,176.0,5.0,2.45,0.032,1003.24,165.97,18.79,-246.36,-2290.16,-4333.96,16600.0,1875.53,206.52,stop_touch,expired,2016-06-17,2.99,11.31,206.52,
2016-03-18,2016-06-17,91,204.38,14.02,0.1482,190/186/181/176,191.0,186.0,181.0,176.0,5.0,2.45,0.032,1003.24,165.97,18.79,-246.36,-2290.16,-4333.96,16600.0,1875.53,206.52,stop_close,expired,2016-06-17,2.99,11.31,206.52,
2016-03-24,2016-06-17,85,203.12,14.74,0.1525,189/185/180/175,190.0,185.0,180.0,175.0,5.0,2.46,0.013,1001.26,164.99,18.77,-249.14,-2280.34,-4311.54,16500.0,1865.42,206.52,hold,expired,2016-06-17,1.01,3.86,206.52,
2016-03-24,2016-06-17,85,203.12,14.74,0.1525,189/185/180/175,190.0,185.0,180.0,175.0,5.0,2.46,0.013,1001.26,164.99,18.77,-249.14,-2280.34,-4311.54,16500.0,1865.42,206.52,stop_touch,expired,2016-06-17,1.01,3.86,206.52,
2016-03-24,2016-06-17,85,203.12,14.74,0.1525,189/185/180/175,190.0,185.0,180.0,175.0,5.0,2.46,0.013,1001.26,164.99,18.77,-249.14,-2280.34,-4311.54,16500.0,1865.42,206.52,stop_close,expired,2016-06-17,1.01,3.86,206.52,
2016-04-01,2016-06-17,77,206.92,13.1,0.1427,194/190/186/181,193.0,189.0,185.0,181.0,4.0,1.93,0.199,819.89,172.8,16.49,-726.51,-2795.71,-4864.91,17300.0,1895.78,206.52,hold,expired,2016-06-17,19.64,73.46,206.52,
2016-04-01,2016-06-17,77,206.92,13.1,0.1427,194/190/186/181,193.0,189.0,185.0,181.0,4.0,1.93,0.199,819.89,172.8,16.49,-726.51,-2795.71,-4864.91,17300.0,1895.78,206.52,stop_touch,expired,2016-06-17,19.64,73.46,206.52,
2016-04-01,2016-06-17,77,206.92,13.1,0.1427,194/190/186/181,193.0,189.0,185.0,181.0,4.0,1.93,0.199,819.89,172.8,16.49,-726.51,-2795.71,-4864.91,17300.0,1895.78,206.52,stop_close,expired,2016-06-17,19.64,73.46,206.52,
2016-04-08,2016-07-15,98,204.5,15.36,0.1563,189/184/179/174,189.0,184.0,179.0,174.0,5.0,2.44,0.174,1017.43,163.83,19.89,-22.57,-2067.57,-4112.57,16400.0,1853.64,215.83,hold,expired,2016-07-15,17.18,65.0,215.83,
2016-04-08,2016-07-15,98,204.5,15.36,0.1563,189/184/179/174,189.0,184.0,179.0,174.0,5.0,2.44,0.174,1017.43,163.83,19.89,-22.57,-2067.57,-4112.57,16400.0,1853.64,215.83,stop_touch,expired,2016-07-15,17.18,65.0,215.83,
2016-04-08,2016-07-15,98,204.5,15.36,0.1563,189/184/179/174,189.0,184.0,179.0,174.0,5.0,2.44,0.174,1017.43,163.83,19.89,-22.57,-2067.57,-4112.57,16400.0,1853.64,215.83,stop_close,expired,2016-07-15,17.18,65.0,215.83,
2016-04-15,2016-07-15,91,207.78,13.62,0.1458,194/189/184/180,195.0,190.0,185.0,180.0,5.0,2.41,0.03,1003.04,169.97,18.2,-374.56,-2452.36,-4530.16,17000.0,1919.97,215.83,hold,expired,2016-07-15,2.79,10.41,215.83,
2016-04-15,2016-07-15,91,207.78,13.62,0.1458,194/189/184/180,195.0,190.0,185.0,180.0,5.0,2.41,0.03,1003.04,169.97,18.2,-374.56,-2452.36,-4530.16,17000.0,1919.97,215.83,stop_touch,expired,2016-07-15,2.79,10.41,215.83,
2016-04-15,2016-07-15,91,207.78,13.62,0.1458,194/189/184/180,195.0,190.0,185.0,180.0,5.0,2.41,0.03,1003.04,169.97,18.2,-374.56,-2452.36,-4530.16,17000.0,1919.97,215.83,stop_close,expired,2016-07-15,2.79,10.41,215.83,
2016-04-29,2016-07-15,77,206.33,15.7,0.1583,193/188/183/179,194.0,189.0,184.0,179.0,5.0,2.42,0.011,1001.08,168.99,18.1,-392.52,-2455.82,-4519.12,16900.0,1911.14,215.83,hold,expired,2016-07-15,0.83,3.11,215.83,
2016-04-29,2016-07-15,77,206.33,15.7,0.1583,193/188/183/179,194.0,189.0,184.0,179.0,5.0,2.42,0.011,1001.08,168.99,18.1,-392.52,-2455.82,-4519.12,16900.0,1911.14,215.83,stop_touch,expired,2016-07-15,0.83,3.11,215.83,
2016-04-29,2016-07-15,77,206.33,15.7,0.1583,193/188/183/179,194.0,189.0,184.0,179.0,5.0,2.42,0.011,1001.08,168.99,18.1,-392.52,-2455.82,-4519.12,16900.0,1911.14,215.83,stop_close,expired,2016-07-15,0.83,3.11,215.83,
2016-05-06,2016-08-19,105,205.72,14.72,0.1524,190/185/180/175,190.0,185.0,180.0,175.0,5.0,2.43,0.202,1020.21,164.8,19.89,-22.19,-2079.39,-4136.59,16500.0,1864.78,218.54,hold,expired,2016-08-19,19.96,75.09,218.54,
2016-05-06,2016-08-19,105,205.72,14.72,0.1524,190/185/180/175,190.0,185.0,180.0,175.0,5.0,2.43,0.202,1020.21,164.8,19.89,-22.19,-2079.39,-4136.59,16500.0,1864.78,218.54,stop_touch,expired,2016-08-19,19.96,75.09,218.54,
2016-05-06,2016-08-19,105,205.72,14.72,0.1524,190/185/180/175,190.0,185.0,180.0,175.0,5.0,2.43,0.202,1020.21,164.8,19.89,-22.19,-2079.39,-4136.59,16500.0,1864.78,218.54,stop_close,expired,2016-08-19,19.96,75.09,218.54,
2016-05-13,2016-08-19,98,204.76,15.04,0.1543,190/185/180/175,190.0,185.0,180.0,175.0,5.0,2.44,0.156,1015.59,164.84,19.49,-103.61,-2151.21,-4198.81,16500.0,1867.01,218.54,hold,expired,2016-08-19,15.34,58.0,218.54,
2016-05-13,2016-08-19,98,204.76,15.04,0.1543,190/185/180/175,190.0,185.0,180.0,175.0,5.0,2.44,0.156,1015.59,164.84,19.49,-103.61,-2151.21,-4198.81,16500.0,1867.01,218.54,stop_touch,expired,2016-08-19,15.34,58.0,218.54,
2016-05-13,2016-08-19,98,204.76,15.04,0.1543,190/185/180/175,190.0,185.0,180.0,175.0,5.0,2.44,0.156,1015.59,164.84,19.49,-103.61,-2151.21,-4198.81,16500.0,1867.01,218.54,stop_close,expired,2016-08-19,15.34,58.0,218.54,
2016-05-20,2016-08-19,91,205.49,15.2,0.1553,191/186/181/176,191.0,186.0,181.0,176.0,5.0,2.43,0.114,1011.39,165.89,19.27,-149.41,-2204.31,-4259.21,16600.0,1874.73,218.54,hold,expired,2016-08-19,11.14,41.97,218.54,
2016-05-20,2016-08-19,91,205.49,15.2,0.1553,191/186/181/176,191.0,186.0,181.0,176.0,5.0,2.43,0.114,1011.39,165.89,19.27,-149.41,-2204.31,-4259.21,16600.0,1874.73,218.54,stop_touch,expired,2016-08-19,11.14,41.97,218.54,
2016-05-20,2016-08-19,91,205.49,15.2,0.1553,191/186/181/176,191.0,186.0,181.0,176.0,5.0,2.43,0.114,1011.39,165.89,19.27,-149.41,-2204.31,-4259.21,16600.0,1874.73,218.54,stop_close,expired,2016-08-19,11.14,41.97,218.54,
2016-06-03,2016-08-19,77,210.28,13.47,0.145,197/193/188/184,196.0,192.0,188.0,184.0,4.0,1.9,0.244,824.45,175.76,16.42,-753.15,-2855.95,-4958.75,17600.0,1927.02,218.54,hold,expired,2016-08-19,24.2,89.06,218.54,
2016-06-03,2016-08-19,77,210.28,13.47,0.145,197/193/188/184,196.0,192.0,188.0,184.0,4.0,1.9,0.244,824.45,175.76,16.42,-753.15,-2855.95,-4958.75,17600.0,1927.02,218.54,stop_touch,expired,2016-08-19,24.2,89.06,218.54,
2016-06-03,2016-08-19,77,210.28,13.47,0.145,197/193/188/184,196.0,192.0,188.0,184.0,4.0,1.9,0.244,824.45,175.76,16.42,-753.15,-2855.95,-4958.75,17600.0,1927.02,218.54,stop_close,expired,2016-08-19,24.2,89.06,218.54,
2016-06-17,2016-09-16,91,206.52,19.41,0.1805,190/184/179/173,191.0,185.0,179.0,173.0,6.0,2.91,0.034,1203.4,160.97,22.06,425.0,-1640.2,-3705.4,16100.0,1874.06,213.37,hold,expired,2016-09-16,3.15,11.8,213.37,
2016-06-17,2016-09-16,91,206.52,19.41,0.1805,190/184/179/173,191.0,185.0,179.0,173.0,6.0,2.91,0.034,1203.4,160.97,22.06,425.0,-1640.2,-3705.4,16100.0,1874.06,213.37,stop_touch,expired,2016-09-16,3.15,11.8,213.37,
2016-06-17,2016-09-16,91,206.52,19.41,0.1805,190/184/179/173,191.0,185.0,179.0,173.0,6.0,2.91,0.034,1203.4,160.97,22.06,425.0,-1640.2,-3705.4,16100.0,1874.06,213.37,stop_close,expired,2016-09-16,3.15,11.8,213.37,
2016-06-24,2016-09-16,84,203.24,25.76,0.2184,185/179/172/166,184.0,178.0,172.0,166.0,6.0,2.95,0.281,1228.08,153.72,24.37,887.28,-1145.12,-3177.52,15400.0,1800.42,213.37,hold,expired,2016-09-16,27.83,105.97,213.37,
2016-06-24,2016-09-16,84,203.24,25.76,0.2184,185/179/172/166,184.0,178.0,172.0,166.0,6.0,2.95,0.281,1228.08,153.72,24.37,887.28,-1145.12,-3177.52,15400.0,1800.42,213.37,stop_touch,expired,2016-09-16,27.83,105.97,213.37,
2016-06-24,2016-09-16,84,203.24,25.76,0.2184,185/179/172/166,184.0,178.0,172.0,166.0,6.0,2.95,0.281,1228.08,153.72,24.37,887.28,-1145.12,-3177.52,15400.0,1800.42,213.37,stop_close,expired,2016-09-16,27.83,105.97,213.37,
2016-07-08,2016-10-21,105,212.65,13.2,0.1433,198/192/187/182,197.0,192.0,187.0,182.0,5.0,2.35,0.168,1016.76,171.83,19.19,-171.24,-2297.74,-4424.24,17200.0,1931.59,213.98,hold,expired,2016-10-21,16.51,60.1,213.98,
2016-07-08,2016-10-21,105,212.65,13.2,0.1433,198/192/187/182,197.0,192.0,187.0,182.0,5.0,2.35,0.168,1016.76,171.83,19.19,-171.24,-2297.74,-4424.24,17200.0,1931.59,213.98,stop_touch,expired,2016-10-21,16.51,60.1,213.98,
2016-07-08,2016-10-21,105,212.65,13.2,0.1433,198/192/187/182,197.0,192.0,187.0,182.0,5.0,2.35,0.168,1016.76,171.83,19.19,-171.24,-2297.74,-4424.24,17200.0,1931.59,213.98,stop_close,expired,2016-10-21,16.51,60.1,213.98,
2016-07-15,2016-10-21,98,215.83,12.67,0.1402,201/196/191/187,202.0,197.0,192.0,187.0,5.0,2.32,0.1,1010.04,176.9,18.04,-423.56,-2581.86,-4740.16,17700.0,1987.74,213.98,hold,expired,2016-10-21,9.79,35.09,213.98,
2016-07-15,2016-10-21,98,215.83,12.67,0.1402,201/196/191/187,202.0,197.0,192.0,187.0,5.0,2.32,0.1,1010.04,176.9,18.04,-423.56,-2581.86,-4740.16,17700.0,1987.74,213.98,stop_touch,expired,2016-10-21,9.79,35.09,213.98,
2016-07-15,2016-10-21,98,215.83,12.67,0.1402,201/196/191/187,202.0,197.0,192.0,187.0,5.0,2.32,0.1,1010.04,176.9,18.04,-423.56,-2581.86,-4740.16,17700.0,1987.74,213.98,stop_close,expired,2016-10-21,9.79,35.09,213.98,
2016-07-22,2016-10-21,91,217.24,12.02,0.1363,203/199/194/189,204.0,199.0,194.0,189.0,5.0,2.3,0.016,1001.6,178.98,17.61,-519.2,-2691.6,-4864.0,17900.0,2003.73,213.98,hold,expired,2016-10-21,1.35,4.82,213.98,
2016-07-22,2016-10-21,91,217.24,12.02,0.1363,203/199/194/189,204.0,199.0,194.0,189.0,5.0,2.3,0.016,1001.6,178.98,17.61,-519.2,-2691.6,-4864.0,17900.0,2003.73,213.98,stop_touch,expired,2016-10-21,1.35,4.82,213.98,
2016-07-22,2016-10-21,91,217.24,12.02,0.1363,203/199/194/189,204.0,199.0,194.0,189.0,5.0,2.3,0.016,1001.6,178.98,17.61,-519.2,-2691.6,-4864.0,17900.0,2003.73,213.98,stop_close,expired,2016-10-21,1.35,4.82,213.98,
2016-08-05,2016-10-21,77,218.18,11.39,0.1325,206/201/197/193,205.0,201.0,197.0,193.0,4.0,1.83,0.182,818.23,184.82,15.29,-1027.37,-3209.17,-5390.97,18500.0,2018.02,213.98,hold,expired,2016-10-21,17.98,63.77,213.98,
2016-08-05,2016-10-21,77,218.18,11.39,0.1325,206/201/197/193,205.0,201.0,197.0,193.0,4.0,1.83,0.182,818.23,184.82,15.29,-1027.37,-3209.17,-5390.97,18500.0,2018.02,213.98,stop_touch,expired,2016-10-21,17.98,63.77,213.98,
2016-08-05,2016-10-21,77,218.18,11.39,0.1325,206/201/197/193,205.0,201.0,197.0,193.0,4.0,1.83,0.182,818.23,184.82,15.29,-1027.37,-3209.17,-5390.97,18500.0,2018.02,213.98,stop_close,expired,2016-10-21,17.98,63.77,213.98,
2016-08-12,2016-11-18,98,218.46,11.55,0.1335,204/200/195/190,205.0,200.0,195.0,190.0,5.0,2.29,0.049,1004.86,179.95,17.63,-518.34,-2702.94,-4887.54,18000.0,2015.55,218.5,hold,expired,2016-11-18,4.61,16.32,218.5,
2016-08-12,2016-11-18,98,218.46,11.55,0.1335,204/200/195/190,205.0,200.0,195.0,190.0,5.0,2.29,0.049,1004.86,179.95,17.63,-518.34,-2702.94,-4887.54,18000.0,2015.55,218.5,stop_touch,expired,2016-11-18,4.61,16.32,218.5,
2016-08-12,2016-11-18,98,218.46,11.55,0.1335,204/200/195/190,205.0,200.0,195.0,190.0,5.0,2.29,0.049,1004.86,179.95,17.63,-518.34,-2702.94,-4887.54,18000.0,2015.55,218.5,stop_close,expired,2016-11-18,4.61,16.32,218.5,
2016-08-26,2016-11-18,84,217.29,13.65,0.146,203/198/194/189,204.0,199.0,194.0,189.0,5.0,2.3,0.055,1005.46,178.95,17.65,-511.34,-2684.24,-4857.14,17900.0,2006.68,218.5,hold,expired,2016-11-18,5.21,18.56,218.5,
2016-08-26,2016-11-18,84,217.29,13.65,0.146,203/198/194/189,204.0,199.0,194.0,189.0,5.0,2.3,0.055,1005.46,178.95,17.65,-511.34,-2684.24,-4857.14,17900.0,2006.68,218.5,stop_touch,expired,2016-11-18,5.21,18.56,218.5,
2016-08-26,2016-11-18,84,217.29,13.65,0.146,203/198/194/189,204.0,199.0,194.0,189.0,5.0,2.3,0.055,1005.46,178.95,17.65,-511.34,-2684.24,-4857.14,17900.0,2006.68,218.5,stop_close,expired,2016-11-18,5.21,18.56,218.5,
2016-09-09,2016-12-16,98,213.28,17.5,0.1691,197/191/185/180,198.0,192.0,186.0,180.0,6.0,2.81,0.051,1205.05,167.95,21.25,267.45,-1865.35,-3998.15,16800.0,1947.07,225.04,hold,expired,2016-12-16,4.8,17.43,225.04,
2016-09-09,2016-12-16,98,213.28,17.5,0.1691,197/191/185/180,198.0,192.0,186.0,180.0,6.0,2.81,0.051,1205.05,167.95,21.25,267.45,-1865.35,-3998.15,16800.0,1947.07,225.04,stop_touch,expired,2016-12-16,4.8,17.43,225.04,
2016-09-09,2016-12-16,98,213.28,17.5,0.1691,197/191/185/180,198.0,192.0,186.0,180.0,6.0,2.81,0.051,1205.05,167.95,21.25,267.45,-1865.35,-3998.15,16800.0,1947.07,225.04,stop_close,expired,2016-12-16,4.8,17.43,225.04,
2016-09-16,2016-12-16,91,213.37,15.37,0.1563,198/193/188/183,198.0,193.0,188.0,183.0,5.0,2.34,0.195,1019.52,172.8,19.01,-210.88,-2344.58,-4478.28,17300.0,1944.92,225.04,hold,expired,2016-12-16,19.27,69.89,225.04,
2016-09-16,2016-12-16,91,213.37,15.37,0.1563,198/193/188/183,198.0,193.0,188.0,183.0,5.0,2.34,0.195,1019.52,172.8,19.01,-210.88,-2344.58,-4478.28,17300.0,1944.92,225.04,stop_touch,expired,2016-12-16,19.27,69.89,225.04,
2016-09-16,2016-12-16,91,213.37,15.37,0.1563,198/193/188/183,198.0,193.0,188.0,183.0,5.0,2.34,0.195,1019.52,172.8,19.01,-210.88,-2344.58,-4478.28,17300.0,1944.92,225.04,stop_close,expired,2016-12-16,19.27,69.89,225.04,
2016-10-07,2017-01-20,105,215.04,13.48,0.145,200/194/189/184,199.0,194.0,189.0,184.0,5.0,2.33,0.207,1020.69,173.79,19.18,-176.11,-2326.51,-4476.91,17400.0,1952.19,226.74,hold,expired,2017-01-20,20.44,73.55,226.74,
2016-10-07,2017-01-20,105,215.04,13.48,0.145,200/194/189/184,199.0,194.0,189.0,184.0,5.0,2.33,0.207,1020.69,173.79,19.18,-176.11,-2326.51,-4476.91,17400.0,1952.19,226.74,stop_touch,expired,2017-01-20,20.44,73.55,226.74,
2016-10-07,2017-01-20,105,215.04,13.48,0.145,200/194/189/184,199.0,194.0,189.0,184.0,5.0,2.33,0.207,1020.69,173.79,19.18,-176.11,-2326.51,-4476.91,17400.0,1952.19,226.74,stop_close,expired,2017-01-20,20.44,73.55,226.74,
2016-10-14,2017-01-20,98,213.12,16.12,0.1608,197/192/186/181,196.0,191.0,186.0,181.0,5.0,2.35,0.302,1030.16,170.7,19.91,-20.24,-2151.44,-4282.64,17100.0,1923.11,226.74,hold,expired,2017-01-20,29.91,108.63,226.74,
2016-10-14,2017-01-20,98,213.12,16.12,0.1608,197/192/186/181,196.0,191.0,186.0,181.0,5.0,2.35,0.302,1030.16,170.7,19.91,-20.24,-2151.44,-4282.64,17100.0,1923.11,226.74,stop_touch,expired,2017-01-20,29.91,108.63,226.74,
2016-10-14,2017-01-20,98,213.12,16.12,0.1608,197/192/186/181,196.0,191.0,186.0,181.0,5.0,2.35,0.302,1030.16,170.7,19.91,-20.24,-2151.44,-4282.64,17100.0,1923.11,226.74,stop_close,expired,2017-01-20,29.91,108.63,226.74,
2016-10-21,2017-01-20,91,213.98,13.34,0.1442,200/195/190/185,200.0,195.0,190.0,185.0,5.0,2.34,0.074,1007.38,174.93,18.25,-374.22,-2514.02,-4653.82,17500.0,1963.87,226.74,hold,expired,2017-01-20,7.13,25.77,226.74,
2016-10-21,2017-01-20,91,213.98,13.34,0.1442,200/195/190/185,200.0,195.0,190.0,185.0,5.0,2.34,0.074,1007.38,174.93,18.25,-374.22,-2514.02,-4653.82,17500.0,1963.87,226.74,stop_touch,expired,2017-01-20,7.13,25.77,226.74,
2016-10-21,2017-01-20,91,213.98,13.34,0.1442,200/195/190/185,200.0,195.0,190.0,185.0,5.0,2.34,0.074,1007.38,174.93,18.25,-374.22,-2514.02,-4653.82,17500.0,1963.87,226.74,stop_close,expired,2017-01-20,7.13,25.77,226.74,
2016-10-28,2017-01-20,84,212.54,16.19,0.1612,198/192/187/182,197.0,192.0,187.0,182.0,5.0,2.35,0.173,1017.27,171.83,19.16,-179.53,-2304.93,-4430.33,17200.0,1931.66,226.74,hold,expired,2017-01-20,17.02,61.97,226.74,
2016-10-28,2017-01-20,84,212.54,16.19,0.1612,198/192/187/182,197.0,192.0,187.0,182.0,5.0,2.35,0.173,1017.27,171.83,19.16,-179.53,-2304.93,-4430.33,17200.0,1931.66,226.74,stop_touch,expired,2017-01-20,17.02,61.97,226.74,
2016-10-28,2017-01-20,84,212.54,16.19,0.1612,198/192/187/182,197.0,192.0,187.0,182.0,5.0,2.35,0.173,1017.27,171.83,19.16,-179.53,-2304.93,-4430.33,17200.0,1931.66,226.74,stop_close,expired,2017-01-20,17.02,61.97,226.74,
2016-11-04,2017-01-20,77,208.55,22.51,0.199,192/186/180/175,193.0,187.0,181.0,175.0,6.0,2.88,0.077,1207.71,162.92,21.88,391.71,-1693.79,-3779.29,16300.0,1896.81,226.74,hold,expired,2017-01-20,7.46,27.69,226.74,
2016-11-04,2017-01-20,77,208.55,22.51,0.199,192/186/180/175,193.0,187.0,181.0,175.0,6.0,2.88,0.077,1207.71,162.92,21.88,391.71,-1693.79,-3779.29,16300.0,1896.81,226.74,stop_touch,expired,2017-01-20,7.46,27.69,226.74,
2016-11-04,2017-01-20,77,208.55,22.51,0.199,192/186/180/175,193.0,187.0,181.0,175.0,6.0,2.88,0.077,1207.71,162.92,21.88,391.71,-1693.79,-3779.29,16300.0,1896.81,226.74,stop_close,expired,2017-01-20,7.46,27.69,226.74,
2016-11-11,2017-02-17,98,216.42,14.17,0.1491,201/196/191/186,201.0,196.0,191.0,186.0,5.0,2.31,0.208,1020.75,175.79,18.77,-265.65,-2429.85,-4594.05,17600.0,1975.67,235.09,hold,expired,2017-02-17,20.5,73.32,235.09,
2016-11-11,2017-02-17,98,216.42,14.17,0.1491,201/196/191/186,201.0,196.0,191.0,186.0,5.0,2.31,0.208,1020.75,175.79,18.77,-265.65,-2429.85,-4594.05,17600.0,1975.67,235.09,stop_touch,expired,2017-02-17,20.5,73.32,235.09,
2016-11-11,2017-02-17,98,216.42,14.17,0.1491,201/196/191/186,201.0,196.0,191.0,186.0,5.0,2.31,0.208,1020.75,175.79,18.77,-265.65,-2429.85,-4594.05,17600.0,1975.67,235.09,stop_close,expired,2017-02-17,20.5,73.32,235.09,
2016-11-18,2017-02-17,91,218.5,12.85,0.1412,204/199/194/190,205.0,200.0,195.0,190.0,5.0,2.29,0.076,1007.56,179.92,17.65,-512.44,-2697.44,-4882.44,18000.0,2017.34,235.09,hold,expired,2017-02-17,7.31,25.9,235.09,
2016-11-18,2017-02-17,91,218.5,12.85,0.1412,204/199/194/190,205.0,200.0,195.0,190.0,5.0,2.29,0.076,1007.56,179.92,17.65,-512.44,-2697.44,-4882.44,18000.0,2017.34,235.09,stop_touch,expired,2017-02-17,7.31,25.9,235.09,
2016-11-18,2017-02-17,91,218.5,12.85,0.1412,204/199/194/190,205.0,200.0,195.0,190.0,5.0,2.29,0.076,1007.56,179.92,17.65,-512.44,-2697.44,-4882.44,18000.0,2017.34,235.09,stop_close,expired,2017-02-17,7.31,25.9,235.09,
2016-11-25,2017-02-17,84,221.52,12.34,0.1382,208/203/198/194,209.0,204.0,199.0,194.0,5.0,2.26,0.003,1000.26,184.0,16.94,-678.14,-2893.34,-5108.54,18400.0,2057.66,235.09,hold,expired,2017-02-17,0.01,0.03,235.09,
2016-11-25,2017-02-17,84,221.52,12.34,0.1382,208/203/198/194,209.0,204.0,199.0,194.0,5.0,2.26,0.003,1000.26,184.0,16.94,-678.14,-2893.34,-5108.54,18400.0,2057.66,235.09,stop_touch,expired,2017-02-17,0.01,0.03,235.09,
2016-11-25,2017-02-17,84,221.52,12.34,0.1382,208/203/198/194,209.0,204.0,199.0,194.0,5.0,2.26,0.003,1000.26,184.0,16.94,-678.14,-2893.34,-5108.54,18400.0,2057.66,235.09,stop_close,expired,2017-02-17,0.01,0.03,235.09,
2016-12-02,2017-02-17,77,219.68,14.12,0.1488,206/201/196/192,207.0,202.0,197.0,192.0,5.0,2.28,0.032,1003.18,181.97,17.17,-622.42,-2819.22,-5016.02,18200.0,2038.83,235.09,hold,expired,2017-02-17,2.93,10.33,235.09,
2016-12-02,2017-02-17,77,219.68,14.12,0.1488,206/201/196/192,207.0,202.0,197.0,192.0,5.0,2.28,0.032,1003.18,181.97,17.17,-622.42,-2819.22,-5016.02,18200.0,2038.83,235.09,stop_touch,expired,2017-02-17,2.93,10.33,235.09,
2016-12-02,2017-02-17,77,219.68,14.12,0.1488,206/201/196/192,207.0,202.0,197.0,192.0,5.0,2.28,0.032,1003.18,181.97,17.17,-622.42,-2819.22,-5016.02,18200.0,2038.83,235.09,stop_close,expired,2017-02-17,2.93,10.33,235.09,
2016-12-09,2017-03-17,98,226.51,11.75,0.1347,212/207/202/197,212.0,207.0,202.0,197.0,5.0,2.21,0.129,1012.93,186.87,17.5,-566.27,-2831.37,-5096.47,18700.0,2084.37,237.03,hold,expired,2017-03-17,12.68,43.33,237.03,
2016-12-09,2017-03-17,98,226.51,11.75,0.1347,212/207/202/197,212.0,207.0,202.0,197.0,5.0,2.21,0.129,1012.93,186.87,17.5,-566.27,-2831.37,-5096.47,18700.0,2084.37,237.03,stop_touch,expired,2017-03-17,12.68,43.33,237.03,
2016-12-09,2017-03-17,98,226.51,11.75,0.1347,212/207/202/197,212.0,207.0,202.0,197.0,5.0,2.21,0.129,1012.93,186.87,17.5,-566.27,-2831.37,-5096.47,18700.0,2084.37,237.03,stop_close,expired,2017-03-17,12.68,43.33,237.03,
2016-12-16,2017-03-17,91,225.04,12.2,0.1374,211/206/201/196,211.0,206.0,201.0,196.0,5.0,2.22,0.09,1008.95,185.91,17.39,-587.85,-2838.25,-5088.65,18600.0,2073.9,237.03,hold,expired,2017-03-17,8.7,29.93,237.03,
2016-12-16,2017-03-17,91,225.04,12.2,0.1374,211/206/201/196,211.0,206.0,201.0,196.0,5.0,2.22,0.09,1008.95,185.91,17.39,-587.85,-2838.25,-5088.65,18600.0,2073.9,237.03,stop_touch,expired,2017-03-17,8.7,29.93,237.03,
2016-12-16,2017-03-17,91,225.04,12.2,0.1374,211/206/201/196,211.0,206.0,201.0,196.0,5.0,2.22,0.09,1008.95,185.91,17.39,-587.85,-2838.25,-5088.65,18600.0,2073.9,237.03,stop_close,expired,2017-03-17,8.7,29.93,237.03,
2016-12-30,2017-03-17,77,223.53,14.04,0.1484,209/205/200/195,210.0,205.0,200.0,195.0,5.0,2.24,0.064,1006.4,184.94,17.27,-611.2,-2846.5,-5081.8,18500.0,2064.64,237.03,hold,expired,2017-03-17,6.15,21.31,237.03,
2016-12-30,2017-03-17,77,223.53,14.04,0.1484,209/205/200/195,210.0,205.0,200.0,195.0,5.0,2.24,0.064,1006.4,184.94,17.27,-611.2,-2846.5,-5081.8,18500.0,2064.64,237.03,stop_touch,expired,2017-03-17,6.15,21.31,237.03,
2016-12-30,2017-03-17,77,223.53,14.04,0.1484,209/205/200/195,210.0,205.0,200.0,195.0,5.0,2.24,0.064,1006.4,184.94,17.27,-611.2,-2846.5,-5081.8,18500.0,2064.64,237.03,stop_close,expired,2017-03-17,6.15,21.31,237.03,
2017-01-06,2017-04-21,105,227.21,11.32,0.1321,213/208/203/197,212.0,207.0,202.0,197.0,5.0,2.2,0.154,1015.43,186.85,17.77,-507.77,-2779.87,-5051.97,18700.0,2079.23,234.59,hold,expired,2017-04-21,15.18,51.71,234.59,
2017-01-06,2017-04-21,105,227.21,11.32,0.1321,213/208/203/197,212.0,207.0,202.0,197.0,5.0,2.2,0.154,1015.43,186.85,17.77,-507.77,-2779.87,-5051.97,18700.0,2079.23,234.59,stop_touch,expired,2017-04-21,15.18,51.71,234.59,
2017-01-06,2017-04-21,105,227.21,11.32,0.1321,213/208/203/197,212.0,207.0,202.0,197.0,5.0,2.2,0.154,1015.43,186.85,17.77,-507.77,-2779.87,-5051.97,18700.0,2079.23,234.59,stop_close,expired,2017-04-21,15.18,51.71,234.59,
2017-01-13,2017-04-21,98,227.05,11.23,0.1316,213/208/203/198,213.0,208.0,203.0,198.0,5.0,2.2,0.091,1009.15,187.91,17.24,-626.85,-2897.35,-5167.85,18800.0,2091.36,234.59,hold,expired,2017-04-21,8.9,30.33,234.59,
2017-01-13,2017-04-21,98,227.05,11.23,0.1316,213/208/203/198,213.0,208.0,203.0,198.0,5.0,2.2,0.091,1009.15,187.91,17.24,-626.85,-2897.35,-5167.85,18800.0,2091.36,234.59,stop_touch,expired,2017-04-21,8.9,30.33,234.59,
2017-01-13,2017-04-21,98,227.05,11.23,0.1316,213/208/203/198,213.0,208.0,203.0,198.0,5.0,2.2,0.091,1009.15,187.91,17.24,-626.85,-2897.35,-5167.85,18800.0,2091.36,234.59,stop_close,expired,2017-04-21,8.9,30.33,234.59,
2017-01-20,2017-04-21,91,226.74,11.54,0.1334,213/208/203/199,214.0,209.0,204.0,199.0,5.0,2.21,0.045,1004.54,188.95,16.66,-756.26,-3023.66,-5291.06,18900.0,2106.97,234.59,hold,expired,2017-04-21,4.29,14.66,234.59,
2017-01-20,2017-04-21,91,226.74,11.54,0.1334,213/208/203/199,214.0,209.0,204.0,199.0,5.0,2.21,0.045,1004.54,188.95,16.66,-756.26,-3023.66,-5291.06,18900.0,2106.97,234.59,stop_touch,expired,2017-04-21,4.29,14.66,234.59,
2017-01-20,2017-04-21,91,226.74,11.54,0.1334,213/208/203/199,214.0,209.0,204.0,199.0,5.0,2.21,0.045,1004.54,188.95,16.66,-756.26,-3023.66,-5291.06,18900.0,2106.97,234.59,stop_close,expired,2017-04-21,4.29,14.66,234.59,
2017-01-27,2017-04-21,84,228.97,10.58,0.1277,216/212/207/203,215.0,211.0,207.0,203.0,4.0,1.75,0.258,825.83,194.74,14.95,-1156.57,-3446.27,-5735.97,19500.0,2117.15,234.59,hold,expired,2017-04-21,25.58,86.47,234.59,
2017-01-27,2017-04-21,84,228.97,10.58,0.1277,216/212/207/203,215.0,211.0,207.0,203.0,4.0,1.75,0.258,825.83,194.74,14.95,-1156.57,-3446.27,-5735.97,19500.0,2117.15,234.59,stop_touch,expired,2017-04-21,25.58,86.47,234.59,
2017-01-27,2017-04-21,84,228.97,10.58,0.1277,216/212/207/203,215.0,211.0,207.0,203.0,4.0,1.75,0.258,825.83,194.74,14.95,-1156.57,-3446.27,-5735.97,19500.0,2117.15,234.59,stop_close,expired,2017-04-21,25.58,86.47,234.59,
2017-02-03,2017-04-21,77,229.34,10.97,0.13,217/212/208/204,216.0,212.0,208.0,204.0,4.0,1.74,0.226,822.59,195.77,14.64,-1230.21,-3523.61,-5817.01,19600.0,2140.84,234.59,hold,expired,2017-04-21,22.34,75.37,234.59,
2017-02-03,2017-04-21,77,229.34,10.97,0.13,217/212/208/204,216.0,212.0,208.0,204.0,4.0,1.74,0.226,822.59,195.77,14.64,-1230.21,-3523.61,-5817.01,19600.0,2140.84,234.59,stop_touch,expired,2017-04-21,22.34,75.37,234.59,
2017-02-03,2017-04-21,77,229.34,10.97,0.13,217/212/208/204,216.0,212.0,208.0,204.0,4.0,1.74,0.226,822.59,195.77,14.64,-1230.21,-3523.61,-5817.01,19600.0,2140.84,234.59,stop_close,expired,2017-04-21,22.34,75.37,234.59,
2017-02-10,2017-05-19,98,231.51,10.85,0.1293,217/212/208/203,218.0,213.0,208.0,203.0,5.0,2.16,0.095,1009.49,192.91,16.68,-769.71,-3084.81,-5399.91,19300.0,2145.31,238.31,hold,expired,2017-05-19,9.24,30.88,238.31,
2017-02-10,2017-05-19,98,231.51,10.85,0.1293,217/212/208/203,218.0,213.0,208.0,203.0,5.0,2.16,0.095,1009.49,192.91,16.68,-769.71,-3084.81,-5399.91,19300.0,2145.31,238.31,stop_touch,expired,2017-05-19,9.24,30.88,238.31,
2017-02-10,2017-05-19,98,231.51,10.85,0.1293,217/212/208/203,218.0,213.0,208.0,203.0,5.0,2.16,0.095,1009.49,192.91,16.68,-769.71,-3084.81,-5399.91,19300.0,2145.31,238.31,stop_close,expired,2017-05-19,9.24,30.88,238.31,
2017-02-17,2017-05-19,91,235.09,11.49,0.1331,221/216/211/206,221.0,216.0,211.0,206.0,5.0,2.13,0.113,1011.28,195.89,16.68,-781.52,-3132.42,-5483.32,19600.0,2172.09,238.31,hold,expired,2017-05-19,11.03,36.32,238.31,
2017-02-17,2017-05-19,91,235.09,11.49,0.1331,221/216/211/206,221.0,216.0,211.0,206.0,5.0,2.13,0.113,1011.28,195.89,16.68,-781.52,-3132.42,-5483.32,19600.0,2172.09,238.31,stop_touch,expired,2017-05-19,11.03,36.32,238.31,
2017-02-17,2017-05-19,91,235.09,11.49,0.1331,221/216/211/206,221.0,216.0,211.0,206.0,5.0,2.13,0.113,1011.28,195.89,16.68,-781.52,-3132.42,-5483.32,19600.0,2172.09,238.31,stop_close,expired,2017-05-19,11.03,36.32,238.31,
2017-02-24,2017-05-19,84,236.74,11.47,0.133,223/218/213/209,224.0,219.0,214.0,209.0,5.0,2.11,0.055,1005.47,198.95,15.96,-955.33,-3322.73,-5690.13,19900.0,2206.71,238.31,hold,expired,2017-05-19,5.22,17.07,238.31,
2017-02-24,2017-05-19,84,236.74,11.47,0.133,223/218/213/209,224.0,219.0,214.0,209.0,5.0,2.11,0.055,1005.47,198.95,15.96,-955.33,-3322.73,-5690.13,19900.0,2206.71,238.31,stop_touch,expired,2017-05-19,5.22,17.07,238.31,
2017-02-24,2017-05-19,84,236.74,11.47,0.133,223/218/213/209,224.0,219.0,214.0,209.0,5.0,2.11,0.055,1005.47,198.95,15.96,-955.33,-3322.73,-5690.13,19900.0,2206.71,238.31,stop_close,expired,2017-05-19,5.22,17.07,238.31,
2017-03-03,2017-05-19,77,238.42,10.96,0.1299,225/221/216/212,224.0,220.0,216.0,212.0,4.0,1.68,0.284,828.43,203.72,14.56,-1297.97,-3682.17,-6066.37,20400.0,2212.39,238.31,hold,expired,2017-05-19,28.18,91.48,238.31,
2017-03-03,2017-05-19,77,238.42,10.96,0.1299,225/221/216/212,224.0,220.0,216.0,212.0,4.0,1.68,0.284,828.43,203.72,14.56,-1297.97,-3682.17,-6066.37,20400.0,2212.39,238.31,stop_touch,expired,2017-05-19,28.18,91.48,238.31,
2017-03-03,2017-05-19,77,238.42,10.96,0.1299,225/221/216/212,224.0,220.0,216.0,212.0,4.0,1.68,0.284,828.43,203.72,14.56,-1297.97,-3682.17,-6066.37,20400.0,2212.39,238.31,stop_close,expired,2017-05-19,28.18,91.48,238.31,
2017-03-10,2017-06-16,98,237.69,11.66,0.1341,223/217/212/207,222.0,217.0,212.0,207.0,5.0,2.1,0.206,1020.58,196.79,17.21,-664.22,-3041.12,-5418.02,19700.0,2179.41,242.64,hold,expired,2017-06-16,20.33,66.19,242.64,
2017-03-10,2017-06-16,98,237.69,11.66,0.1341,223/217/212/207,222.0,217.0,212.0,207.0,5.0,2.1,0.206,1020.58,196.79,17.21,-664.22,-3041.12,-5418.02,19700.0,2179.41,242.64,stop_touch,expired,2017-06-16,20.33,66.19,242.64,
2017-03-10,2017-06-16,98,237.69,11.66,0.1341,223/217/212/207,222.0,217.0,212.0,207.0,5.0,2.1,0.206,1020.58,196.79,17.21,-664.22,-3041.12,-5418.02,19700.0,2179.41,242.64,stop_close,expired,2017-06-16,20.33,66.19,242.64,
2017-03-17,2017-06-16,91,237.03,11.28,0.1319,223/218/213/208,223.0,218.0,213.0,208.0,5.0,2.11,0.113,1011.25,197.89,16.51,-826.35,-3196.65,-5566.95,19800.0,2192.33,242.64,hold,expired,2017-06-16,11.0,35.93,242.64,
2017-03-17,2017-06-16,91,237.03,11.28,0.1319,223/218/213/208,223.0,218.0,213.0,208.0,5.0,2.11,0.113,1011.25,197.89,16.51,-826.35,-3196.65,-5566.95,19800.0,2192.33,242.64,stop_touch,expired,2017-06-16,11.0,35.93,242.64,
2017-03-17,2017-06-16,91,237.03,11.28,0.1319,223/218/213/208,223.0,218.0,213.0,208.0,5.0,2.11,0.113,1011.25,197.89,16.51,-826.35,-3196.65,-5566.95,19800.0,2192.33,242.64,stop_close,expired,2017-06-16,11.0,35.93,242.64,
2017-03-24,2017-06-16,84,233.86,12.96,0.1419,219/214/209/204,219.0,214.0,209.0,204.0,5.0,2.14,0.142,1014.23,193.86,17.11,-676.97,-3015.57,-5354.17,19400.0,2149.24,242.64,hold,expired,2017-06-16,13.98,46.25,242.64,
2017-03-24,2017-06-16,84,233.86,12.96,0.1419,219/214/209/204,219.0,214.0,209.0,204.0,5.0,2.14,0.142,1014.23,193.86,17.11,-676.97,-3015.57,-5354.17,19400.0,2149.24,242.64,stop_touch,expired,2017-06-16,13.98,46.25,242.64,
2017-03-24,2017-06-16,84,233.86,12.96,0.1419,219/214/209/204,219.0,214.0,209.0,204.0,5.0,2.14,0.142,1014.23,193.86,17.11,-676.97,-3015.57,-5354.17,19400.0,2149.24,242.64,stop_close,expired,2017-06-16,13.98,46.25,242.64,
2017-03-31,2017-06-16,77,235.74,12.37,0.1384,222/217/213/208,223.0,218.0,213.0,208.0,5.0,2.12,0.042,1004.25,197.96,16.03,-936.55,-3293.95,-5651.35,19800.0,2195.35,242.64,hold,expired,2017-06-16,4.0,13.12,242.64,
2017-03-31,2017-06-16,77,235.74,12.37,0.1384,222/217/213/208,223.0,218.0,213.0,208.0,5.0,2.12,0.042,1004.25,197.96,16.03,-936.55,-3293.95,-5651.35,19800.0,2195.35,242.64,stop_touch,expired,2017-06-16,4.0,13.12,242.64,
2017-03-31,2017-06-16,77,235.74,12.37,0.1384,222/217/213/208,223.0,218.0,213.0,208.0,5.0,2.12,0.042,1004.25,197.96,16.03,-936.55,-3293.95,-5651.35,19800.0,2195.35,242.64,stop_close,expired,2017-06-16,4.0,13.12,242.64,
2017-04-07,2017-07-21,105,235.2,12.87,0.1414,219/214/208/203,218.0,213.0,208.0,203.0,5.0,2.13,0.331,1033.1,192.67,18.08,-450.9,-2802.9,-5154.9,19300.0,2140.7,246.88,hold,expired,2017-07-21,32.85,108.09,246.88,
2017-04-07,2017-07-21,105,235.2,12.87,0.1414,219/214/208/203,218.0,213.0,208.0,203.0,5.0,2.13,0.331,1033.1,192.67,18.08,-450.9,-2802.9,-5154.9,19300.0,2140.7,246.88,stop_touch,expired,2017-07-21,32.85,108.09,246.88,
2017-04-07,2017-07-21,105,235.2,12.87,0.1414,219/214/208/203,218.0,213.0,208.0,203.0,5.0,2.13,0.331,1033.1,192.67,18.08,-450.9,-2802.9,-5154.9,19300.0,2140.7,246.88,stop_close,expired,2017-07-21,32.85,108.09,246.88,
2017-04-13,2017-07-21,99,232.51,15.96,0.1598,215/209/204/198,216.0,210.0,204.0,198.0,6.0,2.58,0.148,1214.85,185.85,20.07,15.65,-2309.45,-4634.55,18600.0,2120.52,246.88,hold,expired,2017-07-21,14.6,48.59,246.88,
2017-04-13,2017-07-21,99,232.51,15.96,0.1598,215/209/204/198,216.0,210.0,204.0,198.0,6.0,2.58,0.148,1214.85,185.85,20.07,15.65,-2309.45,-4634.55,18600.0,2120.52,246.88,stop_touch,expired,2017-07-21,14.6,48.59,246.88,
2017-04-13,2017-07-21,99,232.51,15.96,0.1598,215/209/204/198,216.0,210.0,204.0,198.0,6.0,2.58,0.148,1214.85,185.85,20.07,15.65,-2309.45,-4634.55,18600.0,2120.52,246.88,stop_close,expired,2017-07-21,14.6,48.59,246.88,
2017-04-28,2017-07-21,84,238.08,10.82,0.1291,225/220/215/210,225.0,220.0,215.0,210.0,5.0,2.1,0.028,1002.79,199.97,16.01,-950.81,-3331.61,-5712.41,20000.0,2211.2,246.88,hold,expired,2017-07-21,2.54,8.27,246.88,
2017-04-28,2017-07-21,84,238.08,10.82,0.1291,225/220/215/210,225.0,220.0,215.0,210.0,5.0,2.1,0.028,1002.79,199.97,16.01,-950.81,-3331.61,-5712.41,20000.0,2211.2,246.88,stop_touch,expired,2017-07-21,2.54,8.27,246.88,
2017-04-28,2017-07-21,84,238.08,10.82,0.1291,225/220/215/210,225.0,220.0,215.0,210.0,5.0,2.1,0.028,1002.79,199.97,16.01,-950.81,-3331.61,-5712.41,20000.0,2211.2,246.88,stop_close,expired,2017-07-21,2.54,8.27,246.88,
2017-05-12,2017-08-18,98,238.98,10.4,0.1266,225/220/215/210,225.0,220.0,215.0,210.0,5.0,2.09,0.121,1012.12,199.88,16.36,-869.48,-3259.28,-5649.08,20000.0,2213.55,242.71,hold,expired,2017-08-18,11.87,38.43,242.71,
2017-05-12,2017-08-18,98,238.98,10.4,0.1266,225/220/215/210,225.0,220.0,215.0,210.0,5.0,2.09,0.121,1012.12,199.88,16.36,-869.48,-3259.28,-5649.08,20000.0,2213.55,242.71,stop_touch,expired,2017-08-18,11.87,38.43,242.71,
2017-05-12,2017-08-18,98,238.98,10.4,0.1266,225/220/215/210,225.0,220.0,215.0,210.0,5.0,2.09,0.121,1012.12,199.88,16.36,-869.48,-3259.28,-5649.08,20000.0,2213.55,242.71,stop_close,expired,2017-08-18,11.87,38.43,242.71,
2017-05-19,2017-08-18,91,238.31,12.04,0.1364,224/218/213/208,223.0,218.0,213.0,208.0,5.0,2.1,0.178,1017.77,197.82,16.99,-717.43,-3100.53,-5483.63,19800.0,2189.21,242.71,hold,expired,2017-08-18,17.52,56.91,242.71,
2017-05-19,2017-08-18,91,238.31,12.04,0.1364,224/218/213/208,223.0,218.0,213.0,208.0,5.0,2.1,0.178,1017.77,197.82,16.99,-717.43,-3100.53,-5483.63,19800.0,2189.21,242.71,stop_touch,expired,2017-08-18,17.52,56.91,242.71,
2017-05-19,2017-08-18,91,238.31,12.04,0.1364,224/218/213/208,223.0,218.0,213.0,208.0,5.0,2.1,0.178,1017.77,197.82,16.99,-717.43,-3100.53,-5483.63,19800.0,2189.21,242.71,stop_close,expired,2017-08-18,17.52,56.91,242.71,
2017-06-02,2017-08-18,77,244.17,9.75,0.1227,231/227/223/218,230.0,226.0,222.0,218.0,4.0,1.64,0.241,824.1,209.76,14.09,-1442.3,-3884.0,-6325.7,21000.0,2350.39,242.71,hold,expired,2017-08-18,23.85,75.61,242.71,
2017-06-02,2017-08-18,77,244.17,9.75,0.1227,231/227/223/218,230.0,226.0,222.0,218.0,4.0,1.64,0.241,824.1,209.76,14.09,-1442.3,-3884.0,-6325.7,21000.0,2350.39,242.71,stop_touch,expired,2017-08-18,23.85,75.61,242.71,
2017-06-02,2017-08-18,77,244.17,9.75,0.1227,231/227/223/218,230.0,226.0,222.0,218.0,4.0,1.64,0.241,824.1,209.76,14.09,-1442.3,-3884.0,-6325.7,21000.0,2350.39,242.71,stop_close,expired,2017-08-18,23.85,75.61,242.71,
2017-06-09,2017-09-15,98,243.41,10.7,0.1284,229/223/218/213,228.0,223.0,218.0,213.0,5.0,2.05,0.18,1018.02,202.82,16.68,-809.18,-3243.28,-5677.38,20300.0,2238.58,249.19,hold,expired,2017-09-15,17.77,56.49,249.19,
2017-06-09,2017-09-15,98,243.41,10.7,0.1284,229/223/218/213,228.0,223.0,218.0,213.0,5.0,2.05,0.18,1018.02,202.82,16.68,-809.18,-3243.28,-5677.38,20300.0,2238.58,249.19,stop_touch,expired,2017-09-15,17.77,56.49,249.19,
2017-06-09,2017-09-15,98,243.41,10.7,0.1284,229/223/218/213,228.0,223.0,218.0,213.0,5.0,2.05,0.18,1018.02,202.82,16.68,-809.18,-3243.28,-5677.38,20300.0,2238.58,249.19,stop_close,expired,2017-09-15,17.77,56.49,249.19,
2017-06-16,2017-09-15,91,242.64,10.38,0.1265,229/224/219/214,229.0,224.0,219.0,214.0,5.0,2.06,0.089,1008.89,203.91,15.96,-979.91,-3406.31,-5832.71,20400.0,2252.62,249.19,hold,expired,2017-09-15,8.64,27.57,249.19,
2017-06-16,2017-09-15,91,242.64,10.38,0.1265,229/224/219/214,229.0,224.0,219.0,214.0,5.0,2.06,0.089,1008.89,203.91,15.96,-979.91,-3406.31,-5832.71,20400.0,2252.62,249.19,stop_touch,expired,2017-09-15,8.64,27.57,249.19,
2017-06-16,2017-09-15,91,242.64,10.38,0.1265,229/224/219/214,229.0,224.0,219.0,214.0,5.0,2.06,0.089,1008.89,203.91,15.96,-979.91,-3406.31,-5832.71,20400.0,2252.62,249.19,stop_close,expired,2017-09-15,8.64,27.57,249.19,
2017-06-30,2017-09-15,77,241.8,11.18,0.1313,228/224/219/214,229.0,224.0,219.0,214.0,5.0,2.07,0.013,1001.3,203.99,15.64,-1054.7,-3472.7,-5890.7,20400.0,2251.4,249.19,hold,expired,2017-09-15,1.05,3.35,249.19,
2017-06-30,2017-09-15,77,241.8,11.18,0.1313,228/224/219/214,229.0,224.0,219.0,214.0,5.0,2.07,0.013,1001.3,203.99,15.64,-1054.7,-3472.7,-5890.7,20400.0,2251.4,249.19,stop_touch,expired,2017-09-15,1.05,3.35,249.19,
2017-06-30,2017-09-15,77,241.8,11.18,0.1313,228/224/219/214,229.0,224.0,219.0,214.0,5.0,2.07,0.013,1001.3,203.99,15.64,-1054.7,-3472.7,-5890.7,20400.0,2251.4,249.19,stop_close,expired,2017-09-15,1.05,3.35,249.19,
2017-07-07,2017-10-20,105,242.11,11.19,0.1313,227/221/216/211,226.0,221.0,216.0,211.0,5.0,2.07,0.264,1026.36,200.74,17.09,-704.84,-3125.94,-5547.04,20100.0,2221.28,257.11,hold,expired,2017-10-20,26.11,83.47,257.11,
2017-07-07,2017-10-20,105,242.11,11.19,0.1313,227/221/216/211,226.0,221.0,216.0,211.0,5.0,2.07,0.264,1026.36,200.74,17.09,-704.84,-3125.94,-5547.04,20100.0,2221.28,257.11,stop_touch,expired,2017-10-20,26.11,83.47,257.11,
2017-07-07,2017-10-20,105,242.11,11.19,0.1313,227/221/216/211,226.0,221.0,216.0,211.0,5.0,2.07,0.264,1026.36,200.74,17.09,-704.84,-3125.94,-5547.04,20100.0,2221.28,257.11,stop_close,expired,2017-10-20,26.11,83.47,257.11,
2017-07-14,2017-10-20,98,245.56,9.51,0.1213,231/226/222/217,232.0,227.0,222.0,217.0,5.0,2.04,0.101,1010.13,206.9,15.74,-1045.07,-3500.67,-5956.27,20700.0,2284.39,257.11,hold,expired,2017-10-20,9.88,31.15,257.11,
2017-07-14,2017-10-20,98,245.56,9.51,0.1213,231/226/222/217,232.0,227.0,222.0,217.0,5.0,2.04,0.101,1010.13,206.9,15.74,-1045.07,-3500.67,-5956.27,20700.0,2284.39,257.11,stop_touch,expired,2017-10-20,9.88,31.15,257.11,
2017-07-14,2017-10-20,98,245.56,9.51,0.1213,231/226/222/217,232.0,227.0,222.0,217.0,5.0,2.04,0.101,1010.13,206.9,15.74,-1045.07,-3500.67,-5956.27,20700.0,2284.39,257.11,stop_close,expired,2017-10-20,9.88,31.15,257.11,
2017-07-21,2017-10-20,91,246.88,9.36,0.1204,233/228/224/219,234.0,229.0,224.0,219.0,5.0,2.03,0.041,1004.13,208.96,15.36,-1145.47,-3614.27,-6083.07,20900.0,2303.77,257.11,hold,expired,2017-10-20,3.88,12.17,257.11,
2017-07-21,2017-10-20,91,246.88,9.36,0.1204,233/228/224/219,234.0,229.0,224.0,219.0,5.0,2.03,0.041,1004.13,208.96,15.36,-1145.47,-3614.27,-6083.07,20900.0,2303.77,257.11,stop_touch,expired,2017-10-20,3.88,12.17,257.11,
2017-07-21,2017-10-20,91,246.88,9.36,0.1204,233/228/224/219,234.0,229.0,224.0,219.0,5.0,2.03,0.041,1004.13,208.96,15.36,-1145.47,-3614.27,-6083.07,20900.0,2303.77,257.11,stop_close,expired,2017-10-20,3.88,12.17,257.11,
2017-07-28,2017-10-20,84,246.91,10.29,0.1259,233/228/224/219,234.0,229.0,224.0,219.0,5.0,2.03,0.048,1004.84,208.95,15.37,-1142.36,-3611.46,-6080.56,20900.0,2303.92,257.11,hold,expired,2017-10-20,4.59,14.38,257.11,
2017-07-28,2017-10-20,84,246.91,10.29,0.1259,233/228/224/219,234.0,229.0,224.0,219.0,5.0,2.03,0.048,1004.84,208.95,15.37,-1142.36,-3611.46,-6080.56,20900.0,2303.92,257.11,stop_touch,expired,2017-10-20,4.59,14.38,257.11,
2017-07-28,2017-10-20,84,246.91,10.29,0.1259,233/228/224/219,234.0,229.0,224.0,219.0,5.0,2.03,0.048,1004.84,208.95,15.37,-1142.36,-3611.46,-6080.56,20900.0,2303.92,257.11,stop_close,expired,2017-10-20,4.59,14.38,257.11,
2017-08-04,2017-10-20,77,247.41,10.03,0.1244,234/230/225/221,233.0,229.0,225.0,221.0,4.0,1.62,0.281,828.11,212.72,14.02,-1479.09,-3953.19,-6427.29,21300.0,2392.6,257.11,hold,expired,2017-10-20,27.86,87.16,257.11,
2017-08-04,2017-10-20,77,247.41,10.03,0.1244,234/230/225/221,233.0,229.0,225.0,221.0,4.0,1.62,0.281,828.11,212.72,14.02,-1479.09,-3953.19,-6427.29,21300.0,2392.6,257.11,stop_touch,expired,2017-10-20,27.86,87.16,257.11,
2017-08-04,2017-10-20,77,247.41,10.03,0.1244,234/230/225/221,233.0,229.0,225.0,221.0,4.0,1.62,0.281,828.11,212.72,14.02,-1479.09,-3953.19,-6427.29,21300.0,2392.6,257.11,stop_close,expired,2017-10-20,27.86,87.16,257.11,
2017-08-11,2017-11-17,98,244.12,15.51,0.1571,227/220/214/208,226.0,220.0,214.0,208.0,6.0,2.46,0.22,1221.99,195.78,19.8,-48.41,-2489.61,-4930.81,19600.0,2214.04,257.86,hold,expired,2017-11-17,21.74,68.91,257.86,
2017-08-11,2017-11-17,98,244.12,15.51,0.1571,227/220/214/208,226.0,220.0,214.0,208.0,6.0,2.46,0.22,1221.99,195.78,19.8,-48.41,-2489.61,-4930.81,19600.0,2214.04,257.86,stop_touch,expired,2017-11-17,21.74,68.91,257.86,
2017-08-11,2017-11-17,98,244.12,15.51,0.1571,227/220/214/208,226.0,220.0,214.0,208.0,6.0,2.46,0.22,1221.99,195.78,19.8,-48.41,-2489.61,-4930.81,19600.0,2214.04,257.86,stop_close,expired,2017-11-17,21.74,68.91,257.86,
2017-08-18,2017-11-17,91,242.71,14.26,0.1497,226/221/215/210,225.0,220.0,215.0,210.0,5.0,2.06,0.367,1036.72,199.63,17.75,-546.48,-2973.58,-5400.68,20000.0,2209.59,257.86,hold,expired,2017-11-17,36.47,116.3,257.86,
2017-08-18,2017-11-17,91,242.71,14.26,0.1497,226/221/215/210,225.0,220.0,215.0,210.0,5.0,2.06,0.367,1036.72,199.63,17.75,-546.48,-2973.58,-5400.68,20000.0,2209.59,257.86,stop_touch,expired,2017-11-17,36.47,116.3,257.86,
2017-08-18,2017-11-17,91,242.71,14.26,0.1497,226/221/215/210,225.0,220.0,215.0,210.0,5.0,2.06,0.367,1036.72,199.63,17.75,-546.48,-2973.58,-5400.68,20000.0,2209.59,257.86,stop_close,expired,2017-11-17,36.47,116.3,257.86,
2017-08-25,2017-11-17,84,244.56,11.28,0.1319,230/225/221/216,231.0,226.0,221.0,216.0,5.0,2.04,0.103,1010.32,205.9,15.81,-1024.88,-3470.48,-5916.08,20600.0,2274.11,257.86,hold,expired,2017-11-17,10.07,31.86,257.86,
2017-08-25,2017-11-17,84,244.56,11.28,0.1319,230/225/221/216,231.0,226.0,221.0,216.0,5.0,2.04,0.103,1010.32,205.9,15.81,-1024.88,-3470.48,-5916.08,20600.0,2274.11,257.86,stop_touch,expired,2017-11-17,10.07,31.86,257.86,
2017-08-25,2017-11-17,84,244.56,11.28,0.1319,230/225/221/216,231.0,226.0,221.0,216.0,5.0,2.04,0.103,1010.32,205.9,15.81,-1024.88,-3470.48,-5916.08,20600.0,2274.11,257.86,stop_close,expired,2017-11-17,10.07,31.86,257.86,
2017-09-15,2017-12-15,91,249.19,10.17,0.1252,235/230/225/220,235.0,230.0,225.0,220.0,5.0,2.01,0.122,1012.24,209.88,15.78,-1052.56,-3544.46,-6036.36,21000.0,2311.13,266.51,hold,expired,2017-12-15,11.99,37.25,266.51,
2017-09-15,2017-12-15,91,249.19,10.17,0.1252,235/230/225/220,235.0,230.0,225.0,220.0,5.0,2.01,0.122,1012.24,209.88,15.78,-1052.56,-3544.46,-6036.36,21000.0,2311.13,266.51,stop_touch,expired,2017-12-15,11.99,37.25,266.51,
2017-09-15,2017-12-15,91,249.19,10.17,0.1252,235/230/225/220,235.0,230.0,225.0,220.0,5.0,2.01,0.122,1012.24,209.88,15.78,-1052.56,-3544.46,-6036.36,21000.0,2311.13,266.51,stop_close,expired,2017-12-15,11.99,37.25,266.51,
2017-09-22,2017-12-15,84,249.44,9.59,0.1217,236/231/227/222,237.0,232.0,227.0,222.0,5.0,2.0,0.014,1001.37,211.99,15.02,-1243.43,-3737.83,-6232.23,21200.0,2359.06,266.51,hold,expired,2017-12-15,1.12,3.46,266.51,
2017-09-22,2017-12-15,84,249.44,9.59,0.1217,236/231/227/222,237.0,232.0,227.0,222.0,5.0,2.0,0.014,1001.37,211.99,15.02,-1243.43,-3737.83,-6232.23,21200.0,2359.06,266.51,stop_touch,expired,2017-12-15,1.12,3.46,266.51,
2017-09-22,2017-12-15,84,249.44,9.59,0.1217,236/231/227/222,237.0,232.0,227.0,222.0,5.0,2.0,0.014,1001.37,211.99,15.02,-1243.43,-3737.83,-6232.23,21200.0,2359.06,266.51,stop_close,expired,2017-12-15,1.12,3.46,266.51,
2017-09-29,2017-12-15,77,251.23,9.51,0.1213,238/234/229/225,237.0,233.0,229.0,225.0,4.0,1.59,0.27,827.0,216.73,13.73,-1574.6,-4086.9,-6599.2,21700.0,2486.98,266.51,hold,expired,2017-12-15,26.75,82.39,266.51,
2017-09-29,2017-12-15,77,251.23,9.51,0.1213,238/234/229/225,237.0,233.0,229.0,225.0,4.0,1.59,0.27,827.0,216.73,13.73,-1574.6,-4086.9,-6599.2,21700.0,2486.98,266.51,stop_touch,expired,2017-12-15,26.75,82.39,266.51,
2017-09-29,2017-12-15,77,251.23,9.51,0.1213,238/234/229/225,237.0,233.0,229.0,225.0,4.0,1.59,0.27,827.0,216.73,13.73,-1574.6,-4086.9,-6599.2,21700.0,2486.98,266.51,stop_close,expired,2017-12-15,26.75,82.39,266.51,
2017-10-06,2018-01-19,105,254.37,9.65,0.1221,239/234/229/223,238.0,233.0,228.0,223.0,5.0,1.97,0.237,1023.71,212.76,16.36,-926.69,-3470.39,-6014.09,21300.0,2336.8,280.41,hold,expired,2018-01-19,23.46,71.37,280.41,
2017-10-06,2018-01-19,105,254.37,9.65,0.1221,239/234/229/223,238.0,233.0,228.0,223.0,5.0,1.97,0.237,1023.71,212.76,16.36,-926.69,-3470.39,-6014.09,21300.0,2336.8,280.41,stop_touch,expired,2018-01-19,23.46,71.37,280.41,
2017-10-06,2018-01-19,105,254.37,9.65,0.1221,239/234/229/223,238.0,233.0,228.0,223.0,5.0,1.97,0.237,1023.71,212.76,16.36,-926.69,-3470.39,-6014.09,21300.0,2336.8,280.41,stop_close,expired,2018-01-19,23.46,71.37,280.41,
2017-10-13,2018-01-19,98,254.95,9.61,0.1219,240/235/230/225,240.0,235.0,230.0,225.0,5.0,1.96,0.181,1018.09,214.82,15.74,-1085.91,-3635.41,-6184.91,21500.0,2360.79,280.41,hold,expired,2018-01-19,17.84,54.16,280.41,
2017-10-13,2018-01-19,98,254.95,9.61,0.1219,240/235/230/225,240.0,235.0,230.0,225.0,5.0,1.96,0.181,1018.09,214.82,15.74,-1085.91,-3635.41,-6184.91,21500.0,2360.79,280.41,stop_touch,expired,2018-01-19,17.84,54.16,280.41,
2017-10-13,2018-01-19,98,254.95,9.61,0.1219,240/235/230/225,240.0,235.0,230.0,225.0,5.0,1.96,0.181,1018.09,214.82,15.74,-1085.91,-3635.41,-6184.91,21500.0,2360.79,280.41,stop_close,expired,2018-01-19,17.84,54.16,280.41,
2017-10-20,2018-01-19,91,257.11,9.97,0.124,242/237/232/227,242.0,237.0,232.0,227.0,5.0,1.94,0.166,1016.58,216.83,15.66,-1114.62,-3685.72,-6256.82,21700.0,2378.08,280.41,hold,expired,2018-01-19,16.33,49.14,280.41,
2017-10-20,2018-01-19,91,257.11,9.97,0.124,242/237/232/227,242.0,237.0,232.0,227.0,5.0,1.94,0.166,1016.58,216.83,15.66,-1114.62,-3685.72,-6256.82,21700.0,2378.08,280.41,stop_touch,expired,2018-01-19,16.33,49.14,280.41,
2017-10-20,2018-01-19,91,257.11,9.97,0.124,242/237/232/227,242.0,237.0,232.0,227.0,5.0,1.94,0.166,1016.58,216.83,15.66,-1114.62,-3685.72,-6256.82,21700.0,2378.08,280.41,stop_close,expired,2018-01-19,16.33,49.14,280.41,
2017-10-27,2018-01-19,84,257.71,9.8,0.123,244/239/234/229,244.0,239.0,234.0,229.0,5.0,1.94,0.091,1009.11,218.91,15.06,-1274.09,-3851.19,-6428.29,21900.0,2400.95,280.41,hold,expired,2018-01-19,8.86,26.62,280.41,
2017-10-27,2018-01-19,84,257.71,9.8,0.123,244/239/234/229,244.0,239.0,234.0,229.0,5.0,1.94,0.091,1009.11,218.91,15.06,-1274.09,-3851.19,-6428.29,21900.0,2400.95,280.41,stop_touch,expired,2018-01-19,8.86,26.62,280.41,
2017-10-27,2018-01-19,84,257.71,9.8,0.123,244/239/234/229,244.0,239.0,234.0,229.0,5.0,1.94,0.091,1009.11,218.91,15.06,-1274.09,-3851.19,-6428.29,21900.0,2400.95,280.41,stop_close,expired,2018-01-19,8.86,26.62,280.41,
2017-11-03,2018-01-19,77,258.45,9.14,0.1191,245/241/236/232,244.0,240.0,236.0,232.0,4.0,1.55,0.289,828.86,223.71,13.44,-1695.14,-4279.64,-6864.14,22400.0,2609.24,280.41,hold,expired,2018-01-19,28.61,85.67,280.41,
2017-11-03,2018-01-19,77,258.45,9.14,0.1191,245/241/236/232,244.0,240.0,236.0,232.0,4.0,1.55,0.289,828.86,223.71,13.44,-1695.14,-4279.64,-6864.14,22400.0,2609.24,280.41,stop_touch,expired,2018-01-19,28.61,85.67,280.41,
2017-11-03,2018-01-19,77,258.45,9.14,0.1191,245/241/236/232,244.0,240.0,236.0,232.0,4.0,1.55,0.289,828.86,223.71,13.44,-1695.14,-4279.64,-6864.14,22400.0,2609.24,280.41,stop_close,expired,2018-01-19,28.61,85.67,280.41,
2017-11-10,2018-02-16,98,258.09,11.29,0.1319,242/236/231/225,243.0,237.0,231.0,225.0,6.0,2.32,0.016,1201.58,212.98,17.48,-651.22,-3232.12,-5813.02,21300.0,2385.82,273.11,hold,expired,2018-02-16,1.33,4.0,273.11,
2017-11-10,2018-02-16,98,258.09,11.29,0.1319,242/236/231/225,243.0,237.0,231.0,225.0,6.0,2.32,0.016,1201.58,212.98,17.48,-651.22,-3232.12,-5813.02,21300.0,2385.82,273.11,stop_touch,expired,2018-02-16,1.33,4.0,273.11,
2017-11-10,2018-02-16,98,258.09,11.29,0.1319,242/236/231/225,243.0,237.0,231.0,225.0,6.0,2.32,0.016,1201.58,212.98,17.48,-651.22,-3232.12,-5813.02,21300.0,2385.82,273.11,stop_close,expired,2018-02-16,1.33,4.0,273.11,
2017-11-17,2018-02-16,91,257.86,11.43,0.1328,242/237/231/226,241.0,236.0,231.0,226.0,5.0,1.94,0.281,1028.07,215.72,16.34,-943.13,-3521.73,-6100.33,21600.0,2366.73,273.11,hold,expired,2018-02-16,27.82,83.49,273.11,
2017-11-17,2018-02-16,91,257.86,11.43,0.1328,242/237/231/226,241.0,236.0,231.0,226.0,5.0,1.94,0.281,1028.07,215.72,16.34,-943.13,-3521.73,-6100.33,21600.0,2366.73,273.11,stop_touch,expired,2018-02-16,27.82,83.49,273.11,
2017-11-17,2018-02-16,91,257.86,11.43,0.1328,242/237/231/226,241.0,236.0,231.0,226.0,5.0,1.94,0.281,1028.07,215.72,16.34,-943.13,-3521.73,-6100.33,21600.0,2366.73,273.11,stop_close,expired,2018-02-16,27.82,83.49,273.11,
2017-11-24,2018-02-16,84,260.36,9.67,0.1222,246/241/236/231,246.0,241.0,236.0,231.0,5.0,1.92,0.104,1010.37,220.9,15.16,-1260.83,-3864.43,-6468.03,22100.0,2417.2,273.11,hold,expired,2018-02-16,10.12,30.07,273.11,
2017-11-24,2018-02-16,84,260.36,9.67,0.1222,246/241/236/231,246.0,241.0,236.0,231.0,5.0,1.92,0.104,1010.37,220.9,15.16,-1260.83,-3864.43,-6468.03,22100.0,2417.2,273.11,stop_touch,expired,2018-02-16,10.12,30.07,273.11,
2017-11-24,2018-02-16,84,260.36,9.67,0.1222,246/241/236/231,246.0,241.0,236.0,231.0,5.0,1.92,0.104,1010.37,220.9,15.16,-1260.83,-3864.43,-6468.03,22100.0,2417.2,273.11,stop_close,expired,2018-02-16,10.12,30.07,273.11,
2017-12-01,2018-02-16,77,264.46,11.43,0.1328,250/244/239/234,249.0,244.0,239.0,234.0,5.0,1.89,0.191,1019.09,223.81,15.37,-1224.11,-3868.71,-6513.31,22400.0,2447.01,273.11,hold,expired,2018-02-16,18.84,55.13,273.11,
2017-12-01,2018-02-16,77,264.46,11.43,0.1328,250/244/239/234,249.0,244.0,239.0,234.0,5.0,1.89,0.191,1019.09,223.81,15.37,-1224.11,-3868.71,-6513.31,22400.0,2447.01,273.11,stop_touch,expired,2018-02-16,18.84,55.13,273.11,
2017-12-01,2018-02-16,77,264.46,11.43,0.1328,250/244/239/234,249.0,244.0,239.0,234.0,5.0,1.89,0.191,1019.09,223.81,15.37,-1224.11,-3868.71,-6513.31,22400.0,2447.01,273.11,stop_close,expired,2018-02-16,18.84,55.13,273.11,
2017-12-08,2018-03-16,98,265.51,9.58,0.1217,250/245/239/234,249.0,244.0,239.0,234.0,5.0,1.88,0.255,1025.46,223.75,15.73,-1133.74,-3788.84,-6443.94,22400.0,2446.42,274.2,hold,expired,2018-03-16,25.21,73.47,274.2,
2017-12-08,2018-03-16,98,265.51,9.58,0.1217,250/245/239/234,249.0,244.0,239.0,234.0,5.0,1.88,0.255,1025.46,223.75,15.73,-1133.74,-3788.84,-6443.94,22400.0,2446.42,274.2,stop_touch,expired,2018-03-16,25.21,73.47,274.2,
2017-12-08,2018-03-16,98,265.51,9.58,0.1217,250/245/239/234,249.0,244.0,239.0,234.0,5.0,1.88,0.255,1025.46,223.75,15.73,-1133.74,-3788.84,-6443.94,22400.0,2446.42,274.2,stop_close,expired,2018-03-16,25.21,73.47,274.2,
2017-12-15,2018-03-16,91,266.51,9.42,0.1207,252/246/241/236,251.0,246.0,241.0,236.0,5.0,1.88,0.188,1018.85,225.81,15.27,-1260.35,-3925.45,-6590.55,22600.0,2466.84,274.2,hold,expired,2018-03-16,18.6,54.01,274.2,
2017-12-15,2018-03-16,91,266.51,9.42,0.1207,252/246/241/236,251.0,246.0,241.0,236.0,5.0,1.88,0.188,1018.85,225.81,15.27,-1260.35,-3925.45,-6590.55,22600.0,2466.84,274.2,stop_touch,expired,2018-03-16,18.6,54.01,274.2,
2017-12-15,2018-03-16,91,266.51,9.42,0.1207,252/246/241/236,251.0,246.0,241.0,236.0,5.0,1.88,0.188,1018.85,225.81,15.27,-1260.35,-3925.45,-6590.55,22600.0,2466.84,274.2,stop_close,expired,2018-03-16,18.6,54.01,274.2,
2017-12-22,2018-03-16,84,267.51,9.9,0.1236,253/248/243/238,253.0,248.0,243.0,238.0,5.0,1.87,0.166,1016.56,227.83,14.83,-1382.64,-4057.74,-6732.84,22800.0,2510.36,274.2,hold,expired,2018-03-16,16.31,47.19,274.2,
2017-12-22,2018-03-16,84,267.51,9.9,0.1236,253/248/243/238,253.0,248.0,243.0,238.0,5.0,1.87,0.166,1016.56,227.83,14.83,-1382.64,-4057.74,-6732.84,22800.0,2510.36,274.2,stop_touch,expired,2018-03-16,16.31,47.19,274.2,
2017-12-22,2018-03-16,84,267.51,9.9,0.1236,253/248/243/238,253.0,248.0,243.0,238.0,5.0,1.87,0.166,1016.56,227.83,14.83,-1382.64,-4057.74,-6732.84,22800.0,2510.36,274.2,stop_close,expired,2018-03-16,16.31,47.19,274.2,
2017-12-29,2018-03-16,77,266.86,11.04,0.1304,252/247/242/237,252.0,247.0,242.0,237.0,5.0,1.87,0.178,1017.77,226.82,15.0,-1333.43,-4002.03,-6670.63,22700.0,2479.61,274.2,hold,expired,2018-03-16,17.52,50.81,274.2,
2017-12-29,2018-03-16,77,266.86,11.04,0.1304,252/247/242/237,252.0,247.0,242.0,237.0,5.0,1.87,0.178,1017.77,226.82,15.0,-1333.43,-4002.03,-6670.63,22700.0,2479.61,274.2,stop_touch,expired,2018-03-16,17.52,50.81,274.2,
2017-12-29,2018-03-16,77,266.86,11.04,0.1304,252/247/242/237,252.0,247.0,242.0,237.0,5.0,1.87,0.178,1017.77,226.82,15.0,-1333.43,-4002.03,-6670.63,22700.0,2479.61,274.2,stop_close,expired,2018-03-16,17.52,50.81,274.2,
2018-01-05,2018-04-20,105,273.42,9.22,0.1195,258/253/247/242,257.0,252.0,247.0,242.0,5.0,1.83,0.321,1032.1,231.68,15.27,-1294.3,-4028.5,-6762.7,23200.0,2526.94,266.61,hold,expired,2018-04-20,31.85,90.16,266.61,
2018-01-05,2018-04-20,105,273.42,9.22,0.1195,258/253/247/242,257.0,252.0,247.0,242.0,5.0,1.83,0.321,1032.1,231.68,15.27,-1294.3,-4028.5,-6762.7,23200.0,2526.94,266.61,stop_touch,expired,2018-04-20,31.85,90.16,266.61,
2018-01-05,2018-04-20,105,273.42,9.22,0.1195,258/253/247/242,257.0,252.0,247.0,242.0,5.0,1.83,0.321,1032.1,231.68,15.27,-1294.3,-4028.5,-6762.7,23200.0,2526.94,266.61,stop_close,expired,2018-04-20,31.85,90.16,266.61,
2018-01-12,2018-04-20,98,277.92,10.16,0.1252,262/257/251/245,263.0,257.0,251.0,245.0,6.0,2.16,0.06,1206.03,232.94,16.18,-1060.37,-3839.57,-6618.77,23300.0,2583.23,266.61,hold,expired,2018-04-20,5.78,16.09,266.61,
2018-01-12,2018-04-20,98,277.92,10.16,0.1252,262/257/251/245,263.0,257.0,251.0,245.0,6.0,2.16,0.06,1206.03,232.94,16.18,-1060.37,-3839.57,-6618.77,23300.0,2583.23,266.61,stop_touch,expired,2018-04-20,5.78,16.09,266.61,
2018-01-12,2018-04-20,98,277.92,10.16,0.1252,262/257/251/245,263.0,257.0,251.0,245.0,6.0,2.16,0.06,1206.03,232.94,16.18,-1060.37,-3839.57,-6618.77,23300.0,2583.23,266.61,stop_close,expired,2018-04-20,5.78,16.09,266.61,
2018-01-19,2018-04-20,91,280.41,11.27,0.1318,264/259/253/247,265.0,259.0,253.0,247.0,6.0,2.14,0.106,1210.57,234.89,16.23,-1056.63,-3860.73,-6664.83,23500.0,2603.64,266.61,hold,expired,2018-04-20,10.32,28.48,266.61,
2018-01-19,2018-04-20,91,280.41,11.27,0.1318,264/259/253/247,265.0,259.0,253.0,247.0,6.0,2.14,0.106,1210.57,234.89,16.23,-1056.63,-3860.73,-6664.83,23500.0,2603.64,266.61,stop_touch,expired,2018-04-20,10.32,28.48,266.61,
2018-01-19,2018-04-20,91,280.41,11.27,0.1318,264/259/253/247,265.0,259.0,253.0,247.0,6.0,2.14,0.106,1210.57,234.89,16.23,-1056.63,-3860.73,-6664.83,23500.0,2603.64,266.61,stop_close,expired,2018-04-20,10.32,28.48,266.61,
2018-01-26,2018-04-20,84,286.58,11.08,0.1307,271/265/260/254,272.0,266.0,260.0,254.0,6.0,2.09,0.059,1205.87,241.94,15.58,-1267.73,-4133.53,-6999.33,24200.0,2675.28,266.61,hold,expired,2018-04-20,544.62,1470.78,266.61,
2018-01-26,2018-04-20,84,286.58,11.08,0.1307,271/265/260/254,272.0,266.0,260.0,254.0,6.0,2.09,0.059,1205.87,241.94,15.58,-1267.73,-4133.53,-6999.33,24200.0,2675.28,266.61,stop_touch,expired,2018-04-20,544.62,1470.78,266.61,
2018-01-26,2018-04-20,84,286.58,11.08,0.1307,271/265/260/254,272.0,266.0,260.0,254.0,6.0,2.09,0.059,1205.87,241.94,15.58,-1267.73,-4133.53,-6999.33,24200.0,2675.28,266.61,stop_close,expired,2018-04-20,544.62,1470.78,266.61,
2018-02-02,2018-04-20,77,275.45,17.31,0.1679,257/251/244/238,256.0,250.0,244.0,238.0,6.0,2.18,0.378,1237.78,225.62,18.09,-526.22,-3280.72,-6035.22,22600.0,2510.79,266.61,hold,expired,2018-04-20,37.53,105.44,266.61,
2018-02-02,2018-04-20,77,275.45,17.31,0.1679,257/251/244/238,256.0,250.0,244.0,238.0,6.0,2.18,0.378,1237.78,225.62,18.09,-526.22,-3280.72,-6035.22,22600.0,2510.79,266.61,stop_touch,expired,2018-04-20,37.53,105.44,266.61,
2018-02-02,2018-04-20,77,275.45,17.31,0.1679,257/251/244/238,256.0,250.0,244.0,238.0,6.0,2.18,0.378,1237.78,225.62,18.09,-526.22,-3280.72,-6035.22,22600.0,2510.79,266.61,stop_close,expired,2018-04-20,37.53,105.44,266.61,
2018-02-09,2018-05-18,98,261.5,29.06,0.2382,236/226/218/209,236.0,227.0,218.0,209.0,9.0,3.44,0.37,1837.03,190.63,27.1,1817.03,-757.97,-3372.97,19100.0,2311.98,271.33,hold,expired,2018-05-18,36.78,108.87,271.33,
2018-02-09,2018-05-18,98,261.5,29.06,0.2382,236/226/218/209,236.0,227.0,218.0,209.0,9.0,3.44,0.37,1837.03,190.63,27.1,1817.03,-757.97,-3372.97,19100.0,2311.98,271.33,stop_touch,expired,2018-05-18,36.78,108.87,271.33,
2018-02-09,2018-05-18,98,261.5,29.06,0.2382,236/226/218/209,236.0,227.0,218.0,209.0,9.0,3.44,0.37,1837.03,190.63,27.1,1817.03,-757.97,-3372.97,19100.0,2311.98,271.33,stop_close,expired,2018-05-18,36.78,108.87,271.33,
2018-02-16,2018-05-18,91,273.11,19.46,0.1808,252/245/238/230,251.0,244.0,237.0,230.0,7.0,2.56,0.377,1437.73,215.62,21.05,286.53,-2444.57,-5175.67,21600.0,2454.1,271.33,hold,expired,2018-05-18,37.48,106.2,271.33,
2018-02-16,2018-05-18,91,273.11,19.46,0.1808,252/245/238/230,251.0,244.0,237.0,230.0,7.0,2.56,0.377,1437.73,215.62,21.05,286.53,-2444.57,-5175.67,21600.0,2454.1,271.33,stop_touch,expired,2018-05-18,37.48,106.2,271.33,
2018-02-16,2018-05-18,91,273.11,19.46,0.1808,252/245/238/230,251.0,244.0,237.0,230.0,7.0,2.56,0.377,1437.73,215.62,21.05,286.53,-2444.57,-5175.67,21600.0,2454.1,271.33,stop_close,expired,2018-05-18,37.48,106.2,271.33,
2018-02-23,2018-05-18,84,274.71,16.49,0.163,256/250/243/237,255.0,249.0,243.0,237.0,6.0,2.18,0.4,1239.95,224.6,18.24,-483.25,-3230.35,-5977.45,22500.0,2500.94,271.33,hold,expired,2018-05-18,39.7,111.85,271.33,
2018-02-23,2018-05-18,84,274.71,16.49,0.163,256/250/243/237,255.0,249.0,243.0,237.0,6.0,2.18,0.4,1239.95,224.6,18.24,-483.25,-3230.35,-5977.45,22500.0,2500.94,271.33,stop_touch,expired,2018-05-18,39.7,111.85,271.33,
2018-02-23,2018-05-18,84,274.71,16.49,0.163,256/250/243/237,255.0,249.0,243.0,237.0,6.0,2.18,0.4,1239.95,224.6,18.24,-483.25,-3230.35,-5977.45,22500.0,2500.94,271.33,stop_close,expired,2018-05-18,39.7,111.85,271.33,
2018-03-02,2018-05-18,77,269.08,19.59,0.1815,250/243/236/230,251.0,244.0,237.0,230.0,7.0,2.6,0.157,1415.72,215.84,19.78,-57.88,-2748.68,-5439.48,21600.0,2462.93,271.33,hold,expired,2018-05-18,15.47,44.48,271.33,
2018-03-02,2018-05-18,77,269.08,19.59,0.1815,250/243/236/230,251.0,244.0,237.0,230.0,7.0,2.6,0.157,1415.72,215.84,19.78,-57.88,-2748.68,-5439.48,21600.0,2462.93,271.33,stop_touch,expired,2018-05-18,15.47,44.48,271.33,
2018-03-02,2018-05-18,77,269.08,19.59,0.1815,250/243/236/230,251.0,244.0,237.0,230.0,7.0,2.6,0.157,1415.72,215.84,19.78,-57.88,-2748.68,-5439.48,21600.0,2462.93,271.33,stop_close,expired,2018-05-18,15.47,44.48,271.33,
2018-03-09,2018-06-15,98,278.87,14.64,0.1519,260/253/247/240,261.0,254.0,247.0,240.0,7.0,2.51,0.125,1412.49,225.88,19.0,-277.91,-3066.61,-5855.31,22600.0,2559.53,277.13,hold,expired,2018-06-15,12.24,33.97,277.13,
2018-03-09,2018-06-15,98,278.87,14.64,0.1519,260/253/247/240,261.0,254.0,247.0,240.0,7.0,2.51,0.125,1412.49,225.88,19.0,-277.91,-3066.61,-5855.31,22600.0,2559.53,277.13,stop_touch,expired,2018-06-15,12.24,33.97,277.13,
2018-03-09,2018-06-15,98,278.87,14.64,0.1519,260/253/247/240,261.0,254.0,247.0,240.0,7.0,2.51,0.125,1412.49,225.88,19.0,-277.91,-3066.61,-5855.31,22600.0,2559.53,277.13,stop_close,expired,2018-06-15,12.24,33.97,277.13,
2018-03-16,2018-06-15,91,274.2,15.8,0.1589,256/249/242/236,257.0,250.0,243.0,236.0,7.0,2.55,0.095,1409.48,221.91,19.07,-254.52,-2996.52,-5738.52,22200.0,2522.86,277.13,hold,expired,2018-06-15,9.23,26.05,277.13,
2018-03-16,2018-06-15,91,274.2,15.8,0.1589,256/249/242/236,257.0,250.0,243.0,236.0,7.0,2.55,0.095,1409.48,221.91,19.07,-254.52,-2996.52,-5738.52,22200.0,2522.86,277.13,stop_touch,expired,2018-06-15,9.23,26.05,277.13,
2018-03-16,2018-06-15,91,274.2,15.8,0.1589,256/249/242/236,257.0,250.0,243.0,236.0,7.0,2.55,0.095,1409.48,221.91,19.07,-254.52,-2996.52,-5738.52,22200.0,2522.86,277.13,stop_close,expired,2018-06-15,9.23,26.05,277.13,
2018-03-23,2018-06-15,84,258.05,24.87,0.2131,236/228/221/213,237.0,229.0,221.0,213.0,8.0,3.1,0.174,1617.38,196.83,23.73,961.38,-1619.12,-4199.62,19700.0,2319.73,277.13,hold,expired,2018-06-15,17.13,51.36,277.13,
2018-03-23,2018-06-15,84,258.05,24.87,0.2131,236/228/221/213,237.0,229.0,221.0,213.0,8.0,3.1,0.174,1617.38,196.83,23.73,961.38,-1619.12,-4199.62,19700.0,2319.73,277.13,stop_touch,expired,2018-06-15,17.13,51.36,277.13,
2018-03-23,2018-06-15,84,258.05,24.87,0.2131,236/228/221/213,237.0,229.0,221.0,213.0,8.0,3.1,0.174,1617.38,196.83,23.73,961.38,-1619.12,-4199.62,19700.0,2319.73,277.13,stop_close,expired,2018-06-15,17.13,51.36,277.13,
2018-03-29,2018-06-15,78,263.15,19.97,0.1838,244/237/231/224,245.0,238.0,231.0,224.0,7.0,2.66,0.142,1414.18,209.86,20.25,66.18,-2565.32,-5196.82,21000.0,2401.92,277.13,hold,expired,2018-06-15,13.93,40.98,277.13,
2018-03-29,2018-06-15,78,263.15,19.97,0.1838,244/237/231/224,245.0,238.0,231.0,224.0,7.0,2.66,0.142,1414.18,209.86,20.25,66.18,-2565.32,-5196.82,21000.0,2401.92,277.13,stop_touch,expired,2018-06-15,13.93,40.98,277.13,
2018-03-29,2018-06-15,78,263.15,19.97,0.1838,244/237/231/224,245.0,238.0,231.0,224.0,7.0,2.66,0.142,1414.18,209.86,20.25,66.18,-2565.32,-5196.82,21000.0,2401.92,277.13,stop_close,expired,2018-06-15,13.93,40.98,277.13,
2018-04-06,2018-07-20,105,259.72,21.49,0.1929,238/230/222/214,238.0,230.0,222.0,214.0,8.0,3.08,0.223,1622.31,197.78,23.85,999.91,-1597.29,-4194.49,19800.0,2328.57,279.68,hold,expired,2018-07-20,22.06,65.75,279.68,
2018-04-06,2018-07-20,105,259.72,21.49,0.1929,238/230/222/214,238.0,230.0,222.0,214.0,8.0,3.08,0.223,1622.31,197.78,23.85,999.91,-1597.29,-4194.49,19800.0,2328.57,279.68,stop_touch,expired,2018-07-20,22.06,65.75,279.68,
2018-04-06,2018-07-20,105,259.72,21.49,0.1929,238/230/222/214,238.0,230.0,222.0,214.0,8.0,3.08,0.223,1622.31,197.78,23.85,999.91,-1597.29,-4194.49,19800.0,2328.57,279.68,stop_close,expired,2018-07-20,22.06,65.75,279.68,
2018-04-13,2018-07-20,98,265.15,17.41,0.1685,246/239/232/225,246.0,239.0,232.0,225.0,7.0,2.64,0.222,1422.17,210.78,20.51,134.17,-2517.33,-5168.83,21100.0,2411.14,279.68,hold,expired,2018-07-20,21.92,63.99,279.68,
2018-04-13,2018-07-20,98,265.15,17.41,0.1685,246/239/232/225,246.0,239.0,232.0,225.0,7.0,2.64,0.222,1422.17,210.78,20.51,134.17,-2517.33,-5168.83,21100.0,2411.14,279.68,stop_touch,expired,2018-07-20,21.92,63.99,279.68,
2018-04-13,2018-07-20,98,265.15,17.41,0.1685,246/239/232/225,246.0,239.0,232.0,225.0,7.0,2.64,0.222,1422.17,210.78,20.51,134.17,-2517.33,-5168.83,21100.0,2411.14,279.68,stop_close,expired,2018-07-20,21.92,63.99,279.68,
2018-04-20,2018-07-20,91,266.61,16.88,0.1653,248/241/235/228,249.0,242.0,235.0,228.0,7.0,2.63,0.111,1411.1,213.89,19.77,-60.1,-2726.2,-5392.3,21400.0,2442.34,279.68,hold,expired,2018-07-20,10.85,31.5,279.68,
2018-04-20,2018-07-20,91,266.61,16.88,0.1653,248/241/235/228,249.0,242.0,235.0,228.0,7.0,2.63,0.111,1411.1,213.89,19.77,-60.1,-2726.2,-5392.3,21400.0,2442.34,279.68,stop_touch,expired,2018-07-20,10.85,31.5,279.68,
2018-04-20,2018-07-20,91,266.61,16.88,0.1653,248/241/235/228,249.0,242.0,235.0,228.0,7.0,2.63,0.111,1411.1,213.89,19.77,-60.1,-2726.2,-5392.3,21400.0,2442.34,279.68,stop_close,expired,2018-07-20,10.85,31.5,279.68,
2018-04-27,2018-07-20,84,266.56,15.41,0.1566,249/243/237/231,249.0,243.0,237.0,231.0,6.0,2.25,0.249,1224.87,218.75,17.94,-550.33,-3215.93,-5881.53,21900.0,2442.82,279.68,hold,expired,2018-07-20,24.62,71.49,279.68,
2018-04-27,2018-07-20,84,266.56,15.41,0.1566,249/243/237/231,249.0,243.0,237.0,231.0,6.0,2.25,0.249,1224.87,218.75,17.94,-550.33,-3215.93,-5881.53,21900.0,2442.82,279.68,stop_touch,expired,2018-07-20,24.62,71.49,279.68,
2018-04-27,2018-07-20,84,266.56,15.41,0.1566,249/243/237/231,249.0,243.0,237.0,231.0,6.0,2.25,0.249,1224.87,218.75,17.94,-550.33,-3215.93,-5881.53,21900.0,2442.82,279.68,stop_close,expired,2018-07-20,24.62,71.49,279.68,
2018-05-04,2018-07-20,77,266.02,14.77,0.1527,250/244/238/232,250.0,244.0,238.0,232.0,6.0,2.26,0.116,1211.6,219.88,17.34,-706.8,-3367.0,-6027.2,22000.0,2451.84,279.68,hold,expired,2018-07-20,11.35,33.01,279.68,
2018-05-04,2018-07-20,77,266.02,14.77,0.1527,250/244/238/232,250.0,244.0,238.0,232.0,6.0,2.26,0.116,1211.6,219.88,17.34,-706.8,-3367.0,-6027.2,22000.0,2451.84,279.68,stop_touch,expired,2018-07-20,11.35,33.01,279.68,
2018-05-04,2018-07-20,77,266.02,14.77,0.1527,250/244/238/232,250.0,244.0,238.0,232.0,6.0,2.26,0.116,1211.6,219.88,17.34,-706.8,-3367.0,-6027.2,22000.0,2451.84,279.68,stop_close,expired,2018-07-20,11.35,33.01,279.68,
2018-05-11,2018-08-17,98,272.85,12.65,0.14,256/250/244/237,255.0,249.0,243.0,237.0,6.0,2.2,0.235,1223.46,224.77,17.62,-648.54,-3377.04,-6105.54,22500.0,2498.86,285.06,hold,expired,2018-08-17,23.21,65.85,285.06,
2018-05-11,2018-08-17,98,272.85,12.65,0.14,256/250/244/237,255.0,249.0,243.0,237.0,6.0,2.2,0.235,1223.46,224.77,17.62,-648.54,-3377.04,-6105.54,22500.0,2498.86,285.06,stop_touch,expired,2018-08-17,23.21,65.85,285.06,
2018-05-11,2018-08-17,98,272.85,12.65,0.14,256/250/244/237,255.0,249.0,243.0,237.0,6.0,2.2,0.235,1223.46,224.77,17.62,-648.54,-3377.04,-6105.54,22500.0,2498.86,285.06,stop_close,expired,2018-08-17,23.21,65.85,285.06,
2018-05-18,2018-08-17,91,271.33,13.42,0.1447,255/248/242/236,254.0,248.0,242.0,236.0,6.0,2.21,0.213,1221.32,223.79,17.52,-672.28,-3385.58,-6098.88,22400.0,2490.65,285.06,hold,expired,2018-08-17,21.07,60.09,285.06,
2018-05-18,2018-08-17,91,271.33,13.42,0.1447,255/248/242/236,254.0,248.0,242.0,236.0,6.0,2.21,0.213,1221.32,223.79,17.52,-672.28,-3385.58,-6098.88,22400.0,2490.65,285.06,stop_touch,expired,2018-08-17,21.07,60.09,285.06,
2018-05-18,2018-08-17,91,271.33,13.42,0.1447,255/248/242/236,254.0,248.0,242.0,236.0,6.0,2.21,0.213,1221.32,223.79,17.52,-672.28,-3385.58,-6098.88,22400.0,2490.65,285.06,stop_close,expired,2018-08-17,21.07,60.09,285.06,
2018-05-25,2018-08-17,84,272.15,13.22,0.1435,256/250/244/238,256.0,250.0,244.0,238.0,6.0,2.2,0.129,1212.9,225.87,17.0,-815.1,-3536.6,-6258.1,22600.0,2511.29,285.06,hold,expired,2018-08-17,12.65,35.97,285.06,
2018-05-25,2018-08-17,84,272.15,13.22,0.1435,256/250/244/238,256.0,250.0,244.0,238.0,6.0,2.2,0.129,1212.9,225.87,17.0,-815.1,-3536.6,-6258.1,22600.0,2511.29,285.06,stop_touch,expired,2018-08-17,12.65,35.97,285.06,
2018-05-25,2018-08-17,84,272.15,13.22,0.1435,256/250/244/238,256.0,250.0,244.0,238.0,6.0,2.2,0.129,1212.9,225.87,17.0,-815.1,-3536.6,-6258.1,22600.0,2511.29,285.06,stop_close,expired,2018-08-17,12.65,35.97,285.06,
2018-06-01,2018-08-17,77,273.6,13.46,0.1449,258/252/246/241,259.0,253.0,247.0,241.0,6.0,2.19,0.07,1206.96,228.93,16.33,-1005.04,-3741.04,-6477.04,22900.0,2547.68,285.06,hold,expired,2018-08-17,6.71,18.98,285.06,
2018-06-01,2018-08-17,77,273.6,13.46,0.1449,258/252/246/241,259.0,253.0,247.0,241.0,6.0,2.19,0.07,1206.96,228.93,16.33,-1005.04,-3741.04,-6477.04,22900.0,2547.68,285.06,stop_touch,expired,2018-08-17,6.71,18.98,285.06,
2018-06-01,2018-08-17,77,273.6,13.46,0.1449,258/252/246/241,259.0,253.0,247.0,241.0,6.0,2.19,0.07,1206.96,228.93,16.33,-1005.04,-3741.04,-6477.04,22900.0,2547.68,285.06,stop_close,expired,2018-08-17,6.71,18.98,285.06,
2018-06-08,2018-09-21,105,278.19,12.18,0.1372,261/254/248/242,260.0,254.0,248.0,242.0,6.0,2.16,0.305,1230.54,229.69,17.43,-714.26,-3496.16,-6278.06,23000.0,2551.84,291.99,hold,expired,2018-09-21,30.29,84.26,291.99,
2018-06-08,2018-09-21,105,278.19,12.18,0.1372,261/254/248/242,260.0,254.0,248.0,242.0,6.0,2.16,0.305,1230.54,229.69,17.43,-714.26,-3496.16,-6278.06,23000.0,2551.84,291.99,stop_touch,expired,2018-09-21,30.29,84.26,291.99,
2018-06-08,2018-09-21,105,278.19,12.18,0.1372,261/254/248/242,260.0,254.0,248.0,242.0,6.0,2.16,0.305,1230.54,229.69,17.43,-714.26,-3496.16,-6278.06,23000.0,2551.84,291.99,stop_close,expired,2018-09-21,30.29,84.26,291.99,
2018-06-15,2018-09-21,98,277.13,11.98,0.136,260/254/248/242,260.0,254.0,248.0,242.0,6.0,2.17,0.212,1221.24,229.79,17.08,-808.36,-3579.66,-6350.96,23000.0,2551.16,291.99,hold,expired,2018-09-21,20.99,58.63,291.99,
2018-06-15,2018-09-21,98,277.13,11.98,0.136,260/254/248/242,260.0,254.0,248.0,242.0,6.0,2.17,0.212,1221.24,229.79,17.08,-808.36,-3579.66,-6350.96,23000.0,2551.16,291.99,stop_touch,expired,2018-09-21,20.99,58.63,291.99,
2018-06-15,2018-09-21,98,277.13,11.98,0.136,260/254/248/242,260.0,254.0,248.0,242.0,6.0,2.17,0.212,1221.24,229.79,17.08,-808.36,-3579.66,-6350.96,23000.0,2551.16,291.99,stop_close,expired,2018-09-21,20.99,58.63,291.99,
2018-06-22,2018-09-21,91,274.74,13.77,0.1467,257/251/245/239,257.0,251.0,245.0,239.0,6.0,2.18,0.269,1226.85,226.73,17.47,-693.95,-3441.35,-6188.75,22700.0,2522.27,291.99,hold,expired,2018-09-21,26.6,74.93,291.99,
2018-06-22,2018-09-21,91,274.74,13.77,0.1467,257/251/245/239,257.0,251.0,245.0,239.0,6.0,2.18,0.269,1226.85,226.73,17.47,-693.95,-3441.35,-6188.75,22700.0,2522.27,291.99,stop_touch,expired,2018-09-21,26.6,74.93,291.99,
2018-06-22,2018-09-21,91,274.74,13.77,0.1467,257/251/245/239,257.0,251.0,245.0,239.0,6.0,2.18,0.269,1226.85,226.73,17.47,-693.95,-3441.35,-6188.75,22700.0,2522.27,291.99,stop_close,expired,2018-09-21,26.6,74.93,291.99,
2018-06-29,2018-09-21,84,271.28,16.09,0.1606,253/247/241/234,252.0,246.0,240.0,234.0,6.0,2.21,0.339,1233.88,221.66,18.29,-463.72,-3176.52,-5889.32,22200.0,2469.15,291.99,hold,expired,2018-09-21,33.63,95.94,291.99,
2018-06-29,2018-09-21,84,271.28,16.09,0.1606,253/247/241/234,252.0,246.0,240.0,234.0,6.0,2.21,0.339,1233.88,221.66,18.29,-463.72,-3176.52,-5889.32,22200.0,2469.15,291.99,stop_touch,expired,2018-09-21,33.63,95.94,291.99,
2018-06-29,2018-09-21,84,271.28,16.09,0.1606,253/247/241/234,252.0,246.0,240.0,234.0,6.0,2.21,0.339,1233.88,221.66,18.29,-463.72,-3176.52,-5889.32,22200.0,2469.15,291.99,stop_close,expired,2018-09-21,33.63,95.94,291.99,
2018-07-06,2018-09-21,77,275.42,13.37,0.1444,260/254/248/242,260.0,254.0,248.0,242.0,6.0,2.18,0.085,1208.46,229.92,16.52,-957.94,-3712.14,-6466.34,23000.0,2552.34,291.99,hold,expired,2018-09-21,8.21,23.07,291.99,
2018-07-06,2018-09-21,77,275.42,13.37,0.1444,260/254/248/242,260.0,254.0,248.0,242.0,6.0,2.18,0.085,1208.46,229.92,16.52,-957.94,-3712.14,-6466.34,23000.0,2552.34,291.99,stop_touch,expired,2018-09-21,8.21,23.07,291.99,
2018-07-06,2018-09-21,77,275.42,13.37,0.1444,260/254/248/242,260.0,254.0,248.0,242.0,6.0,2.18,0.085,1208.46,229.92,16.52,-957.94,-3712.14,-6466.34,23000.0,2552.34,291.99,stop_close,expired,2018-09-21,8.21,23.07,291.99,
2018-07-13,2018-10-19,98,279.59,12.18,0.1372,263/256/250/244,262.0,256.0,250.0,244.0,6.0,2.15,0.249,1224.9,231.75,17.11,-807.9,-3603.8,-6399.7,23200.0,2570.99,276.25,hold,expired,2018-10-19,24.65,68.24,276.25,
2018-07-13,2018-10-19,98,279.59,12.18,0.1372,263/256/250/244,262.0,256.0,250.0,244.0,6.0,2.15,0.249,1224.9,231.75,17.11,-807.9,-3603.8,-6399.7,23200.0,2570.99,276.25,stop_touch,expired,2018-10-19,24.65,68.24,276.25,
2018-07-13,2018-10-19,98,279.59,12.18,0.1372,263/256/250/244,262.0,256.0,250.0,244.0,6.0,2.15,0.249,1224.9,231.75,17.11,-807.9,-3603.8,-6399.7,23200.0,2570.99,276.25,stop_close,expired,2018-10-19,24.65,68.24,276.25,
2018-07-20,2018-10-19,91,279.68,12.86,0.1413,263/256/250/244,262.0,256.0,250.0,244.0,6.0,2.15,0.235,1223.55,231.76,17.13,-802.05,-3598.85,-6395.65,23200.0,2569.39,276.25,hold,expired,2018-10-19,23.3,64.46,276.25,
2018-07-20,2018-10-19,91,279.68,12.86,0.1413,263/256/250/244,262.0,256.0,250.0,244.0,6.0,2.15,0.235,1223.55,231.76,17.13,-802.05,-3598.85,-6395.65,23200.0,2569.39,276.25,stop_touch,expired,2018-10-19,23.3,64.46,276.25,
2018-07-20,2018-10-19,91,279.68,12.86,0.1413,263/256/250/244,262.0,256.0,250.0,244.0,6.0,2.15,0.235,1223.55,231.76,17.13,-802.05,-3598.85,-6395.65,23200.0,2569.39,276.25,stop_close,expired,2018-10-19,23.3,64.46,276.25,
2018-07-27,2018-10-19,84,281.42,13.03,0.1423,265/259/253/247,265.0,259.0,253.0,247.0,6.0,2.13,0.184,1218.41,234.82,16.56,-967.99,-3782.19,-6596.39,23500.0,2603.36,276.25,hold,expired,2018-10-19,18.16,49.95,276.25,
2018-07-27,2018-10-19,84,281.42,13.03,0.1423,265/259/253/247,265.0,259.0,253.0,247.0,6.0,2.13,0.184,1218.41,234.82,16.56,-967.99,-3782.19,-6596.39,23500.0,2603.36,276.25,stop_touch,expired,2018-10-19,18.16,49.95,276.25,
2018-07-27,2018-10-19,84,281.42,13.03,0.1423,265/259/253/247,265.0,259.0,253.0,247.0,6.0,2.13,0.184,1218.41,234.82,16.56,-967.99,-3782.19,-6596.39,23500.0,2603.36,276.25,stop_close,expired,2018-10-19,18.16,49.95,276.25,
2018-08-03,2018-10-19,77,283.6,11.64,0.134,268/263/257/252,267.0,262.0,257.0,252.0,5.0,1.76,0.323,1032.26,241.68,14.78,-1479.74,-4315.74,-7151.74,24200.0,2625.77,276.25,hold,expired,2018-10-19,32.01,87.36,276.25,
2018-08-03,2018-10-19,77,283.6,11.64,0.134,268/263/257/252,267.0,262.0,257.0,252.0,5.0,1.76,0.323,1032.26,241.68,14.78,-1479.74,-4315.74,-7151.74,24200.0,2625.77,276.25,stop_touch,expired,2018-10-19,32.01,87.36,276.25,
2018-08-03,2018-10-19,77,283.6,11.64,0.134,268/263/257/252,267.0,262.0,257.0,252.0,5.0,1.76,0.323,1032.26,241.68,14.78,-1479.74,-4315.74,-7151.74,24200.0,2625.77,276.25,stop_close,expired,2018-10-19,32.01,87.36,276.25,
2018-08-10,2018-11-16,98,283.16,13.16,0.1431,265/259/252/246,264.0,258.0,252.0,246.0,6.0,2.12,0.361,1236.11,233.64,17.49,-711.09,-3542.69,-6374.29,23400.0,2590.05,273.73,hold,expired,2018-11-16,35.86,98.03,273.73,
2018-08-10,2018-11-16,98,283.16,13.16,0.1431,265/259/252/246,264.0,258.0,252.0,246.0,6.0,2.12,0.361,1236.11,233.64,17.49,-711.09,-3542.69,-6374.29,23400.0,2590.05,273.73,stop_touch,expired,2018-11-16,35.86,98.03,273.73,
2018-08-10,2018-11-16,98,283.16,13.16,0.1431,265/259/252/246,264.0,258.0,252.0,246.0,6.0,2.12,0.361,1236.11,233.64,17.49,-711.09,-3542.69,-6374.29,23400.0,2590.05,273.73,stop_close,expired,2018-11-16,35.86,98.03,273.73,
2018-08-17,2018-11-16,91,285.06,12.64,0.14,268/262/255/249,267.0,261.0,255.0,249.0,6.0,2.1,0.26,1225.97,236.74,16.95,-869.23,-3719.83,-6570.43,23700.0,2618.49,273.73,hold,expired,2018-11-16,25.72,69.82,273.73,
2018-08-17,2018-11-16,91,285.06,12.64,0.14,268/262/255/249,267.0,261.0,255.0,249.0,6.0,2.1,0.26,1225.97,236.74,16.95,-869.23,-3719.83,-6570.43,23700.0,2618.49,273.73,stop_touch,expired,2018-11-16,25.72,69.82,273.73,
2018-08-17,2018-11-16,91,285.06,12.64,0.14,268/262/255/249,267.0,261.0,255.0,249.0,6.0,2.1,0.26,1225.97,236.74,16.95,-869.23,-3719.83,-6570.43,23700.0,2618.49,273.73,stop_close,expired,2018-11-16,25.72,69.82,273.73,
2018-08-24,2018-11-16,84,287.51,11.99,0.1361,271/265/259/253,271.0,265.0,259.0,253.0,6.0,2.09,0.15,1214.95,240.85,16.23,-1084.25,-3959.35,-6834.45,24100.0,2659.02,273.73,hold,expired,2018-11-16,14.7,39.57,273.73,
2018-08-24,2018-11-16,84,287.51,11.99,0.1361,271/265/259/253,271.0,265.0,259.0,253.0,6.0,2.09,0.15,1214.95,240.85,16.23,-1084.25,-3959.35,-6834.45,24100.0,2659.02,273.73,stop_touch,expired,2018-11-16,14.7,39.57,273.73,
2018-08-24,2018-11-16,84,287.51,11.99,0.1361,271/265/259/253,271.0,265.0,259.0,253.0,6.0,2.09,0.15,1214.95,240.85,16.23,-1084.25,-3959.35,-6834.45,24100.0,2659.02,273.73,stop_close,expired,2018-11-16,14.7,39.57,273.73,
2018-08-31,2018-11-16,77,290.31,12.86,0.1413,274/268/262/256,274.0,268.0,262.0,256.0,6.0,2.07,0.157,1215.73,243.84,16.01,-1159.47,-4062.57,-6965.67,24400.0,2691.01,273.73,hold,expired,2018-11-16,42.48,113.24,273.73,
2018-08-31,2018-11-16,77,290.31,12.86,0.1413,274/268/262/256,274.0,268.0,262.0,256.0,6.0,2.07,0.157,1215.73,243.84,16.01,-1159.47,-4062.57,-6965.67,24400.0,2691.01,273.73,stop_touch,expired,2018-11-16,42.48,113.24,273.73,
2018-08-31,2018-11-16,77,290.31,12.86,0.1413,274/268/262/256,274.0,268.0,262.0,256.0,6.0,2.07,0.157,1215.73,243.84,16.01,-1159.47,-4062.57,-6965.67,24400.0,2691.01,273.73,stop_close,expired,2018-11-16,42.48,113.24,273.73,
2018-09-07,2018-12-21,105,287.6,14.88,0.1534,268/260/253/246,267.0,260.0,253.0,246.0,7.0,2.43,0.305,1430.53,231.69,19.44,-161.47,-3037.47,-5913.47,23200.0,2615.01,240.7,hold,expired,2018-12-21,900.28,2422.64,240.7,
2018-09-07,2018-12-21,105,287.6,14.88,0.1534,268/260/253/246,267.0,260.0,253.0,246.0,7.0,2.43,0.305,1430.53,231.69,19.44,-161.47,-3037.47,-5913.47,23200.0,2615.01,240.7,stop_touch,expired,2018-12-21,900.28,2422.64,240.7,
2018-09-07,2018-12-21,105,287.6,14.88,0.1534,268/260/253/246,267.0,260.0,253.0,246.0,7.0,2.43,0.305,1430.53,231.69,19.44,-161.47,-3037.47,-5913.47,23200.0,2615.01,240.7,stop_close,expired,2018-12-21,900.28,2422.64,240.7,
2018-09-14,2018-12-21,98,290.88,12.07,0.1366,273/267/260/254,272.0,266.0,260.0,254.0,6.0,2.06,0.329,1232.9,241.67,16.92,-896.7,-3805.5,-6714.3,24200.0,2668.45,240.7,hold,expired,2018-12-21,-97.35,-259.02,240.7,
2018-09-14,2018-12-21,98,290.88,12.07,0.1366,273/267/260/254,272.0,266.0,260.0,254.0,6.0,2.06,0.329,1232.9,241.67,16.92,-896.7,-3805.5,-6714.3,24200.0,2668.45,240.7,stop_touch,expired,2018-12-21,-97.35,-259.02,240.7,
2018-09-14,2018-12-21,98,290.88,12.07,0.1366,273/267/260/254,272.0,266.0,260.0,254.0,6.0,2.06,0.329,1232.9,241.67,16.92,-896.7,-3805.5,-6714.3,24200.0,2668.45,240.7,stop_close,expired,2018-12-21,-97.35,-259.02,240.7,
2018-09-21,2018-12-21,91,291.99,11.68,0.1342,275/269/263/257,275.0,269.0,263.0,257.0,6.0,2.05,0.23,1223.03,244.77,16.17,-1117.77,-4037.67,-6957.57,24500.0,2702.23,240.7,hold,expired,2018-12-21,-407.22,-1079.36,240.7,
2018-09-21,2018-12-21,91,291.99,11.68,0.1342,275/269/263/257,275.0,269.0,263.0,257.0,6.0,2.05,0.23,1223.03,244.77,16.17,-1117.77,-4037.67,-6957.57,24500.0,2702.23,240.7,stop_touch,expired,2018-12-21,-407.22,-1079.36,240.7,
2018-09-21,2018-12-21,91,291.99,11.68,0.1342,275/269/263/257,275.0,269.0,263.0,257.0,6.0,2.05,0.23,1223.03,244.77,16.17,-1117.77,-4037.67,-6957.57,24500.0,2702.23,240.7,stop_close,expired,2018-12-21,-407.22,-1079.36,240.7,
2018-09-28,2018-12-21,84,290.72,12.12,0.1369,274/268/262/256,274.0,268.0,262.0,256.0,6.0,2.06,0.183,1218.26,243.82,16.13,-1124.14,-4031.34,-6938.54,24400.0,2690.23,240.7,hold,expired,2018-12-21,-311.99,-830.55,240.7,
2018-09-28,2018-12-21,84,290.72,12.12,0.1369,274/268/262/256,274.0,268.0,262.0,256.0,6.0,2.06,0.183,1218.26,243.82,16.13,-1124.14,-4031.34,-6938.54,24400.0,2690.23,240.7,stop_touch,expired,2018-12-21,-311.99,-830.55,240.7,
2018-09-28,2018-12-21,84,290.72,12.12,0.1369,274/268/262/256,274.0,268.0,262.0,256.0,6.0,2.06,0.183,1218.26,243.82,16.13,-1124.14,-4031.34,-6938.54,24400.0,2690.23,240.7,stop_close,expired,2018-12-21,-311.99,-830.55,240.7,
2018-10-05,2018-12-21,77,287.82,14.82,0.153,270/264/258/251,269.0,263.0,257.0,251.0,6.0,2.08,0.293,1229.26,238.71,17.06,-845.14,-3723.34,-6601.54,23900.0,2636.55,240.7,hold,expired,2018-12-21,199.01,535.11,240.7,
2018-10-05,2018-12-21,77,287.82,14.82,0.153,270/264/258/251,269.0,263.0,257.0,251.0,6.0,2.08,0.293,1229.26,238.71,17.06,-845.14,-3723.34,-6601.54,23900.0,2636.55,240.7,stop_touch,expired,2018-12-21,199.01,535.11,240.7,
2018-10-05,2018-12-21,77,287.82,14.82,0.153,270/264/258/251,269.0,263.0,257.0,251.0,6.0,2.08,0.293,1229.26,238.71,17.06,-845.14,-3723.34,-6601.54,23900.0,2636.55,240.7,stop_close,expired,2018-12-21,199.01,535.11,240.7,
2018-10-12,2019-01-18,98,275.95,21.31,0.1918,253/245/237/229,253.0,245.0,237.0,229.0,8.0,2.9,0.311,1631.13,212.69,22.92,807.13,-1952.37,-4711.87,21300.0,2474.39,266.46,hold,expired,2019-01-18,30.88,86.6,266.46,
2018-10-12,2019-01-18,98,275.95,21.31,0.1918,253/245/237/229,253.0,245.0,237.0,229.0,8.0,2.9,0.311,1631.13,212.69,22.92,807.13,-1952.37,-4711.87,21300.0,2474.39,266.46,stop_touch,expired,2019-01-18,30.88,86.6,266.46,
2018-10-12,2019-01-18,98,275.95,21.31,0.1918,253/245/237/229,253.0,245.0,237.0,229.0,8.0,2.9,0.311,1631.13,212.69,22.92,807.13,-1952.37,-4711.87,21300.0,2474.39,266.46,stop_close,expired,2019-01-18,30.88,86.6,266.46,
2018-10-19,2019-01-18,91,276.25,19.89,0.1833,255/247/240/233,254.0,247.0,240.0,233.0,7.0,2.53,0.445,1444.51,218.55,20.89,244.51,-2517.99,-5280.49,21900.0,2488.06,266.46,hold,expired,2019-01-18,44.26,123.99,266.46,
2018-10-19,2019-01-18,91,276.25,19.89,0.1833,255/247/240/233,254.0,247.0,240.0,233.0,7.0,2.53,0.445,1444.51,218.55,20.89,244.51,-2517.99,-5280.49,21900.0,2488.06,266.46,stop_touch,expired,2019-01-18,44.26,123.99,266.46,
2018-10-19,2019-01-18,91,276.25,19.89,0.1833,255/247/240/233,254.0,247.0,240.0,233.0,7.0,2.53,0.445,1444.51,218.55,20.89,244.51,-2517.99,-5280.49,21900.0,2488.06,266.46,stop_close,expired,2019-01-18,44.26,123.99,266.46,
2018-10-26,2019-01-18,84,265.33,24.16,0.2089,243/235/228/220,244.0,236.0,228.0,220.0,8.0,3.02,0.209,1620.9,203.79,23.19,847.3,-1806.0,-4459.3,20400.0,2389.2,266.46,hold,expired,2019-01-18,20.65,60.23,266.46,
2018-10-26,2019-01-18,84,265.33,24.16,0.2089,243/235/228/220,244.0,236.0,228.0,220.0,8.0,3.02,0.209,1620.9,203.79,23.19,847.3,-1806.0,-4459.3,20400.0,2389.2,266.46,stop_touch,expired,2019-01-18,20.65,60.23,266.46,
2018-10-26,2019-01-18,84,265.33,24.16,0.2089,243/235/228/220,244.0,236.0,228.0,220.0,8.0,3.02,0.209,1620.9,203.79,23.19,847.3,-1806.0,-4459.3,20400.0,2389.2,266.46,stop_close,expired,2019-01-18,20.65,60.23,266.46,
2018-11-02,2019-01-18,77,271.89,19.51,0.1811,253/246/239/232,253.0,246.0,239.0,232.0,7.0,2.57,0.182,1418.2,217.82,19.89,-30.6,-2749.5,-5468.4,21800.0,2478.71,266.46,hold,expired,2019-01-18,17.95,51.09,266.46,
2018-11-02,2019-01-18,77,271.89,19.51,0.1811,253/246/239/232,253.0,246.0,239.0,232.0,7.0,2.57,0.182,1418.2,217.82,19.89,-30.6,-2749.5,-5468.4,21800.0,2478.71,266.46,stop_touch,expired,2019-01-18,17.95,51.09,266.46,
2018-11-02,2019-01-18,77,271.89,19.51,0.1811,253/246/239/232,253.0,246.0,239.0,232.0,7.0,2.57,0.182,1418.2,217.82,19.89,-30.6,-2749.5,-5468.4,21800.0,2478.71,266.46,stop_close,expired,2019-01-18,17.95,51.09,266.46,
2018-11-09,2019-02-15,98,277.76,17.36,0.1682,257/250/243/236,257.0,250.0,243.0,236.0,7.0,2.52,0.344,1434.44,221.66,20.2,55.24,-2722.36,-5499.96,22200.0,2518.77,277.37,hold,expired,2019-02-15,34.19,95.26,277.37,
2018-11-09,2019-02-15,98,277.76,17.36,0.1682,257/250/243/236,257.0,250.0,243.0,236.0,7.0,2.52,0.344,1434.44,221.66,20.2,55.24,-2722.36,-5499.96,22200.0,2518.77,277.37,stop_touch,expired,2019-02-15,34.19,95.26,277.37,
2018-11-09,2019-02-15,98,277.76,17.36,0.1682,257/250/243/236,257.0,250.0,243.0,236.0,7.0,2.52,0.344,1434.44,221.66,20.2,55.24,-2722.36,-5499.96,22200.0,2518.77,277.37,stop_close,expired,2019-02-15,34.19,95.26,277.37,
2018-11-16,2019-02-15,91,273.73,18.14,0.1729,254/247/240/232,253.0,246.0,239.0,232.0,7.0,2.56,0.283,1428.3,217.72,20.46,126.7,-2610.6,-5347.9,21800.0,2474.59,277.37,hold,expired,2019-02-15,28.05,79.3,277.37,
2018-11-16,2019-02-15,91,273.73,18.14,0.1729,254/247/240/232,253.0,246.0,239.0,232.0,7.0,2.56,0.283,1428.3,217.72,20.46,126.7,-2610.6,-5347.9,21800.0,2474.59,277.37,stop_touch,expired,2019-02-15,28.05,79.3,277.37,
2018-11-16,2019-02-15,91,273.73,18.14,0.1729,254/247/240/232,253.0,246.0,239.0,232.0,7.0,2.56,0.283,1428.3,217.72,20.46,126.7,-2610.6,-5347.9,21800.0,2474.59,277.37,stop_close,expired,2019-02-15,28.05,79.3,277.37,
2018-11-23,2019-02-15,84,263.25,21.52,0.1931,243/235/228/221,242.0,235.0,228.0,221.0,7.0,2.66,0.337,1433.74,206.66,21.5,393.74,-2238.76,-4871.26,20700.0,2367.74,277.37,hold,expired,2019-02-15,33.49,98.45,277.37,
2018-11-23,2019-02-15,84,263.25,21.52,0.1931,243/235/228/221,242.0,235.0,228.0,221.0,7.0,2.66,0.337,1433.74,206.66,21.5,393.74,-2238.76,-4871.26,20700.0,2367.74,277.37,stop_touch,expired,2019-02-15,33.49,98.45,277.37,
2018-11-23,2019-02-15,84,263.25,21.52,0.1931,243/235/228/221,242.0,235.0,228.0,221.0,7.0,2.66,0.337,1433.74,206.66,21.5,393.74,-2238.76,-4871.26,20700.0,2367.74,277.37,stop_close,expired,2019-02-15,33.49,98.45,277.37,
2018-11-30,2019-02-15,77,275.65,18.07,0.1725,257/250/244/237,258.0,251.0,244.0,237.0,7.0,2.54,0.109,1410.85,222.89,19.14,-237.15,-2993.65,-5750.15,22300.0,2530.63,277.37,hold,expired,2019-02-15,10.6,29.77,277.37,
2018-11-30,2019-02-15,77,275.65,18.07,0.1725,257/250/244/237,258.0,251.0,244.0,237.0,7.0,2.54,0.109,1410.85,222.89,19.14,-237.15,-2993.65,-5750.15,22300.0,2530.63,277.37,stop_touch,expired,2019-02-15,10.6,29.77,277.37,
2018-11-30,2019-02-15,77,275.65,18.07,0.1725,257/250/244/237,258.0,251.0,244.0,237.0,7.0,2.54,0.109,1410.85,222.89,19.14,-237.15,-2993.65,-5750.15,22300.0,2530.63,277.37,stop_close,expired,2019-02-15,10.6,29.77,277.37,
2018-12-07,2019-03-15,98,263.57,23.23,0.2033,241/233/225/217,241.0,233.0,225.0,217.0,8.0,3.04,0.316,1631.6,200.68,23.86,1017.2,-1618.5,-4254.2,20100.0,2360.15,281.31,hold,expired,2019-03-15,31.35,92.05,281.31,
2018-12-07,2019-03-15,98,263.57,23.23,0.2033,241/233/225/217,241.0,233.0,225.0,217.0,8.0,3.04,0.316,1631.6,200.68,23.86,1017.2,-1618.5,-4254.2,20100.0,2360.15,281.31,stop_touch,expired,2019-03-15,31.35,92.05,281.31,
2018-12-07,2019-03-15,98,263.57,23.23,0.2033,241/233/225/217,241.0,233.0,225.0,217.0,8.0,3.04,0.316,1631.6,200.68,23.86,1017.2,-1618.5,-4254.2,20100.0,2360.15,281.31,stop_close,expired,2019-03-15,31.35,92.05,281.31,
2018-12-14,2019-03-15,91,260.47,21.63,0.1937,240/232/225/217,241.0,233.0,225.0,217.0,8.0,3.07,0.064,1606.4,200.94,22.86,744.0,-1860.7,-4465.4,20100.0,2360.7,281.31,hold,expired,2019-03-15,6.15,18.27,281.31,
2018-12-14,2019-03-15,91,260.47,21.63,0.1937,240/232/225/217,241.0,233.0,225.0,217.0,8.0,3.07,0.064,1606.4,200.94,22.86,744.0,-1860.7,-4465.4,20100.0,2360.7,281.31,stop_touch,expired,2019-03-15,6.15,18.27,281.31,
2018-12-14,2019-03-15,91,260.47,21.63,0.1937,240/232/225/217,241.0,233.0,225.0,217.0,8.0,3.07,0.064,1606.4,200.94,22.86,744.0,-1860.7,-4465.4,20100.0,2360.7,281.31,stop_close,expired,2019-03-15,6.15,18.27,281.31,
2018-12-21,2019-03-15,84,240.7,30.11,0.2445,218/210/202/194,218.0,210.0,202.0,194.0,8.0,3.32,0.151,1615.07,177.85,26.11,1471.07,-935.93,-3342.93,17800.0,2149.34,281.31,hold,expired,2019-03-15,14.82,47.64,281.31,
2018-12-21,2019-03-15,84,240.7,30.11,0.2445,218/210/202/194,218.0,210.0,202.0,194.0,8.0,3.32,0.151,1615.07,177.85,26.11,1471.07,-935.93,-3342.93,17800.0,2149.34,281.31,stop_touch,expired,2019-03-15,14.82,47.64,281.31,
2018-12-21,2019-03-15,84,240.7,30.11,0.2445,218/210/202/194,218.0,210.0,202.0,194.0,8.0,3.32,0.151,1615.07,177.85,26.11,1471.07,-935.93,-3342.93,17800.0,2149.34,281.31,stop_close,expired,2019-03-15,14.82,47.64,281.31,
2018-12-28,2019-03-15,77,247.75,28.34,0.2339,226/218/210/203,227.0,219.0,211.0,203.0,8.0,3.23,0.169,1616.91,186.83,24.59,1136.91,-1340.59,-3818.09,18700.0,2224.45,281.31,hold,expired,2019-03-15,16.66,52.06,281.31,
2018-12-28,2019-03-15,77,247.75,28.34,0.2339,226/218/210/203,227.0,219.0,211.0,203.0,8.0,3.23,0.169,1616.91,186.83,24.59,1136.91,-1340.59,-3818.09,18700.0,2224.45,281.31,stop_touch,expired,2019-03-15,16.66,52.06,281.31,
2018-12-28,2019-03-15,77,247.75,28.34,0.2339,226/218/210/203,227.0,219.0,211.0,203.0,8.0,3.23,0.169,1616.91,186.83,24.59,1136.91,-1340.59,-3818.09,18700.0,2224.45,281.31,stop_close,expired,2019-03-15,16.66,52.06,281.31,
2019-01-04,2019-04-19,105,252.39,21.38,0.1923,231/223/216/208,232.0,224.0,216.0,208.0,8.0,3.17,0.125,1612.45,191.88,23.98,1003.65,-1520.25,-4044.15,19200.0,2270.27,290.02,hold,expired,2019-04-18,12.2,37.42,290.02,
2019-01-04,2019-04-19,105,252.39,21.38,0.1923,231/223/216/208,232.0,224.0,216.0,208.0,8.0,3.17,0.125,1612.45,191.88,23.98,1003.65,-1520.25,-4044.15,19200.0,2270.27,290.02,stop_touch,expired,2019-04-18,12.2,37.42,290.02,
2019-01-04,2019-04-19,105,252.39,21.38,0.1923,231/223/216/208,232.0,224.0,216.0,208.0,8.0,3.17,0.125,1612.45,191.88,23.98,1003.65,-1520.25,-4044.15,19200.0,2270.27,290.02,stop_close,expired,2019-04-18,12.2,37.42,290.02,
2019-01-11,2019-04-19,98,258.98,18.19,0.1732,240/233/226/219,240.0,233.0,226.0,219.0,7.0,2.7,0.218,1421.79,204.78,20.93,240.19,-2349.61,-4939.41,20500.0,2352.43,290.02,hold,expired,2019-04-18,21.54,64.38,290.02,
2019-01-11,2019-04-19,98,258.98,18.19,0.1732,240/233/226/219,240.0,233.0,226.0,219.0,7.0,2.7,0.218,1421.79,204.78,20.93,240.19,-2349.61,-4939.41,20500.0,2352.43,290.02,stop_touch,expired,2019-04-18,21.54,64.38,290.02,
2019-01-11,2019-04-19,98,258.98,18.19,0.1732,240/233/226/219,240.0,233.0,226.0,219.0,7.0,2.7,0.218,1421.79,204.78,20.93,240.19,-2349.61,-4939.41,20500.0,2352.43,290.02,stop_close,expired,2019-04-18,21.54,64.38,290.02,
2019-01-18,2019-04-19,91,266.46,17.8,0.1708,247/240/234/227,248.0,241.0,234.0,227.0,7.0,2.63,0.181,1418.08,212.82,20.13,34.88,-2629.72,-5294.32,21300.0,2431.73,290.02,hold,expired,2019-04-18,17.83,51.8,290.02,
2019-01-18,2019-04-19,91,266.46,17.8,0.1708,247/240/234/227,248.0,241.0,234.0,227.0,7.0,2.63,0.181,1418.08,212.82,20.13,34.88,-2629.72,-5294.32,21300.0,2431.73,290.02,stop_touch,expired,2019-04-18,17.83,51.8,290.02,
2019-01-18,2019-04-19,91,266.46,17.8,0.1708,247/240/234/227,248.0,241.0,234.0,227.0,7.0,2.63,0.181,1418.08,212.82,20.13,34.88,-2629.72,-5294.32,21300.0,2431.73,290.02,stop_close,expired,2019-04-18,17.83,51.8,290.02,
2019-01-25,2019-04-19,84,265.78,17.42,0.1686,248/241/234/228,249.0,242.0,235.0,228.0,7.0,2.63,0.056,1405.56,213.94,19.5,-132.04,-2789.84,-5447.64,21400.0,2443.34,290.02,hold,expired,2019-04-18,5.31,15.45,290.02,
2019-01-25,2019-04-19,84,265.78,17.42,0.1686,248/241/234/228,249.0,242.0,235.0,228.0,7.0,2.63,0.056,1405.56,213.94,19.5,-132.04,-2789.84,-5447.64,21400.0,2443.34,290.02,stop_touch,expired,2019-04-18,5.31,15.45,290.02,
2019-01-25,2019-04-19,84,265.78,17.42,0.1686,248/241/234/228,249.0,242.0,235.0,228.0,7.0,2.63,0.056,1405.56,213.94,19.5,-132.04,-2789.84,-5447.64,21400.0,2443.34,290.02,stop_close,expired,2019-04-18,5.31,15.45,290.02,
2019-02-01,2019-04-19,77,270.06,16.14,0.1609,253/247/241/234,252.0,246.0,240.0,234.0,6.0,2.22,0.247,1224.66,221.75,17.89,-570.54,-3271.14,-5971.74,22200.0,2468.75,290.02,hold,expired,2019-04-18,24.41,69.96,290.02,
2019-02-01,2019-04-19,77,270.06,16.14,0.1609,253/247/241/234,252.0,246.0,240.0,234.0,6.0,2.22,0.247,1224.66,221.75,17.89,-570.54,-3271.14,-5971.74,22200.0,2468.75,290.02,stop_touch,expired,2019-04-18,24.41,69.96,290.02,
2019-02-01,2019-04-19,77,270.06,16.14,0.1609,253/247/241/234,252.0,246.0,240.0,234.0,6.0,2.22,0.247,1224.66,221.75,17.89,-570.54,-3271.14,-5971.74,22200.0,2468.75,290.02,stop_close,expired,2019-04-18,24.41,69.96,290.02,
2019-02-08,2019-05-17,98,270.47,15.72,0.1584,252/245/238/232,253.0,246.0,239.0,232.0,7.0,2.59,0.131,1413.13,217.87,19.45,-149.27,-2853.97,-5558.67,21800.0,2483.86,285.84,hold,expired,2019-05-17,12.88,36.86,285.84,
2019-02-08,2019-05-17,98,270.47,15.72,0.1584,252/245/238/232,253.0,246.0,239.0,232.0,7.0,2.59,0.131,1413.13,217.87,19.45,-149.27,-2853.97,-5558.67,21800.0,2483.86,285.84,stop_touch,expired,2019-05-17,12.88,36.86,285.84,
2019-02-08,2019-05-17,98,270.47,15.72,0.1584,252/245/238/232,253.0,246.0,239.0,232.0,7.0,2.59,0.131,1413.13,217.87,19.45,-149.27,-2853.97,-5558.67,21800.0,2483.86,285.84,stop_close,expired,2019-05-17,12.88,36.86,285.84,
2019-02-15,2019-05-17,91,277.37,14.91,0.1536,259/253/246/240,258.0,252.0,246.0,240.0,6.0,2.16,0.38,1237.95,227.62,17.94,-572.45,-3346.15,-6119.85,22800.0,2530.46,285.84,hold,expired,2019-05-17,37.7,105.21,285.84,
2019-02-15,2019-05-17,91,277.37,14.91,0.1536,259/253/246/240,258.0,252.0,246.0,240.0,6.0,2.16,0.38,1237.95,227.62,17.94,-572.45,-3346.15,-6119.85,22800.0,2530.46,285.84,stop_touch,expired,2019-05-17,37.7,105.21,285.84,
2019-02-15,2019-05-17,91,277.37,14.91,0.1536,259/253/246/240,258.0,252.0,246.0,240.0,6.0,2.16,0.38,1237.95,227.62,17.94,-572.45,-3346.15,-6119.85,22800.0,2530.46,285.84,stop_close,expired,2019-05-17,37.7,105.21,285.84,
2019-02-22,2019-05-17,84,279.14,13.51,0.1452,262/256/250/244,262.0,256.0,250.0,244.0,6.0,2.15,0.205,1220.51,231.79,16.96,-848.29,-3639.69,-6431.09,23200.0,2569.94,285.84,hold,expired,2019-05-17,20.26,56.16,285.84,
2019-02-22,2019-05-17,84,279.14,13.51,0.1452,262/256/250/244,262.0,256.0,250.0,244.0,6.0,2.15,0.205,1220.51,231.79,16.96,-848.29,-3639.69,-6431.09,23200.0,2569.94,285.84,stop_touch,expired,2019-05-17,20.26,56.16,285.84,
2019-02-22,2019-05-17,84,279.14,13.51,0.1452,262/256/250/244,262.0,256.0,250.0,244.0,6.0,2.15,0.205,1220.51,231.79,16.96,-848.29,-3639.69,-6431.09,23200.0,2569.94,285.84,stop_close,expired,2019-05-17,20.26,56.16,285.84,
2019-03-01,2019-05-17,77,280.42,13.57,0.1455,264/258/252/247,265.0,259.0,253.0,247.0,6.0,2.14,0.132,1213.22,234.87,16.24,-1053.18,-3857.38,-6661.58,23500.0,2605.72,285.84,hold,expired,2019-05-17,12.97,35.8,285.84,
2019-03-01,2019-05-17,77,280.42,13.57,0.1455,264/258/252/247,265.0,259.0,253.0,247.0,6.0,2.14,0.132,1213.22,234.87,16.24,-1053.18,-3857.38,-6661.58,23500.0,2605.72,285.84,stop_touch,expired,2019-05-17,12.97,35.8,285.84,
2019-03-01,2019-05-17,77,280.42,13.57,0.1455,264/258/252/247,265.0,259.0,253.0,247.0,6.0,2.14,0.132,1213.22,234.87,16.24,-1053.18,-3857.38,-6661.58,23500.0,2605.72,285.84,stop_close,expired,2019-05-17,12.97,35.8,285.84,
2019-03-08,2019-06-21,105,274.46,16.05,0.1604,255/247/240/233,254.0,247.0,240.0,233.0,7.0,2.55,0.28,1427.95,218.72,20.31,84.75,-2659.85,-5404.45,21900.0,2485.0,294.0,hold,expired,2019-06-21,27.7,78.11,294.0,
2019-03-08,2019-06-21,105,274.46,16.05,0.1604,255/247/240/233,254.0,247.0,240.0,233.0,7.0,2.55,0.28,1427.95,218.72,20.31,84.75,-2659.85,-5404.45,21900.0,2485.0,294.0,stop_touch,expired,2019-06-21,27.7,78.11,294.0,
2019-03-08,2019-06-21,105,274.46,16.05,0.1604,255/247/240/233,254.0,247.0,240.0,233.0,7.0,2.55,0.28,1427.95,218.72,20.31,84.75,-2659.85,-5404.45,21900.0,2485.0,294.0,stop_close,expired,2019-06-21,27.7,78.11,294.0,
2019-03-15,2019-06-21,98,281.31,12.88,0.1414,264/257/251/245,263.0,257.0,251.0,245.0,6.0,2.13,0.321,1232.06,232.68,17.29,-763.14,-3576.24,-6389.34,23300.0,2581.51,294.0,hold,expired,2019-06-21,31.81,87.51,294.0,
2019-03-15,2019-06-21,98,281.31,12.88,0.1414,264/257/251/245,263.0,257.0,251.0,245.0,6.0,2.13,0.321,1232.06,232.68,17.29,-763.14,-3576.24,-6389.34,23300.0,2581.51,294.0,stop_touch,expired,2019-06-21,31.81,87.51,294.0,
2019-03-15,2019-06-21,98,281.31,12.88,0.1414,264/257/251/245,263.0,257.0,251.0,245.0,6.0,2.13,0.321,1232.06,232.68,17.29,-763.14,-3576.24,-6389.34,23300.0,2581.51,294.0,stop_close,expired,2019-06-21,31.81,87.51,294.0,
2019-03-22,2019-06-21,91,279.25,16.48,0.163,260/253/246/239,260.0,253.0,246.0,239.0,7.0,2.51,0.202,1420.22,224.8,19.5,-139.78,-2932.28,-5724.78,22500.0,2545.93,294.0,hold,expired,2019-06-21,19.97,55.34,294.0,
2019-03-22,2019-06-21,91,279.25,16.48,0.163,260/253/246/239,260.0,253.0,246.0,239.0,7.0,2.51,0.202,1420.22,224.8,19.5,-139.78,-2932.28,-5724.78,22500.0,2545.93,294.0,stop_touch,expired,2019-06-21,19.97,55.34,294.0,
2019-03-22,2019-06-21,91,279.25,16.48,0.163,260/253/246/239,260.0,253.0,246.0,239.0,7.0,2.51,0.202,1420.22,224.8,19.5,-139.78,-2932.28,-5724.78,22500.0,2545.93,294.0,stop_close,expired,2019-06-21,19.97,55.34,294.0,
2019-03-29,2019-06-21,84,282.48,13.71,0.1464,265/259/253/247,265.0,259.0,253.0,247.0,6.0,2.12,0.247,1224.66,234.75,16.9,-876.94,-3701.74,-6526.54,23500.0,2600.9,294.0,hold,expired,2019-06-21,24.41,66.89,294.0,
2019-03-29,2019-06-21,84,282.48,13.71,0.1464,265/259/253/247,265.0,259.0,253.0,247.0,6.0,2.12,0.247,1224.66,234.75,16.9,-876.94,-3701.74,-6526.54,23500.0,2600.9,294.0,stop_touch,expired,2019-06-21,24.41,66.89,294.0,
2019-03-29,2019-06-21,84,282.48,13.71,0.1464,265/259/253/247,265.0,259.0,253.0,247.0,6.0,2.12,0.247,1224.66,234.75,16.9,-876.94,-3701.74,-6526.54,23500.0,2600.9,294.0,stop_close,expired,2019-06-21,24.41,66.89,294.0,
2019-04-05,2019-06-21,77,288.57,12.82,0.1411,272/266/261/255,273.0,267.0,261.0,255.0,6.0,2.08,0.136,1213.61,242.86,15.84,-1200.79,-4086.49,-6972.19,24300.0,2684.11,294.0,hold,expired,2019-06-21,13.36,35.83,294.0,
2019-04-05,2019-06-21,77,288.57,12.82,0.1411,272/266/261/255,273.0,267.0,261.0,255.0,6.0,2.08,0.136,1213.61,242.86,15.84,-1200.79,-4086.49,-6972.19,24300.0,2684.11,294.0,stop_touch,expired,2019-06-21,13.36,35.83,294.0,
2019-04-05,2019-06-21,77,288.57,12.82,0.1411,272/266/261/255,273.0,267.0,261.0,255.0,6.0,2.08,0.136,1213.61,242.86,15.84,-1200.79,-4086.49,-6972.19,24300.0,2684.11,294.0,stop_close,expired,2019-06-21,13.36,35.83,294.0,
2019-04-12,2019-07-19,98,290.16,12.01,0.1362,273/266/260/254,272.0,266.0,260.0,254.0,6.0,2.07,0.317,1231.66,241.68,16.71,-955.54,-3857.14,-6758.74,24200.0,2671.19,297.17,hold,expired,2019-07-19,31.41,83.77,297.17,
2019-04-12,2019-07-19,98,290.16,12.01,0.1362,273/266/260/254,272.0,266.0,260.0,254.0,6.0,2.07,0.317,1231.66,241.68,16.71,-955.54,-3857.14,-6758.74,24200.0,2671.19,297.17,stop_touch,expired,2019-07-19,31.41,83.77,297.17,
2019-04-12,2019-07-19,98,290.16,12.01,0.1362,273/266/260/254,272.0,266.0,260.0,254.0,6.0,2.07,0.317,1231.66,241.68,16.71,-955.54,-3857.14,-6758.74,24200.0,2671.19,297.17,stop_close,expired,2019-07-19,31.41,83.77,297.17,
2019-04-18,2019-07-19,92,290.02,12.09,0.1367,273/267/261/254,272.0,266.0,260.0,254.0,6.0,2.07,0.261,1226.05,241.74,16.65,-972.35,-3872.55,-6772.75,24200.0,2667.73,297.17,hold,expired,2019-07-19,25.8,68.85,297.17,
2019-04-18,2019-07-19,92,290.02,12.09,0.1367,273/267/261/254,272.0,266.0,260.0,254.0,6.0,2.07,0.261,1226.05,241.74,16.65,-972.35,-3872.55,-6772.75,24200.0,2667.73,297.17,stop_touch,expired,2019-07-19,25.8,68.85,297.17,
2019-04-18,2019-07-19,92,290.02,12.09,0.1367,273/267/261/254,272.0,266.0,260.0,254.0,6.0,2.07,0.261,1226.05,241.74,16.65,-972.35,-3872.55,-6772.75,24200.0,2667.73,297.17,stop_close,expired,2019-07-19,25.8,68.85,297.17,
2019-04-26,2019-07-19,84,293.41,12.73,0.1405,276/270/264/258,276.0,270.0,264.0,258.0,6.0,2.04,0.251,1225.14,245.75,16.24,-1102.06,-4036.16,-6970.26,24600.0,2710.67,297.17,hold,expired,2019-07-19,24.89,65.66,297.17,
2019-04-26,2019-07-19,84,293.41,12.73,0.1405,276/270/264/258,276.0,270.0,264.0,258.0,6.0,2.04,0.251,1225.14,245.75,16.24,-1102.06,-4036.16,-6970.26,24600.0,2710.67,297.17,stop_touch,expired,2019-07-19,24.89,65.66,297.17,
2019-04-26,2019-07-19,84,293.41,12.73,0.1405,276/270/264/258,276.0,270.0,264.0,258.0,6.0,2.04,0.251,1225.14,245.75,16.24,-1102.06,-4036.16,-6970.26,24600.0,2710.67,297.17,stop_close,expired,2019-07-19,24.89,65.66,297.17,
2019-05-03,2019-07-19,77,294.03,12.87,0.1414,278/271/265/259,277.0,271.0,265.0,259.0,6.0,2.04,0.186,1218.62,246.81,16.06,-1158.98,-4099.28,-7039.58,24700.0,2717.72,297.17,hold,expired,2019-07-19,18.37,48.36,297.17,
2019-05-03,2019-07-19,77,294.03,12.87,0.1414,278/271/265/259,277.0,271.0,265.0,259.0,6.0,2.04,0.186,1218.62,246.81,16.06,-1158.98,-4099.28,-7039.58,24700.0,2717.72,297.17,stop_touch,expired,2019-07-19,18.37,48.36,297.17,
2019-05-03,2019-07-19,77,294.03,12.87,0.1414,278/271/265/259,277.0,271.0,265.0,259.0,6.0,2.04,0.186,1218.62,246.81,16.06,-1158.98,-4099.28,-7039.58,24700.0,2717.72,297.17,stop_close,expired,2019-07-19,18.37,48.36,297.17,
2019-05-10,2019-08-16,98,288.1,16.04,0.1603,268/261/253/246,267.0,260.0,253.0,246.0,7.0,2.43,0.33,1433.05,231.67,19.59,-118.95,-2999.95,-5880.95,23200.0,2613.4,288.85,hold,expired,2019-08-16,32.8,88.11,288.85,
2019-05-10,2019-08-16,98,288.1,16.04,0.1603,268/261/253/246,267.0,260.0,253.0,246.0,7.0,2.43,0.33,1433.05,231.67,19.59,-118.95,-2999.95,-5880.95,23200.0,2613.4,288.85,stop_touch,expired,2019-08-16,32.8,88.11,288.85,
2019-05-10,2019-08-16,98,288.1,16.04,0.1603,268/261/253/246,267.0,260.0,253.0,246.0,7.0,2.43,0.33,1433.05,231.67,19.59,-118.95,-2999.95,-5880.95,23200.0,2613.4,288.85,stop_close,expired,2019-08-16,32.8,88.11,288.85,
2019-05-17,2019-08-16,91,285.84,15.96,0.1598,267/259/253/246,267.0,260.0,253.0,246.0,7.0,2.45,0.218,1421.77,231.78,18.91,-311.03,-3169.43,-6027.83,23200.0,2619.26,288.85,hold,expired,2019-08-16,21.52,58.27,288.85,
2019-05-17,2019-08-16,91,285.84,15.96,0.1598,267/259/253/246,267.0,260.0,253.0,246.0,7.0,2.45,0.218,1421.77,231.78,18.91,-311.03,-3169.43,-6027.83,23200.0,2619.26,288.85,stop_touch,expired,2019-08-16,21.52,58.27,288.85,
2019-05-17,2019-08-16,91,285.84,15.96,0.1598,267/259/253/246,267.0,260.0,253.0,246.0,7.0,2.45,0.218,1421.77,231.78,18.91,-311.03,-3169.43,-6027.83,23200.0,2619.26,288.85,stop_close,expired,2019-08-16,21.52,58.27,288.85,
2019-05-24,2019-08-16,84,282.78,15.85,0.1592,264/258/251/244,265.0,258.0,251.0,244.0,7.0,2.48,0.097,1409.68,229.9,18.7,-367.92,-3195.72,-6023.52,23000.0,2596.55,288.85,hold,expired,2019-08-16,9.43,25.81,288.85,
2019-05-24,2019-08-16,84,282.78,15.85,0.1592,264/258/251/244,265.0,258.0,251.0,244.0,7.0,2.48,0.097,1409.68,229.9,18.7,-367.92,-3195.72,-6023.52,23000.0,2596.55,288.85,stop_touch,expired,2019-08-16,9.43,25.81,288.85,
2019-05-24,2019-08-16,84,282.78,15.85,0.1592,264/258/251/244,265.0,258.0,251.0,244.0,7.0,2.48,0.097,1409.68,229.9,18.7,-367.92,-3195.72,-6023.52,23000.0,2596.55,288.85,stop_close,expired,2019-08-16,9.43,25.81,288.85,
2019-05-31,2019-08-16,77,275.27,18.71,0.1763,256/250/243/236,257.0,250.0,243.0,236.0,7.0,2.54,0.153,1415.27,221.85,19.41,-163.13,-2915.83,-5668.53,22200.0,2519.51,288.85,hold,expired,2019-08-16,15.02,42.24,288.85,
2019-05-31,2019-08-16,77,275.27,18.71,0.1763,256/250/243/236,257.0,250.0,243.0,236.0,7.0,2.54,0.153,1415.27,221.85,19.41,-163.13,-2915.83,-5668.53,22200.0,2519.51,288.85,stop_touch,expired,2019-08-16,15.02,42.24,288.85,
2019-05-31,2019-08-16,77,275.27,18.71,0.1763,256/250/243/236,257.0,250.0,243.0,236.0,7.0,2.54,0.153,1415.27,221.85,19.41,-163.13,-2915.83,-5668.53,22200.0,2519.51,288.85,stop_close,expired,2019-08-16,15.02,42.24,288.85,
2019-06-07,2019-09-20,105,287.65,16.3,0.1619,267/259/252/244,268.0,260.0,252.0,244.0,8.0,2.78,0.094,1609.39,227.91,20.77,221.39,-2655.11,-5531.61,22800.0,2625.12,298.28,hold,expired,2019-09-20,9.14,24.58,298.28,
2019-06-07,2019-09-20,105,287.65,16.3,0.1619,267/259/252/244,268.0,260.0,252.0,244.0,8.0,2.78,0.094,1609.39,227.91,20.77,221.39,-2655.11,-5531.61,22800.0,2625.12,298.28,stop_touch,expired,2019-09-20,9.14,24.58,298.28,
2019-06-07,2019-09-20,105,287.65,16.3,0.1619,267/259/252/244,268.0,260.0,252.0,244.0,8.0,2.78,0.094,1609.39,227.91,20.77,221.39,-2655.11,-5531.61,22800.0,2625.12,298.28,stop_close,expired,2019-09-20,9.14,24.58,298.28,
2019-06-14,2019-09-20,98,289.26,15.28,0.1558,270/262/255/248,269.0,262.0,255.0,248.0,7.0,2.42,0.276,1427.62,233.72,19.2,-231.58,-3124.18,-6016.78,23400.0,2633.99,298.28,hold,expired,2019-09-20,27.37,73.24,298.28,
2019-06-14,2019-09-20,98,289.26,15.28,0.1558,270/262/255/248,269.0,262.0,255.0,248.0,7.0,2.42,0.276,1427.62,233.72,19.2,-231.58,-3124.18,-6016.78,23400.0,2633.99,298.28,stop_touch,expired,2019-09-20,27.37,73.24,298.28,
2019-06-14,2019-09-20,98,289.26,15.28,0.1558,270/262/255/248,269.0,262.0,255.0,248.0,7.0,2.42,0.276,1427.62,233.72,19.2,-231.58,-3124.18,-6016.78,23400.0,2633.99,298.28,stop_close,expired,2019-09-20,27.37,73.24,298.28,
2019-06-21,2019-09-20,91,294.0,15.4,0.1565,275/267/260/253,274.0,267.0,260.0,253.0,7.0,2.38,0.247,1424.73,238.75,18.79,-355.27,-3295.27,-6235.27,23900.0,2682.73,298.28,hold,expired,2019-09-20,24.48,64.44,298.28,
2019-06-21,2019-09-20,91,294.0,15.4,0.1565,275/267/260/253,274.0,267.0,260.0,253.0,7.0,2.38,0.247,1424.73,238.75,18.79,-355.27,-3295.27,-6235.27,23900.0,2682.73,298.28,stop_touch,expired,2019-09-20,24.48,64.44,298.28,
2019-06-21,2019-09-20,91,294.0,15.4,0.1565,275/267/260/253,274.0,267.0,260.0,253.0,7.0,2.38,0.247,1424.73,238.75,18.79,-355.27,-3295.27,-6235.27,23900.0,2682.73,298.28,stop_close,expired,2019-09-20,24.48,64.44,298.28,
2019-06-28,2019-09-20,84,293.0,15.08,0.1546,274/268/261/254,275.0,268.0,261.0,254.0,7.0,2.39,0.123,1412.25,239.88,18.13,-547.75,-3477.75,-6407.75,24000.0,2695.91,298.28,hold,expired,2019-09-20,12.0,31.7,298.28,
2019-06-28,2019-09-20,84,293.0,15.08,0.1546,274/268/261/254,275.0,268.0,261.0,254.0,7.0,2.39,0.123,1412.25,239.88,18.13,-547.75,-3477.75,-6407.75,24000.0,2695.91,298.28,stop_touch,expired,2019-09-20,12.0,31.7,298.28,
2019-06-28,2019-09-20,84,293.0,15.08,0.1546,274/268/261/254,275.0,268.0,261.0,254.0,7.0,2.39,0.123,1412.25,239.88,18.13,-547.75,-3477.75,-6407.75,24000.0,2695.91,298.28,stop_close,expired,2019-09-20,12.0,31.7,298.28,
2019-07-05,2019-09-20,77,298.46,13.28,0.1438,281/275/269/263,281.0,275.0,269.0,263.0,6.0,2.01,0.25,1225.03,250.75,15.99,-1198.17,-4182.77,-7167.37,25100.0,2759.96,298.28,hold,expired,2019-09-20,24.78,64.26,298.28,
2019-07-05,2019-09-20,77,298.46,13.28,0.1438,281/275/269/263,281.0,275.0,269.0,263.0,6.0,2.01,0.25,1225.03,250.75,15.99,-1198.17,-4182.77,-7167.37,25100.0,2759.96,298.28,stop_touch,expired,2019-09-20,24.78,64.26,298.28,
2019-07-05,2019-09-20,77,298.46,13.28,0.1438,281/275/269/263,281.0,275.0,269.0,263.0,6.0,2.01,0.25,1225.03,250.75,15.99,-1198.17,-4182.77,-7167.37,25100.0,2759.96,298.28,stop_close,expired,2019-09-20,24.78,64.26,298.28,
2019-07-12,2019-10-18,98,300.65,12.39,0.1385,282/275/269/262,283.0,276.0,269.0,262.0,7.0,2.33,0.114,1411.37,247.89,17.55,-736.63,-3743.13,-6749.63,24800.0,2776.37,297.97,hold,expired,2019-10-18,11.12,28.64,297.97,
2019-07-12,2019-10-18,98,300.65,12.39,0.1385,282/275/269/262,283.0,276.0,269.0,262.0,7.0,2.33,0.114,1411.37,247.89,17.55,-736.63,-3743.13,-6749.63,24800.0,2776.37,297.97,stop_touch,expired,2019-10-18,11.12,28.64,297.97,
2019-07-12,2019-10-18,98,300.65,12.39,0.1385,282/275/269/262,283.0,276.0,269.0,262.0,7.0,2.33,0.114,1411.37,247.89,17.55,-736.63,-3743.13,-6749.63,24800.0,2776.37,297.97,stop_close,expired,2019-10-18,11.12,28.64,297.97,
2019-07-19,2019-10-18,91,297.17,14.45,0.1508,278/271/264/257,278.0,271.0,264.0,257.0,7.0,2.36,0.193,1419.33,242.81,18.29,-507.07,-3478.77,-6450.47,24300.0,2723.16,297.97,hold,expired,2019-10-18,19.08,49.68,297.97,
2019-07-19,2019-10-18,91,297.17,14.45,0.1508,278/271/264/257,278.0,271.0,264.0,257.0,7.0,2.36,0.193,1419.33,242.81,18.29,-507.07,-3478.77,-6450.47,24300.0,2723.16,297.97,stop_touch,expired,2019-10-18,19.08,49.68,297.97,
2019-07-19,2019-10-18,91,297.17,14.45,0.1508,278/271/264/257,278.0,271.0,264.0,257.0,7.0,2.36,0.193,1419.33,242.81,18.29,-507.07,-3478.77,-6450.47,24300.0,2723.16,297.97,stop_close,expired,2019-10-18,19.08,49.68,297.97,
2019-07-26,2019-10-18,84,302.01,12.16,0.1371,285/279/272/266,284.0,278.0,272.0,266.0,6.0,1.99,0.268,1226.83,253.73,15.99,-1212.37,-4232.47,-7252.57,25400.0,2787.5,297.97,hold,expired,2019-10-18,26.58,68.11,297.97,
2019-07-26,2019-10-18,84,302.01,12.16,0.1371,285/279/272/266,284.0,278.0,272.0,266.0,6.0,1.99,0.268,1226.83,253.73,15.99,-1212.37,-4232.47,-7252.57,25400.0,2787.5,297.97,stop_touch,expired,2019-10-18,26.58,68.11,297.97,
2019-07-26,2019-10-18,84,302.01,12.16,0.1371,285/279/272/266,284.0,278.0,272.0,266.0,6.0,1.99,0.268,1226.83,253.73,15.99,-1212.37,-4232.47,-7252.57,25400.0,2787.5,297.97,stop_close,expired,2019-10-18,26.58,68.11,297.97,
2019-08-02,2019-10-18,77,292.62,17.61,0.1697,273/266/259/252,273.0,266.0,259.0,252.0,7.0,2.39,0.23,1423.01,237.77,18.74,-367.39,-3293.59,-6219.79,23800.0,2674.33,297.97,hold,expired,2019-10-18,22.76,60.19,297.97,
2019-08-02,2019-10-18,77,292.62,17.61,0.1697,273/266/259/252,273.0,266.0,259.0,252.0,7.0,2.39,0.23,1423.01,237.77,18.74,-367.39,-3293.59,-6219.79,23800.0,2674.33,297.97,stop_touch,expired,2019-10-18,22.76,60.19,297.97,
2019-08-02,2019-10-18,77,292.62,17.61,0.1697,273/266/259/252,273.0,266.0,259.0,252.0,7.0,2.39,0.23,1423.01,237.77,18.74,-367.39,-3293.59,-6219.79,23800.0,2674.33,297.97,stop_close,expired,2019-10-18,22.76,60.19,297.97,
2019-08-09,2019-11-15,98,291.62,17.97,0.1719,270/262/254/247,271.0,263.0,255.0,247.0,8.0,2.74,0.197,1619.67,230.8,20.85,249.27,-2666.93,-5583.13,23100.0,2656.85,311.79,hold,expired,2019-11-15,19.42,51.55,311.79,
2019-08-09,2019-11-15,98,291.62,17.97,0.1719,270/262/254/247,271.0,263.0,255.0,247.0,8.0,2.74,0.197,1619.67,230.8,20.85,249.27,-2666.93,-5583.13,23100.0,2656.85,311.79,stop_touch,expired,2019-11-15,19.42,51.55,311.79,
2019-08-09,2019-11-15,98,291.62,17.97,0.1719,270/262/254/247,271.0,263.0,255.0,247.0,8.0,2.74,0.197,1619.67,230.8,20.85,249.27,-2666.93,-5583.13,23100.0,2656.85,311.79,stop_close,expired,2019-11-15,19.42,51.55,311.79,
2019-08-16,2019-11-15,91,288.85,18.47,0.1749,268/260/253/245,269.0,261.0,253.0,245.0,8.0,2.77,0.119,1611.94,228.88,20.76,219.94,-2668.56,-5557.06,22900.0,2636.26,311.79,hold,expired,2019-11-15,11.69,31.32,311.79,
2019-08-16,2019-11-15,91,288.85,18.47,0.1749,268/260/253/245,269.0,261.0,253.0,245.0,8.0,2.77,0.119,1611.94,228.88,20.76,219.94,-2668.56,-5557.06,22900.0,2636.26,311.79,stop_touch,expired,2019-11-15,11.69,31.32,311.79,
2019-08-16,2019-11-15,91,288.85,18.47,0.1749,268/260/253/245,269.0,261.0,253.0,245.0,8.0,2.77,0.119,1611.94,228.88,20.76,219.94,-2668.56,-5557.06,22900.0,2636.26,311.79,stop_close,expired,2019-11-15,11.69,31.32,311.79,
2019-08-23,2019-11-15,84,284.85,19.87,0.1832,264/256/249/241,265.0,257.0,249.0,241.0,8.0,2.81,0.097,1609.74,224.9,21.05,297.74,-2550.76,-5399.26,22500.0,2595.07,311.79,hold,expired,2019-11-15,9.49,25.79,311.79,
2019-08-23,2019-11-15,84,284.85,19.87,0.1832,264/256/249/241,265.0,257.0,249.0,241.0,8.0,2.81,0.097,1609.74,224.9,21.05,297.74,-2550.76,-5399.26,22500.0,2595.07,311.79,stop_touch,expired,2019-11-15,9.49,25.79,311.79,
2019-08-23,2019-11-15,84,284.85,19.87,0.1832,264/256/249/241,265.0,257.0,249.0,241.0,8.0,2.81,0.097,1609.74,224.9,21.05,297.74,-2550.76,-5399.26,22500.0,2595.07,311.79,stop_close,expired,2019-11-15,9.49,25.79,311.79,
2019-08-30,2019-11-15,77,292.45,18.98,0.1779,272/265/258/250,271.0,264.0,257.0,250.0,7.0,2.39,0.334,1433.44,235.67,19.42,-170.56,-3095.06,-6019.56,23600.0,2651.49,311.79,hold,expired,2019-11-15,33.19,87.84,311.79,
2019-08-30,2019-11-15,77,292.45,18.98,0.1779,272/265/258/250,271.0,264.0,257.0,250.0,7.0,2.39,0.334,1433.44,235.67,19.42,-170.56,-3095.06,-6019.56,23600.0,2651.49,311.79,stop_touch,expired,2019-11-15,33.19,87.84,311.79,
2019-08-30,2019-11-15,77,292.45,18.98,0.1779,272/265/258/250,271.0,264.0,257.0,250.0,7.0,2.39,0.334,1433.44,235.67,19.42,-170.56,-3095.06,-6019.56,23600.0,2651.49,311.79,stop_close,expired,2019-11-15,33.19,87.84,311.79,
2019-09-06,2019-12-20,105,298.05,15.0,0.1541,277/270/262/255,276.0,269.0,262.0,255.0,7.0,2.35,0.41,1441.0,240.59,19.28,-215.0,-3195.5,-6176.0,24100.0,2702.58,320.73,hold,expired,2019-12-20,40.75,105.81,320.73,
2019-09-06,2019-12-20,105,298.05,15.0,0.1541,277/270/262/255,276.0,269.0,262.0,255.0,7.0,2.35,0.41,1441.0,240.59,19.28,-215.0,-3195.5,-6176.0,24100.0,2702.58,320.73,stop_touch,expired,2019-12-20,40.75,105.81,320.73,
2019-09-06,2019-12-20,105,298.05,15.0,0.1541,277/270/262/255,276.0,269.0,262.0,255.0,7.0,2.35,0.41,1441.0,240.59,19.28,-215.0,-3195.5,-6176.0,24100.0,2702.58,320.73,stop_close,expired,2019-12-20,40.75,105.81,320.73,
2019-09-13,2019-12-20,98,301.09,13.74,0.1466,282/275/268/261,282.0,275.0,268.0,261.0,7.0,2.32,0.242,1424.23,246.76,18.05,-588.57,-3599.47,-6610.37,24700.0,2767.39,320.73,hold,expired,2019-12-20,23.98,61.64,320.73,
2019-09-13,2019-12-20,98,301.09,13.74,0.1466,282/275/268/261,282.0,275.0,268.0,261.0,7.0,2.32,0.242,1424.23,246.76,18.05,-588.57,-3599.47,-6610.37,24700.0,2767.39,320.73,stop_touch,expired,2019-12-20,23.98,61.64,320.73,
2019-09-13,2019-12-20,98,301.09,13.74,0.1466,282/275/268/261,282.0,275.0,268.0,261.0,7.0,2.32,0.242,1424.23,246.76,18.05,-588.57,-3599.47,-6610.37,24700.0,2767.39,320.73,stop_close,expired,2019-12-20,23.98,61.64,320.73,
2019-09-20,2019-12-20,91,298.28,15.32,0.156,279/271/264/257,278.0,271.0,264.0,257.0,7.0,2.35,0.278,1427.78,242.72,18.63,-409.82,-3392.62,-6375.42,24300.0,2722.96,320.73,hold,expired,2019-12-20,27.53,71.42,320.73,
2019-09-20,2019-12-20,91,298.28,15.32,0.156,279/271/264/257,278.0,271.0,264.0,257.0,7.0,2.35,0.278,1427.78,242.72,18.63,-409.82,-3392.62,-6375.42,24300.0,2722.96,320.73,stop_touch,expired,2019-12-20,27.53,71.42,320.73,
2019-09-20,2019-12-20,91,298.28,15.32,0.156,279/271/264/257,278.0,271.0,264.0,257.0,7.0,2.35,0.278,1427.78,242.72,18.63,-409.82,-3392.62,-6375.42,24300.0,2722.96,320.73,stop_close,expired,2019-12-20,27.53,71.42,320.73,
2019-09-27,2019-12-20,84,295.4,17.22,0.1674,275/268/261/254,275.0,268.0,261.0,254.0,7.0,2.37,0.321,1432.1,239.68,18.86,-335.9,-3289.9,-6243.9,24000.0,2696.36,320.73,hold,expired,2019-12-20,31.85,83.44,320.73,
2019-09-27,2019-12-20,84,295.4,17.22,0.1674,275/268/261/254,275.0,268.0,261.0,254.0,7.0,2.37,0.321,1432.1,239.68,18.86,-335.9,-3289.9,-6243.9,24000.0,2696.36,320.73,stop_touch,expired,2019-12-20,31.85,83.44,320.73,
2019-09-27,2019-12-20,84,295.4,17.22,0.1674,275/268/261/254,275.0,268.0,261.0,254.0,7.0,2.37,0.321,1432.1,239.68,18.86,-335.9,-3289.9,-6243.9,24000.0,2696.36,320.73,stop_close,expired,2019-12-20,31.85,83.44,320.73,
2019-10-04,2019-12-20,77,294.35,17.04,0.1663,275/268/261/254,275.0,268.0,261.0,254.0,7.0,2.38,0.201,1420.12,239.8,18.53,-431.88,-3375.38,-6318.88,24000.0,2693.37,320.73,hold,expired,2019-12-20,19.87,52.25,320.73,
2019-10-04,2019-12-20,77,294.35,17.04,0.1663,275/268/261/254,275.0,268.0,261.0,254.0,7.0,2.38,0.201,1420.12,239.8,18.53,-431.88,-3375.38,-6318.88,24000.0,2693.37,320.73,stop_touch,expired,2019-12-20,19.87,52.25,320.73,
2019-10-04,2019-12-20,77,294.35,17.04,0.1663,275/268/261/254,275.0,268.0,261.0,254.0,7.0,2.38,0.201,1420.12,239.8,18.53,-431.88,-3375.38,-6318.88,24000.0,2693.37,320.73,stop_close,expired,2019-12-20,19.87,52.25,320.73,
2019-10-11,2020-01-17,98,296.28,15.58,0.1576,276/268/261/254,275.0,268.0,261.0,254.0,7.0,2.36,0.366,1436.64,239.63,19.12,-260.96,-3223.76,-6186.56,24000.0,2694.09,331.95,hold,expired,2020-01-17,36.39,95.05,331.95,
2019-10-11,2020-01-17,98,296.28,15.58,0.1576,276/268/261/254,275.0,268.0,261.0,254.0,7.0,2.36,0.366,1436.64,239.63,19.12,-260.96,-3223.76,-6186.56,24000.0,2694.09,331.95,stop_touch,expired,2020-01-17,36.39,95.05,331.95,
2019-10-11,2020-01-17,98,296.28,15.58,0.1576,276/268/261/254,275.0,268.0,261.0,254.0,7.0,2.36,0.366,1436.64,239.63,19.12,-260.96,-3223.76,-6186.56,24000.0,2694.09,331.95,stop_close,expired,2020-01-17,36.39,95.05,331.95,
2019-10-18,2020-01-17,91,297.97,14.25,0.1496,279/272/265/258,279.0,272.0,265.0,258.0,7.0,2.35,0.182,1418.24,243.82,18.17,-544.16,-3523.86,-6503.56,24400.0,2733.48,331.95,hold,expired,2020-01-17,17.99,46.73,331.95,
2019-10-18,2020-01-17,91,297.97,14.25,0.1496,279/272/265/258,279.0,272.0,265.0,258.0,7.0,2.35,0.182,1418.24,243.82,18.17,-544.16,-3523.86,-6503.56,24400.0,2733.48,331.95,stop_touch,expired,2020-01-17,17.99,46.73,331.95,
2019-10-18,2020-01-17,91,297.97,14.25,0.1496,279/272/265/258,279.0,272.0,265.0,258.0,7.0,2.35,0.182,1418.24,243.82,18.17,-544.16,-3523.86,-6503.56,24400.0,2733.48,331.95,stop_close,expired,2020-01-17,17.99,46.73,331.95,
2019-10-25,2020-01-17,84,301.6,12.65,0.14,284/278/271/265,283.0,277.0,271.0,265.0,6.0,1.99,0.307,1230.66,252.69,16.22,-1141.34,-4157.34,-7173.34,25300.0,2777.07,331.95,hold,expired,2020-01-17,30.41,78.04,331.95,
2019-10-25,2020-01-17,84,301.6,12.65,0.14,284/278/271/265,283.0,277.0,271.0,265.0,6.0,1.99,0.307,1230.66,252.69,16.22,-1141.34,-4157.34,-7173.34,25300.0,2777.07,331.95,stop_touch,expired,2020-01-17,30.41,78.04,331.95,
2019-10-25,2020-01-17,84,301.6,12.65,0.14,284/278/271/265,283.0,277.0,271.0,265.0,6.0,1.99,0.307,1230.66,252.69,16.22,-1141.34,-4157.34,-7173.34,25300.0,2777.07,331.95,stop_close,expired,2020-01-17,30.41,78.04,331.95,
2019-11-01,2020-01-17,77,306.14,12.3,0.138,289/283/277/271,289.0,283.0,277.0,271.0,6.0,1.96,0.225,1222.55,258.77,15.47,-1386.25,-4447.65,-7509.05,25900.0,2839.29,331.95,hold,expired,2020-01-17,22.3,56.37,331.95,
2019-11-01,2020-01-17,77,306.14,12.3,0.138,289/283/277/271,289.0,283.0,277.0,271.0,6.0,1.96,0.225,1222.55,258.77,15.47,-1386.25,-4447.65,-7509.05,25900.0,2839.29,331.95,stop_touch,expired,2020-01-17,22.3,56.37,331.95,
2019-11-01,2020-01-17,77,306.14,12.3,0.138,289/283/277/271,289.0,283.0,277.0,271.0,6.0,1.96,0.225,1222.55,258.77,15.47,-1386.25,-4447.65,-7509.05,25900.0,2839.29,331.95,stop_close,expired,2020-01-17,22.3,56.37,331.95,
2019-11-08,2020-02-21,105,308.94,12.07,0.1366,290/283/276/269,290.0,283.0,276.0,269.0,7.0,2.27,0.228,1422.79,254.77,17.53,-762.01,-3851.41,-6940.81,25500.0,2846.02,333.48,hold,expired,2020-02-21,22.54,56.46,333.48,
2019-11-08,2020-02-21,105,308.94,12.07,0.1366,290/283/276/269,290.0,283.0,276.0,269.0,7.0,2.27,0.228,1422.79,254.77,17.53,-762.01,-3851.41,-6940.81,25500.0,2846.02,333.48,stop_touch,expired,2020-02-21,22.54,56.46,333.48,
2019-11-08,2020-02-21,105,308.94,12.07,0.1366,290/283/276/269,290.0,283.0,276.0,269.0,7.0,2.27,0.228,1422.79,254.77,17.53,-762.01,-3851.41,-6940.81,25500.0,2846.02,333.48,stop_close,expired,2020-02-21,22.54,56.46,333.48,
2019-11-15,2020-02-21,98,311.79,12.05,0.1365,293/286/279/272,293.0,286.0,279.0,272.0,7.0,2.25,0.177,1417.66,257.82,17.31,-839.14,-3957.04,-7074.94,25800.0,2872.33,333.48,hold,expired,2020-02-21,17.41,43.22,333.48,
2019-11-15,2020-02-21,98,311.79,12.05,0.1365,293/286/279/272,293.0,286.0,279.0,272.0,7.0,2.25,0.177,1417.66,257.82,17.31,-839.14,-3957.04,-7074.94,25800.0,2872.33,333.48,stop_touch,expired,2020-02-21,17.41,43.22,333.48,
2019-11-15,2020-02-21,98,311.79,12.05,0.1365,293/286/279/272,293.0,286.0,279.0,272.0,7.0,2.25,0.177,1417.66,257.82,17.31,-839.14,-3957.04,-7074.94,25800.0,2872.33,333.48,stop_close,expired,2020-02-21,17.41,43.22,333.48,
2019-11-22,2020-02-21,91,310.96,12.34,0.1382,293/286/279/272,293.0,286.0,279.0,272.0,7.0,2.25,0.117,1411.71,257.88,17.07,-911.49,-4021.09,-7130.69,25800.0,2873.21,333.48,hold,expired,2020-02-21,11.46,28.53,333.48,
2019-11-22,2020-02-21,91,310.96,12.34,0.1382,293/286/279/272,293.0,286.0,279.0,272.0,7.0,2.25,0.117,1411.71,257.88,17.07,-911.49,-4021.09,-7130.69,25800.0,2873.21,333.48,stop_touch,expired,2020-02-21,11.46,28.53,333.48,
2019-11-22,2020-02-21,91,310.96,12.34,0.1382,293/286/279/272,293.0,286.0,279.0,272.0,7.0,2.25,0.117,1411.71,257.88,17.07,-911.49,-4021.09,-7130.69,25800.0,2873.21,333.48,stop_close,expired,2020-02-21,11.46,28.53,333.48,
2019-11-29,2020-02-21,84,314.31,12.62,0.1399,296/289/283/276,297.0,290.0,283.0,276.0,7.0,2.23,0.082,1408.19,261.92,16.67,-1047.01,-4190.11,-7333.21,26200.0,2914.73,333.48,hold,expired,2020-02-21,7.94,19.55,333.48,
2019-11-29,2020-02-21,84,314.31,12.62,0.1399,296/289/283/276,297.0,290.0,283.0,276.0,7.0,2.23,0.082,1408.19,261.92,16.67,-1047.01,-4190.11,-7333.21,26200.0,2914.73,333.48,stop_touch,expired,2020-02-21,7.94,19.55,333.48,
2019-11-29,2020-02-21,84,314.31,12.62,0.1399,296/289/283/276,297.0,290.0,283.0,276.0,7.0,2.23,0.082,1408.19,261.92,16.67,-1047.01,-4190.11,-7333.21,26200.0,2914.73,333.48,stop_close,expired,2020-02-21,7.94,19.55,333.48,
2019-12-06,2020-02-21,77,314.87,13.62,0.1458,297/290/283/277,298.0,291.0,284.0,277.0,7.0,2.22,0.078,1407.78,262.92,16.5,-1102.62,-4251.32,-7400.02,26300.0,2928.14,333.48,hold,expired,2020-02-21,7.53,18.51,333.48,
2019-12-06,2020-02-21,77,314.87,13.62,0.1458,297/290/283/277,298.0,291.0,284.0,277.0,7.0,2.22,0.078,1407.78,262.92,16.5,-1102.62,-4251.32,-7400.02,26300.0,2928.14,333.48,stop_touch,expired,2020-02-21,7.53,18.51,333.48,
2019-12-06,2020-02-21,77,314.87,13.62,0.1458,297/290/283/277,298.0,291.0,284.0,277.0,7.0,2.22,0.078,1407.78,262.92,16.5,-1102.62,-4251.32,-7400.02,26300.0,2928.14,333.48,stop_close,expired,2020-02-21,7.53,18.51,333.48,
2019-12-13,2020-03-20,98,317.32,12.63,0.1399,298/291/283/276,297.0,290.0,283.0,276.0,7.0,2.21,0.278,1427.76,261.72,17.52,-786.64,-3959.84,-7133.04,26200.0,2910.21,228.8,hold,expired,2020-03-20,-3292.49,-8030.24,228.8,
2019-12-13,2020-03-20,98,317.32,12.63,0.1399,298/291/283/276,297.0,290.0,283.0,276.0,7.0,2.21,0.278,1427.76,261.72,17.52,-786.64,-3959.84,-7133.04,26200.0,2910.21,228.8,stop_touch,stopped,2020-03-13,-439.6,-1072.17,261.72,75.47
2019-12-13,2020-03-20,98,317.32,12.63,0.1399,298/291/283/276,297.0,290.0,283.0,276.0,7.0,2.21,0.278,1427.76,261.72,17.52,-786.64,-3959.84,-7133.04,26200.0,2910.21,228.8,stop_close,expired,2020-03-20,-3292.49,-8030.24,228.8,
2019-12-20,2020-03-20,91,320.73,12.51,0.1392,302/295/288/281,302.0,295.0,288.0,281.0,7.0,2.18,0.208,1420.84,266.79,16.82,-1020.76,-4228.06,-7435.36,26700.0,2964.84,228.8,hold,expired,2020-03-20,-3799.41,-9168.09,228.8,
2019-12-20,2020-03-20,91,320.73,12.51,0.1392,302/295/288/281,302.0,295.0,288.0,281.0,7.0,2.18,0.208,1420.84,266.79,16.82,-1020.76,-4228.06,-7435.36,26700.0,2964.84,228.8,stop_touch,stopped,2020-03-13,-458.18,-1105.6,266.79,75.47
2019-12-20,2020-03-20,91,320.73,12.51,0.1392,302/295/288/281,302.0,295.0,288.0,281.0,7.0,2.18,0.208,1420.84,266.79,16.82,-1020.76,-4228.06,-7435.36,26700.0,2964.84,228.8,stop_close,expired,2020-03-20,-3799.41,-9168.09,228.8,
2019-12-27,2020-03-20,84,322.86,13.43,0.1447,304/297/290/283,304.0,297.0,290.0,283.0,7.0,2.17,0.223,1422.29,268.78,16.75,-1048.91,-4277.51,-7506.11,26900.0,2985.16,228.8,hold,expired,2020-03-20,-3997.96,-9583.54,228.8,
2019-12-27,2020-03-20,84,322.86,13.43,0.1447,304/297/290/283,304.0,297.0,290.0,283.0,7.0,2.17,0.223,1422.29,268.78,16.75,-1048.91,-4277.51,-7506.11,26900.0,2985.16,228.8,stop_touch,stopped,2020-03-13,-464.05,-1112.38,268.78,75.47
2019-12-27,2020-03-20,84,322.86,13.43,0.1447,304/297/290/283,304.0,297.0,290.0,283.0,7.0,2.17,0.223,1422.29,268.78,16.75,-1048.91,-4277.51,-7506.11,26900.0,2985.16,228.8,stop_close,expired,2020-03-20,-3997.96,-9583.54,228.8,
2020-01-03,2020-03-20,77,322.41,14.02,0.1482,302/295/288/281,302.0,295.0,288.0,281.0,7.0,2.17,0.207,1420.69,266.79,17.25,-886.51,-4110.61,-7334.71,26700.0,2961.67,228.8,hold,expired,2020-03-20,-3799.56,-9120.67,228.8,
2020-01-03,2020-03-20,77,322.41,14.02,0.1482,302/295/288/281,302.0,295.0,288.0,281.0,7.0,2.17,0.207,1420.69,266.79,17.25,-886.51,-4110.61,-7334.71,26700.0,2961.67,228.8,stop_touch,stopped,2020-03-13,-458.24,-1099.98,266.79,75.47
2020-01-03,2020-03-20,77,322.41,14.02,0.1482,302/295/288/281,302.0,295.0,288.0,281.0,7.0,2.17,0.207,1420.69,266.79,17.25,-886.51,-4110.61,-7334.71,26700.0,2961.67,228.8,stop_close,expired,2020-03-20,-3799.56,-9120.67,228.8,
2020-01-10,2020-04-17,98,325.71,12.56,0.1395,304/296/289/282,303.0,296.0,289.0,282.0,7.0,2.15,0.372,1437.18,267.63,17.83,-706.02,-3963.12,-7220.22,26800.0,2971.93,286.64,hold,expired,2020-04-17,972.93,2311.81,286.64,
2020-01-10,2020-04-17,98,325.71,12.56,0.1395,304/296/289/282,303.0,296.0,289.0,282.0,7.0,2.15,0.372,1437.18,267.63,17.83,-706.02,-3963.12,-7220.22,26800.0,2971.93,286.64,stop_touch,stopped,2020-03-13,-1536.51,-3650.95,267.63,75.47
2020-01-10,2020-04-17,98,325.71,12.56,0.1395,304/296/289/282,303.0,296.0,289.0,282.0,7.0,2.15,0.372,1437.18,267.63,17.83,-706.02,-3963.12,-7220.22,26800.0,2971.93,286.64,stop_close,stopped,2020-03-20,-4031.62,-9579.66,228.8,66.04
2020-01-17,2020-04-17,91,331.95,12.1,0.1368,311/304/297/289,310.0,303.0,296.0,289.0,7.0,2.11,0.292,1429.22,274.71,17.24,-914.78,-4234.28,-7553.78,27500.0,3039.16,286.64,hold,expired,2020-04-17,1192.97,2781.36,286.64,
2020-01-17,2020-04-17,91,331.95,12.1,0.1368,311/304/297/289,310.0,303.0,296.0,289.0,7.0,2.11,0.292,1429.22,274.71,17.24,-914.78,-4234.28,-7553.78,27500.0,3039.16,286.64,stop_touch,stopped,2020-03-13,-1589.2,-3705.17,274.71,75.47
2020-01-17,2020-04-17,91,331.95,12.1,0.1368,311/304/297/289,310.0,303.0,296.0,289.0,7.0,2.11,0.292,1429.22,274.71,17.24,-914.78,-4234.28,-7553.78,27500.0,3039.16,286.64,stop_close,stopped,2020-03-13,-1490.35,-3474.7,269.32,57.83
2020-01-24,2020-04-17,84,328.77,14.56,0.1515,307/299/292/284,308.0,300.0,292.0,284.0,8.0,2.43,0.079,1607.89,267.92,18.51,-490.51,-3778.21,-7065.91,26800.0,3019.54,286.64,hold,expired,2020-04-17,1343.64,3162.95,286.64,
2020-01-24,2020-04-17,84,328.77,14.56,0.1515,307/299/292/284,308.0,300.0,292.0,284.0,8.0,2.43,0.079,1607.89,267.92,18.51,-490.51,-3778.21,-7065.91,26800.0,3019.54,286.64,stop_touch,stopped,2020-03-13,-1501.49,-3534.53,267.92,75.47
2020-01-24,2020-04-17,84,328.77,14.56,0.1515,307/299/292/284,308.0,300.0,292.0,284.0,8.0,2.43,0.079,1607.89,267.92,18.51,-490.51,-3778.21,-7065.91,26800.0,3019.54,286.64,stop_close,stopped,2020-03-20,-4050.79,-9535.63,228.8,66.04
2020-01-31,2020-04-17,77,321.73,18.84,0.1771,298/290/282/274,298.0,290.0,282.0,274.0,8.0,2.49,0.293,1629.3,257.71,19.9,-32.3,-3249.6,-6466.9,25800.0,2917.67,286.64,hold,expired,2020-04-17,829.05,1994.3,286.64,
2020-01-31,2020-04-17,77,321.73,18.84,0.1771,298/290/282/274,298.0,290.0,282.0,274.0,8.0,2.49,0.293,1629.3,257.71,19.9,-32.3,-3249.6,-6466.9,25800.0,2917.67,286.64,stop_touch,stopped,2020-03-13,-1420.11,-3416.11,257.71,75.47
2020-01-31,2020-04-17,77,321.73,18.84,0.1771,298/290/282/274,298.0,290.0,282.0,274.0,8.0,2.49,0.293,1629.3,257.71,19.9,-32.3,-3249.6,-6466.9,25800.0,2917.67,286.64,stop_close,stopped,2020-03-20,-3109.45,-7479.86,228.8,66.04
2020-02-07,2020-05-15,98,332.2,15.47,0.1569,308/299/291/283,307.0,299.0,291.0,283.0,8.0,2.41,0.395,1639.51,266.6,19.75,-84.49,-3406.49,-6728.49,26700.0,3007.1,286.28,hold,expired,2020-05-15,1311.26,3054.85,286.28,
2020-02-07,2020-05-15,98,332.2,15.47,0.1569,308/299/291/283,307.0,299.0,291.0,283.0,8.0,2.41,0.395,1639.51,266.6,19.75,-84.49,-3406.49,-6728.49,26700.0,3007.1,286.28,stop_touch,stopped,2020-03-13,-2121.38,-4942.2,266.6,75.47
2020-02-07,2020-05-15,98,332.2,15.47,0.1569,308/299/291/283,307.0,299.0,291.0,283.0,8.0,2.41,0.395,1639.51,266.6,19.75,-84.49,-3406.49,-6728.49,26700.0,3007.1,286.28,stop_close,stopped,2020-03-20,-4218.1,-9826.95,228.8,66.04
2020-02-14,2020-05-15,91,337.6,13.68,0.1462,315/307/299/292,316.0,308.0,300.0,292.0,8.0,2.37,0.165,1616.53,275.83,18.3,-575.47,-3951.47,-7327.47,27600.0,3101.06,286.28,hold,expired,2020-05-15,1044.28,2393.96,286.28,
2020-02-14,2020-05-15,91,337.6,13.68,0.1462,315/307/299/292,316.0,308.0,300.0,292.0,8.0,2.37,0.165,1616.53,275.83,18.3,-575.47,-3951.47,-7327.47,27600.0,3101.06,286.28,stop_touch,stopped,2020-03-13,-2241.43,-5138.36,275.3,75.47
2020-02-14,2020-05-15,91,337.6,13.68,0.1462,315/307/299/292,316.0,308.0,300.0,292.0,8.0,2.37,0.165,1616.53,275.83,18.3,-575.47,-3951.47,-7327.47,27600.0,3101.06,286.28,stop_close,stopped,2020-03-13,-2038.31,-4672.72,269.32,57.83
2020-02-21,2020-05-15,84,333.48,17.08,0.1665,309/301/293/285,309.0,301.0,293.0,285.0,8.0,2.4,0.358,1635.82,268.64,19.44,-185.78,-3520.58,-6855.38,26900.0,3027.43,286.28,hold,expired,2020-05-15,1507.57,3498.72,286.28,
2020-02-21,2020-05-15,84,333.48,17.08,0.1665,309/301/293/285,309.0,301.0,293.0,285.0,8.0,2.4,0.358,1635.82,268.64,19.44,-185.78,-3520.58,-6855.38,26900.0,3027.43,286.28,stop_touch,stopped,2020-03-13,-2141.67,-4970.32,268.64,75.47
2020-02-21,2020-05-15,84,333.48,17.08,0.1665,309/301/293/285,309.0,301.0,293.0,285.0,8.0,2.4,0.358,1635.82,268.64,19.44,-185.78,-3520.58,-6855.38,26900.0,3027.43,286.28,stop_close,stopped,2020-03-20,-4394.8,-10199.31,228.8,66.04
2020-02-28,2020-05-15,77,296.26,40.11,0.3043,263/251/240/229,262.0,251.0,240.0,229.0,11.0,3.71,0.429,2242.91,206.57,30.27,1442.11,81.11,-2881.49,20700.0,2579.59,286.28,hold,expired,2020-05-15,42.66,111.44,286.28,
2020-02-28,2020-05-15,77,296.26,40.11,0.3043,263/251/240/229,262.0,251.0,240.0,229.0,11.0,3.71,0.429,2242.91,206.57,30.27,1442.11,81.11,-2881.49,20700.0,2579.59,286.28,stop_touch,expired,2020-05-15,42.66,111.44,286.28,
2020-02-28,2020-05-15,77,296.26,40.11,0.3043,263/251/240/229,262.0,251.0,240.0,229.0,11.0,3.71,0.429,2242.91,206.57,30.27,1442.11,81.11,-2881.49,20700.0,2579.59,286.28,stop_close,expired,2020-05-15,42.66,111.44,286.28,
2020-03-06,2020-06-19,105,297.46,41.94,0.3152,259/245/232/220,259.0,246.0,233.0,220.0,13.0,4.37,0.429,2642.89,193.57,34.93,1342.89,1465.09,-1509.51,19400.0,2568.04,308.64,hold,expired,2020-06-19,42.64,110.94,308.64,
2020-03-06,2020-06-19,105,297.46,41.94,0.3152,259/245/232/220,259.0,246.0,233.0,220.0,13.0,4.37,0.429,2642.89,193.57,34.93,1342.89,1465.09,-1509.51,19400.0,2568.04,308.64,stop_touch,expired,2020-06-19,42.64,110.94,308.64,
2020-03-06,2020-06-19,105,297.46,41.94,0.3152,259/245/232/220,259.0,246.0,233.0,220.0,13.0,4.37,0.429,2642.89,193.57,34.93,1342.89,1465.09,-1509.51,19400.0,2568.04,308.64,stop_close,expired,2020-06-19,42.64,110.94,308.64,
2020-03-13,2020-06-19,98,269.32,57.83,0.4102,228/214/200/187,229.0,215.0,201.0,187.0,14.0,5.2,0.372,2837.2,158.63,41.1,1391.6,2684.8,296.4,15900.0,2302.32,308.64,hold,expired,2020-06-19,36.95,106.17,308.64,
2020-03-13,2020-06-19,98,269.32,57.83,0.4102,228/214/200/187,229.0,215.0,201.0,187.0,14.0,5.2,0.372,2837.2,158.63,41.1,1391.6,2684.8,296.4,15900.0,2302.32,308.64,stop_touch,expired,2020-06-19,36.95,106.17,308.64,
2020-03-13,2020-06-19,98,269.32,57.83,0.4102,228/214/200/187,229.0,215.0,201.0,187.0,14.0,5.2,0.372,2837.2,158.63,41.1,1391.6,2684.8,296.4,15900.0,2302.32,308.64,stop_close,expired,2020-06-19,36.95,106.17,308.64,
2020-03-20,2020-06-19,91,228.8,66.04,0.4593,192/179/167/156,192.0,180.0,168.0,156.0,12.0,5.24,0.534,2453.45,131.47,42.54,949.45,2037.45,581.45,13200.0,1944.83,308.64,hold,expired,2020-06-19,53.2,179.95,308.64,
2020-03-20,2020-06-19,91,228.8,66.04,0.4593,192/179/167/156,192.0,180.0,168.0,156.0,12.0,5.24,0.534,2453.45,131.47,42.54,949.45,2037.45,581.45,13200.0,1944.83,308.64,stop_touch,expired,2020-06-19,53.2,179.95,308.64,
2020-03-20,2020-06-19,91,228.8,66.04,0.4593,192/179/167/156,192.0,180.0,168.0,156.0,12.0,5.24,0.534,2453.45,131.47,42.54,949.45,2037.45,581.45,13200.0,1944.83,308.64,stop_close,expired,2020-06-19,53.2,179.95,308.64,
2020-03-27,2020-06-19,84,253.42,65.54,0.4563,214/200/187/175,214.0,201.0,188.0,175.0,13.0,5.13,0.54,2653.96,148.46,41.42,1180.36,2414.56,359.16,14900.0,2155.75,308.64,hold,expired,2020-06-19,53.71,164.04,308.64,
2020-03-27,2020-06-19,84,253.42,65.54,0.4563,214/200/187/175,214.0,201.0,188.0,175.0,13.0,5.13,0.54,2653.96,148.46,41.42,1180.36,2414.56,359.16,14900.0,2155.75,308.64,stop_touch,expired,2020-06-19,53.71,164.04,308.64,
2020-03-27,2020-06-19,84,253.42,65.54,0.4563,214/200/187/175,214.0,201.0,188.0,175.0,13.0,5.13,0.54,2653.96,148.46,41.42,1180.36,2414.56,359.16,14900.0,2155.75,308.64,stop_close,expired,2020-06-19,53.71,164.04,308.64,
2020-04-03,2020-06-19,77,248.19,46.8,0.3443,217/207/197/187,217.0,207.0,197.0,187.0,10.0,4.03,0.419,2041.86,166.58,32.88,1041.86,715.16,-1766.74,16700.0,2148.95,308.64,hold,expired,2020-06-19,41.61,129.76,308.64,
2020-04-03,2020-06-19,77,248.19,46.8,0.3443,217/207/197/187,217.0,207.0,197.0,187.0,10.0,4.03,0.419,2041.86,166.58,32.88,1041.86,715.16,-1766.74,16700.0,2148.95,308.64,stop_touch,expired,2020-06-19,41.61,129.76,308.64,
2020-04-03,2020-06-19,77,248.19,46.8,0.3443,217/207/197/187,217.0,207.0,197.0,187.0,10.0,4.03,0.419,2041.86,166.58,32.88,1041.86,715.16,-1766.74,16700.0,2148.95,308.64,stop_close,expired,2020-06-19,41.61,129.76,308.64,
2020-04-09,2020-07-17,99,278.2,41.67,0.3136,243/230/219/207,243.0,231.0,219.0,207.0,12.0,4.31,0.31,2431.0,182.69,34.33,1231.0,1205.0,-1577.0,18300.0,2405.0,321.72,hold,expired,2020-07-17,30.75,85.54,321.72,
2020-04-09,2020-07-17,99,278.2,41.67,0.3136,243/230/219/207,243.0,231.0,219.0,207.0,12.0,4.31,0.31,2431.0,182.69,34.33,1231.0,1205.0,-1577.0,18300.0,2405.0,321.72,stop_touch,expired,2020-07-17,30.75,85.54,321.72,
2020-04-09,2020-07-17,99,278.2,41.67,0.3136,243/230/219/207,243.0,231.0,219.0,207.0,12.0,4.31,0.31,2431.0,182.69,34.33,1231.0,1205.0,-1577.0,18300.0,2405.0,321.72,stop_close,expired,2020-07-17,30.75,85.54,321.72,
2020-04-17,2020-07-17,91,286.64,38.15,0.2925,253/241/230/219,252.0,241.0,230.0,219.0,11.0,3.84,0.43,2242.99,196.57,31.42,1211.79,407.79,-2458.61,19700.0,2482.22,321.72,hold,expired,2020-07-17,42.74,115.41,321.72,
2020-04-17,2020-07-17,91,286.64,38.15,0.2925,253/241/230/219,252.0,241.0,230.0,219.0,11.0,3.84,0.43,2242.99,196.57,31.42,1211.79,407.79,-2458.61,19700.0,2482.22,321.72,stop_touch,expired,2020-07-17,42.74,115.41,321.72,
2020-04-17,2020-07-17,91,286.64,38.15,0.2925,253/241/230/219,252.0,241.0,230.0,219.0,11.0,3.84,0.43,2242.99,196.57,31.42,1211.79,407.79,-2458.61,19700.0,2482.22,321.72,stop_close,expired,2020-07-17,42.74,115.41,321.72,
2020-04-24,2020-07-17,84,282.97,35.93,0.2793,252/241/231/221,251.0,241.0,231.0,221.0,10.0,3.53,0.444,2044.39,200.56,29.12,1506.79,-247.71,-3077.41,20100.0,2472.32,321.72,hold,expired,2020-07-17,44.14,120.73,321.72,
2020-04-24,2020-07-17,84,282.97,35.93,0.2793,252/241/231/221,251.0,241.0,231.0,221.0,10.0,3.53,0.444,2044.39,200.56,29.12,1506.79,-247.71,-3077.41,20100.0,2472.32,321.72,stop_touch,expired,2020-07-17,44.14,120.73,321.72,
2020-04-24,2020-07-17,84,282.97,35.93,0.2793,252/241/231/221,251.0,241.0,231.0,221.0,10.0,3.53,0.444,2044.39,200.56,29.12,1506.79,-247.71,-3077.41,20100.0,2472.32,321.72,stop_close,expired,2020-07-17,44.14,120.73,321.72,
2020-05-01,2020-07-17,77,282.79,37.19,0.2868,252/242/232/222,252.0,242.0,232.0,222.0,10.0,3.54,0.387,2038.7,201.61,28.71,1615.5,-366.0,-3193.9,20200.0,2484.48,321.72,hold,expired,2020-07-17,38.45,105.22,321.72,
2020-05-01,2020-07-17,77,282.79,37.19,0.2868,252/242/232/222,252.0,242.0,232.0,222.0,10.0,3.54,0.387,2038.7,201.61,28.71,1615.5,-366.0,-3193.9,20200.0,2484.48,321.72,stop_touch,expired,2020-07-17,38.45,105.22,321.72,
2020-05-01,2020-07-17,77,282.79,37.19,0.2868,252/242/232/222,252.0,242.0,232.0,222.0,10.0,3.54,0.387,2038.7,201.61,28.71,1615.5,-366.0,-3193.9,20200.0,2484.48,321.72,stop_close,expired,2020-07-17,38.45,105.22,321.72,
2020-05-08,2020-08-21,105,292.44,27.98,0.2317,262/252/241/232,262.0,252.0,242.0,232.0,10.0,3.42,0.492,2049.2,211.51,27.67,1854.0,-680.0,-3604.4,21200.0,2566.77,339.48,hold,expired,2020-08-21,48.95,129.53,339.48,
2020-05-08,2020-08-21,105,292.44,27.98,0.2317,262/252/241/232,262.0,252.0,242.0,232.0,10.0,3.42,0.492,2049.2,211.51,27.67,1854.0,-680.0,-3604.4,21200.0,2566.77,339.48,stop_touch,expired,2020-08-21,48.95,129.53,339.48,
2020-05-08,2020-08-21,105,292.44,27.98,0.2317,262/252/241/232,262.0,252.0,242.0,232.0,10.0,3.42,0.492,2049.2,211.51,27.67,1854.0,-680.0,-3604.4,21200.0,2566.77,339.48,stop_close,expired,2020-08-21,48.95,129.53,339.48,
2020-05-15,2020-08-21,98,286.28,31.89,0.2551,255/244/234/224,254.0,244.0,234.0,224.0,10.0,3.49,0.451,2045.06,203.55,28.9,1542.66,-315.34,-3178.14,20400.0,2500.79,339.48,hold,expired,2020-08-21,44.81,121.13,339.48,
2020-05-15,2020-08-21,98,286.28,31.89,0.2551,255/244/234/224,254.0,244.0,234.0,224.0,10.0,3.49,0.451,2045.06,203.55,28.9,1542.66,-315.34,-3178.14,20400.0,2500.79,339.48,stop_touch,expired,2020-08-21,44.81,121.13,339.48,
2020-05-15,2020-08-21,98,286.28,31.89,0.2551,255/244/234/224,254.0,244.0,234.0,224.0,10.0,3.49,0.451,2045.06,203.55,28.9,1542.66,-315.34,-3178.14,20400.0,2500.79,339.48,stop_close,expired,2020-08-21,44.81,121.13,339.48,
2020-05-22,2020-08-21,91,295.44,28.16,0.2328,266/256/247/237,267.0,257.0,247.0,237.0,10.0,3.38,0.316,2031.61,216.68,26.66,1966.81,-987.59,-3941.99,21700.0,2612.98,339.48,hold,expired,2020-08-21,31.36,82.15,339.48,
2020-05-22,2020-08-21,91,295.44,28.16,0.2328,266/256/247/237,267.0,257.0,247.0,237.0,10.0,3.38,0.316,2031.61,216.68,26.66,1966.81,-987.59,-3941.99,21700.0,2612.98,339.48,stop_touch,expired,2020-08-21,31.36,82.15,339.48,
2020-05-22,2020-08-21,91,295.44,28.16,0.2328,266/256/247/237,267.0,257.0,247.0,237.0,10.0,3.38,0.316,2031.61,216.68,26.66,1966.81,-987.59,-3941.99,21700.0,2612.98,339.48,stop_close,expired,2020-08-21,31.36,82.15,339.48,
2020-05-29,2020-08-21,84,304.32,27.51,0.2289,276/266/256/247,277.0,267.0,257.0,247.0,10.0,3.29,0.255,2025.46,226.75,25.49,1671.06,-1372.14,-4415.34,22700.0,2712.48,339.48,hold,expired,2020-08-21,25.21,64.12,339.48,
2020-05-29,2020-08-21,84,304.32,27.51,0.2289,276/266/256/247,277.0,267.0,257.0,247.0,10.0,3.29,0.255,2025.46,226.75,25.49,1671.06,-1372.14,-4415.34,22700.0,2712.48,339.48,stop_touch,expired,2020-08-21,25.21,64.12,339.48,
2020-05-29,2020-08-21,84,304.32,27.51,0.2289,276/266/256/247,277.0,267.0,257.0,247.0,10.0,3.29,0.255,2025.46,226.75,25.49,1671.06,-1372.14,-4415.34,22700.0,2712.48,339.48,stop_close,expired,2020-08-21,25.21,64.12,339.48,
2020-06-05,2020-08-21,77,319.34,24.52,0.211,292/283/274/265,292.0,283.0,274.0,265.0,9.0,2.82,0.41,1841.03,246.59,22.78,888.23,-2305.17,-5498.57,24700.0,2856.58,339.48,hold,expired,2020-08-21,40.78,98.84,339.48,
2020-06-05,2020-08-21,77,319.34,24.52,0.211,292/283/274/265,292.0,283.0,274.0,265.0,9.0,2.82,0.41,1841.03,246.59,22.78,888.23,-2305.17,-5498.57,24700.0,2856.58,339.48,stop_touch,expired,2020-08-21,40.78,98.84,339.48,
2020-06-05,2020-08-21,77,319.34,24.52,0.211,292/283/274/265,292.0,283.0,274.0,265.0,9.0,2.82,0.41,1841.03,246.59,22.78,888.23,-2305.17,-5498.57,24700.0,2856.58,339.48,stop_close,expired,2020-08-21,40.78,98.84,339.48,
2020-06-12,2020-09-18,98,304.21,36.09,0.2802,269/256/245/233,269.0,257.0,245.0,233.0,12.0,3.94,0.331,2433.05,208.67,31.41,1396.25,427.75,-2614.35,20900.0,2653.26,330.65,hold,expired,2020-09-18,32.8,83.45,330.65,
2020-06-12,2020-09-18,98,304.21,36.09,0.2802,269/256/245/233,269.0,257.0,245.0,233.0,12.0,3.94,0.331,2433.05,208.67,31.41,1396.25,427.75,-2614.35,20900.0,2653.26,330.65,stop_touch,expired,2020-09-18,32.8,83.45,330.65,
2020-06-12,2020-09-18,98,304.21,36.09,0.2802,269/256/245/233,269.0,257.0,245.0,233.0,12.0,3.94,0.331,2433.05,208.67,31.41,1396.25,427.75,-2614.35,20900.0,2653.26,330.65,stop_close,expired,2020-09-18,32.8,83.45,330.65,
2020-06-19,2020-09-18,91,308.64,35.12,0.2744,274/262/251/240,273.0,262.0,251.0,240.0,11.0,3.56,0.558,2255.77,217.44,29.55,1564.57,-139.43,-3225.83,21800.0,2688.22,330.65,hold,expired,2020-09-18,55.52,139.21,330.65,
2020-06-19,2020-09-18,91,308.64,35.12,0.2744,274/262/251/240,273.0,262.0,251.0,240.0,11.0,3.56,0.558,2255.77,217.44,29.55,1564.57,-139.43,-3225.83,21800.0,2688.22,330.65,stop_touch,expired,2020-09-18,55.52,139.21,330.65,
2020-06-19,2020-09-18,91,308.64,35.12,0.2744,274/262/251/240,273.0,262.0,251.0,240.0,11.0,3.56,0.558,2255.77,217.44,29.55,1564.57,-139.43,-3225.83,21800.0,2688.22,330.65,stop_close,expired,2020-09-18,55.52,139.21,330.65,
2020-06-26,2020-09-18,84,300.05,34.73,0.2721,268/257/246/235,268.0,257.0,246.0,235.0,11.0,3.67,0.249,2224.85,212.75,29.09,1720.85,-271.65,-3272.15,21300.0,2637.2,330.65,hold,expired,2020-09-18,24.6,63.46,330.65,
2020-06-26,2020-09-18,84,300.05,34.73,0.2721,268/257/246/235,268.0,257.0,246.0,235.0,11.0,3.67,0.249,2224.85,212.75,29.09,1720.85,-271.65,-3272.15,21300.0,2637.2,330.65,stop_touch,expired,2020-09-18,24.6,63.46,330.65,
2020-06-26,2020-09-18,84,300.05,34.73,0.2721,268/257/246/235,268.0,257.0,246.0,235.0,11.0,3.67,0.249,2224.85,212.75,29.09,1720.85,-271.65,-3272.15,21300.0,2637.2,330.65,stop_close,expired,2020-09-18,24.6,63.46,330.65,
2020-07-02,2020-09-18,78,312.23,27.68,0.2299,284/274/264/255,285.0,275.0,265.0,255.0,10.0,3.2,0.253,2025.33,234.75,24.82,1503.73,-1618.57,-4740.87,23500.0,2790.5,330.65,hold,expired,2020-09-18,25.08,62.17,330.65,
2020-07-02,2020-09-18,78,312.23,27.68,0.2299,284/274/264/255,285.0,275.0,265.0,255.0,10.0,3.2,0.253,2025.33,234.75,24.82,1503.73,-1618.57,-4740.87,23500.0,2790.5,330.65,stop_touch,expired,2020-09-18,25.08,62.17,330.65,
2020-07-02,2020-09-18,78,312.23,27.68,0.2299,284/274/264/255,285.0,275.0,265.0,255.0,10.0,3.2,0.253,2025.33,234.75,24.82,1503.73,-1618.57,-4740.87,23500.0,2790.5,330.65,stop_close,expired,2020-09-18,25.08,62.17,330.65,
2020-07-10,2020-10-16,98,317.59,27.29,0.2276,286/275/265/254,287.0,276.0,265.0,254.0,11.0,3.46,0.306,2230.6,231.69,27.05,2223.4,-938.1,-4114.0,23200.0,2809.33,347.29,hold,expired,2020-10-16,30.35,73.96,347.29,
2020-07-10,2020-10-16,98,317.59,27.29,0.2276,286/275/265/254,287.0,276.0,265.0,254.0,11.0,3.46,0.306,2230.6,231.69,27.05,2223.4,-938.1,-4114.0,23200.0,2809.33,347.29,stop_touch,expired,2020-10-16,30.35,73.96,347.29,
2020-07-10,2020-10-16,98,317.59,27.29,0.2276,286/275/265/254,287.0,276.0,265.0,254.0,11.0,3.46,0.306,2230.6,231.69,27.05,2223.4,-938.1,-4114.0,23200.0,2809.33,347.29,stop_close,expired,2020-10-16,30.35,73.96,347.29,
2020-07-17,2020-10-16,91,321.72,25.68,0.218,292/281/271/261,291.0,281.0,271.0,261.0,10.0,3.11,0.451,2045.06,240.55,25.23,1682.66,-1534.54,-4751.74,24100.0,2842.65,347.29,hold,expired,2020-10-16,44.81,107.8,347.29,
2020-07-17,2020-10-16,91,321.72,25.68,0.218,292/281/271/261,291.0,281.0,271.0,261.0,10.0,3.11,0.451,2045.06,240.55,25.23,1682.66,-1534.54,-4751.74,24100.0,2842.65,347.29,stop_touch,expired,2020-10-16,44.81,107.8,347.29,
2020-07-17,2020-10-16,91,321.72,25.68,0.218,292/281/271/261,291.0,281.0,271.0,261.0,10.0,3.11,0.451,2045.06,240.55,25.23,1682.66,-1534.54,-4751.74,24100.0,2842.65,347.29,stop_close,expired,2020-10-16,44.81,107.8,347.29,
2020-07-24,2020-10-16,84,320.88,25.84,0.2189,292/282/272/262,292.0,282.0,272.0,262.0,10.0,3.12,0.327,2032.67,241.67,24.68,1503.07,-1705.73,-4914.53,24200.0,2853.67,347.29,hold,expired,2020-10-16,32.42,78.2,347.29,
2020-07-24,2020-10-16,84,320.88,25.84,0.2189,292/282/272/262,292.0,282.0,272.0,262.0,10.0,3.12,0.327,2032.67,241.67,24.68,1503.07,-1705.73,-4914.53,24200.0,2853.67,347.29,stop_touch,expired,2020-10-16,32.42,78.2,347.29,
2020-07-24,2020-10-16,84,320.88,25.84,0.2189,292/282/272/262,292.0,282.0,272.0,262.0,10.0,3.12,0.327,2032.67,241.67,24.68,1503.07,-1705.73,-4914.53,24200.0,2853.67,347.29,stop_close,expired,2020-10-16,32.42,78.2,347.29,
2020-07-31,2020-10-16,77,326.52,24.46,0.2107,299/289/280/271,298.0,289.0,280.0,271.0,9.0,2.76,0.485,1848.47,252.52,22.66,870.07,-2395.13,-5660.33,25300.0,2914.05,347.29,hold,expired,2020-10-16,48.22,114.29,347.29,
2020-07-31,2020-10-16,77,326.52,24.46,0.2107,299/289/280/271,298.0,289.0,280.0,271.0,9.0,2.76,0.485,1848.47,252.52,22.66,870.07,-2395.13,-5660.33,25300.0,2914.05,347.29,stop_touch,expired,2020-10-16,48.22,114.29,347.29,
2020-07-31,2020-10-16,77,326.52,24.46,0.2107,299/289/280/271,298.0,289.0,280.0,271.0,9.0,2.76,0.485,1848.47,252.52,22.66,870.07,-2395.13,-5660.33,25300.0,2914.05,347.29,stop_close,expired,2020-10-16,48.22,114.29,347.29,
2020-08-07,2020-11-20,105,334.57,22.21,0.1972,304/293/283/273,303.0,293.0,283.0,273.0,10.0,2.99,0.52,2051.99,252.48,24.54,1517.59,-1828.11,-5173.81,25300.0,2961.39,355.33,hold,expired,2020-11-20,51.74,119.68,355.33,
2020-08-07,2020-11-20,105,334.57,22.21,0.1972,304/293/283/273,303.0,293.0,283.0,273.0,10.0,2.99,0.52,2051.99,252.48,24.54,1517.59,-1828.11,-5173.81,25300.0,2961.39,355.33,stop_touch,expired,2020-11-20,51.74,119.68,355.33,
2020-08-07,2020-11-20,105,334.57,22.21,0.1972,304/293/283/273,303.0,293.0,283.0,273.0,10.0,2.99,0.52,2051.99,252.48,24.54,1517.59,-1828.11,-5173.81,25300.0,2961.39,355.33,stop_close,expired,2020-11-20,51.74,119.68,355.33,
2020-08-14,2020-11-20,98,336.84,22.05,0.1963,307/297/287/277,307.0,297.0,287.0,277.0,10.0,2.97,0.419,2041.92,256.58,23.83,1289.12,-2079.28,-5447.68,25700.0,3003.05,355.33,hold,expired,2020-11-20,41.67,95.73,355.33,
2020-08-14,2020-11-20,98,336.84,22.05,0.1963,307/297/287/277,307.0,297.0,287.0,277.0,10.0,2.97,0.419,2041.92,256.58,23.83,1289.12,-2079.28,-5447.68,25700.0,3003.05,355.33,stop_touch,expired,2020-11-20,41.67,95.73,355.33,
2020-08-14,2020-11-20,98,336.84,22.05,0.1963,307/297/287/277,307.0,297.0,287.0,277.0,10.0,2.97,0.419,2041.92,256.58,23.83,1289.12,-2079.28,-5447.68,25700.0,3003.05,355.33,stop_close,expired,2020-11-20,41.67,95.73,355.33,
2020-08-21,2020-11-20,91,339.48,22.54,0.1992,310/300/290/280,310.0,300.0,290.0,280.0,10.0,2.95,0.378,2037.8,259.62,23.52,1196.2,-2198.6,-5593.4,26000.0,3030.76,355.33,hold,expired,2020-11-20,37.55,85.6,355.33,
2020-08-21,2020-11-20,91,339.48,22.54,0.1992,310/300/290/280,310.0,300.0,290.0,280.0,10.0,2.95,0.378,2037.8,259.62,23.52,1196.2,-2198.6,-5593.4,26000.0,3030.76,355.33,stop_touch,expired,2020-11-20,37.55,85.6,355.33,
2020-08-21,2020-11-20,91,339.48,22.54,0.1992,310/300/290/280,310.0,300.0,290.0,280.0,10.0,2.95,0.378,2037.8,259.62,23.52,1196.2,-2198.6,-5593.4,26000.0,3030.76,355.33,stop_close,expired,2020-11-20,37.55,85.6,355.33,
2020-08-28,2020-11-20,84,350.58,22.96,0.2017,321/311/301/291,321.0,311.0,301.0,291.0,10.0,2.85,0.415,2041.54,270.58,22.82,987.94,-2517.86,-6023.66,27100.0,3140.67,355.33,hold,expired,2020-11-20,41.29,91.14,355.33,
2020-08-28,2020-11-20,84,350.58,22.96,0.2017,321/311/301/291,321.0,311.0,301.0,291.0,10.0,2.85,0.415,2041.54,270.58,22.82,987.94,-2517.86,-6023.66,27100.0,3140.67,355.33,stop_touch,expired,2020-11-20,41.29,91.14,355.33,
2020-08-28,2020-11-20,84,350.58,22.96,0.2017,321/311/301/291,321.0,311.0,301.0,291.0,10.0,2.85,0.415,2041.54,270.58,22.82,987.94,-2517.86,-6023.66,27100.0,3140.67,355.33,stop_close,expired,2020-11-20,41.29,91.14,355.33,
2020-09-04,2020-11-20,77,342.57,30.75,0.2483,310/298/287/276,309.0,298.0,287.0,276.0,11.0,3.21,0.374,2237.37,253.63,25.96,2042.97,-1382.73,-4808.43,25400.0,3034.51,355.33,hold,expired,2020-11-20,37.12,83.87,355.33,
2020-09-04,2020-11-20,77,342.57,30.75,0.2483,310/298/287/276,309.0,298.0,287.0,276.0,11.0,3.21,0.374,2237.37,253.63,25.96,2042.97,-1382.73,-4808.43,25400.0,3034.51,355.33,stop_touch,expired,2020-11-20,37.12,83.87,355.33,
2020-09-04,2020-11-20,77,342.57,30.75,0.2483,310/298/287/276,309.0,298.0,287.0,276.0,11.0,3.21,0.374,2237.37,253.63,25.96,2042.97,-1382.73,-4808.43,25400.0,3034.51,355.33,stop_close,expired,2020-11-20,37.12,83.87,355.33,
2020-09-11,2020-12-18,98,334.06,26.87,0.2251,301/290/279/268,301.0,290.0,279.0,268.0,11.0,3.29,0.494,2249.45,245.51,26.51,2174.25,-1166.35,-4506.95,24600.0,2944.29,369.18,hold,expired,2020-12-18,49.2,113.97,369.18,
2020-09-11,2020-12-18,98,334.06,26.87,0.2251,301/290/279/268,301.0,290.0,279.0,268.0,11.0,3.29,0.494,2249.45,245.51,26.51,2174.25,-1166.35,-4506.95,24600.0,2944.29,369.18,stop_touch,expired,2020-12-18,49.2,113.97,369.18,
2020-09-11,2020-12-18,98,334.06,26.87,0.2251,301/290/279/268,301.0,290.0,279.0,268.0,11.0,3.29,0.494,2249.45,245.51,26.51,2174.25,-1166.35,-4506.95,24600.0,2944.29,369.18,stop_close,expired,2020-12-18,49.2,113.97,369.18,
2020-09-18,2020-12-18,91,330.65,25.83,0.2189,300/289/279/268,301.0,290.0,279.0,268.0,11.0,3.33,0.223,2222.27,245.78,25.67,1874.27,-1432.23,-4738.73,24600.0,2944.06,369.18,hold,expired,2020-12-18,22.02,51.54,369.18,
2020-09-18,2020-12-18,91,330.65,25.83,0.2189,300/289/279/268,301.0,290.0,279.0,268.0,11.0,3.33,0.223,2222.27,245.78,25.67,1874.27,-1432.23,-4738.73,24600.0,2944.06,369.18,stop_touch,expired,2020-12-18,22.02,51.54,369.18,
2020-09-18,2020-12-18,91,330.65,25.83,0.2189,300/289/279/268,301.0,290.0,279.0,268.0,11.0,3.33,0.223,2222.27,245.78,25.67,1874.27,-1432.23,-4738.73,24600.0,2944.06,369.18,stop_close,expired,2020-12-18,22.02,51.54,369.18,
2020-09-25,2020-12-18,84,328.73,26.38,0.2222,299/288/278/268,298.0,288.0,278.0,268.0,10.0,3.04,0.469,2046.9,247.53,24.7,1545.3,-1742.0,-5029.3,24800.0,2912.05,369.18,hold,expired,2020-12-18,46.65,109.84,369.18,
2020-09-25,2020-12-18,84,328.73,26.38,0.2222,299/288/278/268,298.0,288.0,278.0,268.0,10.0,3.04,0.469,2046.9,247.53,24.7,1545.3,-1742.0,-5029.3,24800.0,2912.05,369.18,stop_touch,expired,2020-12-18,46.65,109.84,369.18,
2020-09-25,2020-12-18,84,328.73,26.38,0.2222,299/288/278/268,298.0,288.0,278.0,268.0,10.0,3.04,0.469,2046.9,247.53,24.7,1545.3,-1742.0,-5029.3,24800.0,2912.05,369.18,stop_close,expired,2020-12-18,46.65,109.84,369.18,
2020-10-02,2020-12-18,77,333.84,27.63,0.2296,304/293/283/273,303.0,293.0,283.0,273.0,10.0,3.0,0.497,2049.67,252.5,24.36,1456.87,-1881.53,-5219.93,25300.0,2962.03,369.18,hold,expired,2020-12-18,49.42,114.56,369.18,
2020-10-02,2020-12-18,77,333.84,27.63,0.2296,304/293/283/273,303.0,293.0,283.0,273.0,10.0,3.0,0.497,2049.67,252.5,24.36,1456.87,-1881.53,-5219.93,25300.0,2962.03,369.18,stop_touch,expired,2020-12-18,49.42,114.56,369.18,
2020-10-02,2020-12-18,77,333.84,27.63,0.2296,304/293/283/273,303.0,293.0,283.0,273.0,10.0,3.0,0.497,2049.67,252.5,24.36,1456.87,-1881.53,-5219.93,25300.0,2962.03,369.18,stop_close,expired,2020-12-18,49.42,114.56,369.18,
2020-10-09,2021-01-15,98,346.85,25.0,0.2139,314/303/292/281,314.0,303.0,292.0,281.0,11.0,3.17,0.483,2248.3,258.52,25.47,1896.3,-1572.2,-5040.7,25900.0,3071.43,375.7,hold,expired,2021-01-15,48.05,107.21,375.7,
2020-10-09,2021-01-15,98,346.85,25.0,0.2139,314/303/292/281,314.0,303.0,292.0,281.0,11.0,3.17,0.483,2248.3,258.52,25.47,1896.3,-1572.2,-5040.7,25900.0,3071.43,375.7,stop_touch,expired,2021-01-15,48.05,107.21,375.7,
2020-10-09,2021-01-15,98,346.85,25.0,0.2139,314/303/292/281,314.0,303.0,292.0,281.0,11.0,3.17,0.483,2248.3,258.52,25.47,1896.3,-1572.2,-5040.7,25900.0,3071.43,375.7,stop_close,expired,2021-01-15,48.05,107.21,375.7,
2020-10-16,2021-01-15,91,347.29,27.41,0.2283,314/302/291/280,313.0,302.0,291.0,280.0,11.0,3.17,0.588,2258.78,257.41,25.88,2041.98,-1430.92,-4903.82,25800.0,3060.28,375.7,hold,expired,2021-01-15,58.53,130.43,375.7,
2020-10-16,2021-01-15,91,347.29,27.41,0.2283,314/302/291/280,313.0,302.0,291.0,280.0,11.0,3.17,0.588,2258.78,257.41,25.88,2041.98,-1430.92,-4903.82,25800.0,3060.28,375.7,stop_touch,expired,2021-01-15,58.53,130.43,375.7,
2020-10-16,2021-01-15,91,347.29,27.41,0.2283,314/302/291/280,313.0,302.0,291.0,280.0,11.0,3.17,0.588,2258.78,257.41,25.88,2041.98,-1430.92,-4903.82,25800.0,3060.28,375.7,stop_close,expired,2021-01-15,58.53,130.43,375.7,
2020-10-23,2021-01-15,84,345.78,27.55,0.2291,313/302/291/281,314.0,303.0,292.0,281.0,11.0,3.18,0.438,2243.76,258.56,25.22,1806.16,-1651.64,-5109.44,25900.0,3073.82,375.7,hold,expired,2021-01-15,43.51,97.38,375.7,
2020-10-23,2021-01-15,84,345.78,27.55,0.2291,313/302/291/281,314.0,303.0,292.0,281.0,11.0,3.18,0.438,2243.76,258.56,25.22,1806.16,-1651.64,-5109.44,25900.0,3073.82,375.7,stop_touch,expired,2021-01-15,43.51,97.38,375.7,
2020-10-23,2021-01-15,84,345.78,27.55,0.2291,313/302/291/281,314.0,303.0,292.0,281.0,11.0,3.18,0.438,2243.76,258.56,25.22,1806.16,-1651.64,-5109.44,25900.0,3073.82,375.7,stop_close,expired,2021-01-15,43.51,97.38,375.7,
2020-10-30,2021-01-15,77,326.54,38.02,0.2918,291/278/267/255,291.0,279.0,267.0,255.0,12.0,3.67,0.383,2438.29,230.62,29.38,1815.09,-203.91,-3469.31,23100.0,2864.84,375.7,hold,expired,2021-01-15,38.04,90.17,375.7,
2020-10-30,2021-01-15,77,326.54,38.02,0.2918,291/278/267/255,291.0,279.0,267.0,255.0,12.0,3.67,0.383,2438.29,230.62,29.38,1815.09,-203.91,-3469.31,23100.0,2864.84,375.7,stop_touch,expired,2021-01-15,38.04,90.17,375.7,
2020-10-30,2021-01-15,77,326.54,38.02,0.2918,291/278/267/255,291.0,279.0,267.0,255.0,12.0,3.67,0.383,2438.29,230.62,29.38,1815.09,-203.91,-3469.31,23100.0,2864.84,375.7,stop_close,expired,2021-01-15,38.04,90.17,375.7,
2020-11-06,2021-02-19,105,350.16,24.86,0.2131,316/304/293/282,315.0,304.0,293.0,282.0,11.0,3.14,0.636,2263.63,259.36,25.93,2076.43,-1425.17,-4926.77,26000.0,3079.3,390.03,hold,expired,2021-02-19,63.38,140.09,390.03,
2020-11-06,2021-02-19,105,350.16,24.86,0.2131,316/304/293/282,315.0,304.0,293.0,282.0,11.0,3.14,0.636,2263.63,259.36,25.93,2076.43,-1425.17,-4926.77,26000.0,3079.3,390.03,stop_touch,expired,2021-02-19,63.38,140.09,390.03,
2020-11-06,2021-02-19,105,350.16,24.86,0.2131,316/304/293/282,315.0,304.0,293.0,282.0,11.0,3.14,0.636,2263.63,259.36,25.93,2076.43,-1425.17,-4926.77,26000.0,3079.3,390.03,stop_close,expired,2021-02-19,63.38,140.09,390.03,
2020-11-13,2021-02-19,98,358.1,23.1,0.2025,326/314/304/293,326.0,315.0,304.0,293.0,11.0,3.07,0.432,2243.19,270.57,24.44,1591.19,-1989.81,-5570.81,27100.0,3189.49,390.03,hold,expired,2021-02-19,42.94,92.8,390.03,
2020-11-13,2021-02-19,98,358.1,23.1,0.2025,326/314/304/293,326.0,315.0,304.0,293.0,11.0,3.07,0.432,2243.19,270.57,24.44,1591.19,-1989.81,-5570.81,27100.0,3189.49,390.03,stop_touch,expired,2021-02-19,42.94,92.8,390.03,
2020-11-13,2021-02-19,98,358.1,23.1,0.2025,326/314/304/293,326.0,315.0,304.0,293.0,11.0,3.07,0.432,2243.19,270.57,24.44,1591.19,-1989.81,-5570.81,27100.0,3189.49,390.03,stop_close,expired,2021-02-19,42.94,92.8,390.03,
2020-11-20,2021-02-19,91,355.33,23.7,0.2061,324/313/302/292,325.0,314.0,303.0,292.0,11.0,3.1,0.327,2232.69,269.67,24.11,1459.09,-2094.21,-5647.51,27000.0,3182.76,390.03,hold,expired,2021-02-19,32.44,70.66,390.03,
2020-11-20,2021-02-19,91,355.33,23.7,0.2061,324/313/302/292,325.0,314.0,303.0,292.0,11.0,3.1,0.327,2232.69,269.67,24.11,1459.09,-2094.21,-5647.51,27000.0,3182.76,390.03,stop_touch,expired,2021-02-19,32.44,70.66,390.03,
2020-11-20,2021-02-19,91,355.33,23.7,0.2061,324/313/302/292,325.0,314.0,303.0,292.0,11.0,3.1,0.327,2232.69,269.67,24.11,1459.09,-2094.21,-5647.51,27000.0,3182.76,390.03,stop_close,expired,2021-02-19,32.44,70.66,390.03,
2020-11-27,2021-02-19,84,363.67,20.84,0.189,335/324/315/305,335.0,325.0,315.0,305.0,10.0,2.75,0.351,2035.11,284.65,21.73,628.71,-3007.99,-6644.69,28500.0,3279.09,390.03,hold,expired,2021-02-19,34.86,74.19,390.03,
2020-11-27,2021-02-19,84,363.67,20.84,0.189,335/324/315/305,335.0,325.0,315.0,305.0,10.0,2.75,0.351,2035.11,284.65,21.73,628.71,-3007.99,-6644.69,28500.0,3279.09,390.03,stop_touch,expired,2021-02-19,34.86,74.19,390.03,
2020-11-27,2021-02-19,84,363.67,20.84,0.189,335/324/315/305,335.0,325.0,315.0,305.0,10.0,2.75,0.351,2035.11,284.65,21.73,628.71,-3007.99,-6644.69,28500.0,3279.09,390.03,stop_close,expired,2021-02-19,34.86,74.19,390.03,
2020-12-04,2021-02-19,77,369.85,20.79,0.1887,341/332/322/312,342.0,332.0,322.0,312.0,10.0,2.7,0.273,2027.34,291.73,21.12,415.34,-3283.16,-6981.66,29200.0,3346.28,390.03,hold,expired,2021-02-19,27.09,56.68,390.03,
2020-12-04,2021-02-19,77,369.85,20.79,0.1887,341/332/322/312,342.0,332.0,322.0,312.0,10.0,2.7,0.273,2027.34,291.73,21.12,415.34,-3283.16,-6981.66,29200.0,3346.28,390.03,stop_touch,expired,2021-02-19,27.09,56.68,390.03,
2020-12-04,2021-02-19,77,369.85,20.79,0.1887,341/332/322/312,342.0,332.0,322.0,312.0,10.0,2.7,0.273,2027.34,291.73,21.12,415.34,-3283.16,-6981.66,29200.0,3346.28,390.03,stop_close,expired,2021-02-19,27.09,56.68,390.03,
2020-12-11,2021-03-19,98,366.3,23.31,0.2038,333/321/310/299,332.0,321.0,310.0,299.0,11.0,3.0,0.553,2255.34,276.45,24.53,1659.34,-2003.66,-5666.66,27700.0,3243.6,389.48,hold,expired,2021-03-19,55.09,116.4,389.48,
2020-12-11,2021-03-19,98,366.3,23.31,0.2038,333/321/310/299,332.0,321.0,310.0,299.0,11.0,3.0,0.553,2255.34,276.45,24.53,1659.34,-2003.66,-5666.66,27700.0,3243.6,389.48,stop_touch,expired,2021-03-19,55.09,116.4,389.48,
2020-12-11,2021-03-19,98,366.3,23.31,0.2038,333/321/310/299,332.0,321.0,310.0,299.0,11.0,3.0,0.553,2255.34,276.45,24.53,1659.34,-2003.66,-5666.66,27700.0,3243.6,389.48,stop_close,expired,2021-03-19,55.09,116.4,389.48,
2020-12-18,2021-03-19,91,369.18,21.57,0.1934,338/327/317/306,339.0,328.0,317.0,306.0,11.0,2.98,0.274,2227.39,283.73,23.15,1161.79,-2530.01,-6221.81,28400.0,3315.97,389.48,hold,expired,2021-03-19,27.14,56.89,389.48,
2020-12-18,2021-03-19,91,369.18,21.57,0.1934,338/327/317/306,339.0,328.0,317.0,306.0,11.0,2.98,0.274,2227.39,283.73,23.15,1161.79,-2530.01,-6221.81,28400.0,3315.97,389.48,stop_touch,expired,2021-03-19,27.14,56.89,389.48,
2020-12-18,2021-03-19,91,369.18,21.57,0.1934,338/327/317/306,339.0,328.0,317.0,306.0,11.0,2.98,0.274,2227.39,283.73,23.15,1161.79,-2530.01,-6221.81,28400.0,3315.97,389.48,stop_close,expired,2021-03-19,27.14,56.89,389.48,
2020-12-24,2021-03-19,85,369.0,21.53,0.1931,339/328/318/308,338.0,328.0,318.0,308.0,10.0,2.71,0.497,2049.71,287.5,22.09,769.71,-2920.29,-6610.29,28800.0,3305.24,389.48,hold,expired,2021-03-19,49.46,103.74,389.48,
2020-12-24,2021-03-19,85,369.0,21.53,0.1931,339/328/318/308,338.0,328.0,318.0,308.0,10.0,2.71,0.497,2049.71,287.5,22.09,769.71,-2920.29,-6610.29,28800.0,3305.24,389.48,stop_touch,expired,2021-03-19,49.46,103.74,389.48,
2020-12-24,2021-03-19,85,369.0,21.53,0.1931,339/328/318/308,338.0,328.0,318.0,308.0,10.0,2.71,0.497,2049.71,287.5,22.09,769.71,-2920.29,-6610.29,28800.0,3305.24,389.48,stop_close,expired,2021-03-19,49.46,103.74,389.48,
2020-12-31,2021-03-19,78,373.88,22.75,0.2004,343/333/323/312,342.0,332.0,322.0,312.0,10.0,2.67,0.527,2052.72,291.47,22.04,763.12,-2975.68,-6714.48,29200.0,3340.88,389.48,hold,expired,2021-03-19,52.47,108.61,389.48,
2020-12-31,2021-03-19,78,373.88,22.75,0.2004,343/333/323/312,342.0,332.0,322.0,312.0,10.0,2.67,0.527,2052.72,291.47,22.04,763.12,-2975.68,-6714.48,29200.0,3340.88,389.48,stop_touch,expired,2021-03-19,52.47,108.61,389.48,
2020-12-31,2021-03-19,78,373.88,22.75,0.2004,343/333/323/312,342.0,332.0,322.0,312.0,10.0,2.67,0.527,2052.72,291.47,22.04,763.12,-2975.68,-6714.48,29200.0,3340.88,389.48,stop_close,expired,2021-03-19,52.47,108.61,389.48,
2021-01-08,2021-04-16,98,381.26,21.56,0.1933,348/336/325/314,347.0,336.0,325.0,314.0,11.0,2.89,0.549,2254.93,291.45,23.56,1355.73,-2456.87,-6269.47,29200.0,3392.87,417.26,hold,expired,2021-04-16,54.68,111.0,417.26,
2021-01-08,2021-04-16,98,381.26,21.56,0.1933,348/336/325/314,347.0,336.0,325.0,314.0,11.0,2.89,0.549,2254.93,291.45,23.56,1355.73,-2456.87,-6269.47,29200.0,3392.87,417.26,stop_touch,expired,2021-04-16,54.68,111.0,417.26,
2021-01-08,2021-04-16,98,381.26,21.56,0.1933,348/336/325/314,347.0,336.0,325.0,314.0,11.0,2.89,0.549,2254.93,291.45,23.56,1355.73,-2456.87,-6269.47,29200.0,3392.87,417.26,stop_close,expired,2021-04-16,54.68,111.0,417.26,
2021-01-15,2021-04-16,91,375.7,24.34,0.21,341/330/318/307,340.0,329.0,318.0,307.0,11.0,2.93,0.644,2264.41,284.36,24.31,1620.41,-2136.59,-5893.59,28500.0,3321.97,417.26,hold,expired,2021-04-16,64.16,132.17,417.26,
2021-01-15,2021-04-16,91,375.7,24.34,0.21,341/330/318/307,340.0,329.0,318.0,307.0,11.0,2.93,0.644,2264.41,284.36,24.31,1620.41,-2136.59,-5893.59,28500.0,3321.97,417.26,stop_touch,expired,2021-04-16,64.16,132.17,417.26,
2021-01-15,2021-04-16,91,375.7,24.34,0.21,341/330/318/307,340.0,329.0,318.0,307.0,11.0,2.93,0.644,2264.41,284.36,24.31,1620.41,-2136.59,-5893.59,28500.0,3321.97,417.26,stop_close,expired,2021-04-16,64.16,132.17,417.26,
2021-01-22,2021-04-16,84,382.88,21.91,0.1954,351/340/329/319,352.0,341.0,330.0,319.0,11.0,2.87,0.33,2233.0,296.67,22.52,963.4,-2865.4,-6694.2,29700.0,3444.97,417.26,hold,expired,2021-04-16,32.75,66.19,417.26,
2021-01-22,2021-04-16,84,382.88,21.91,0.1954,351/340/329/319,352.0,341.0,330.0,319.0,11.0,2.87,0.33,2233.0,296.67,22.52,963.4,-2865.4,-6694.2,29700.0,3444.97,417.26,stop_touch,expired,2021-04-16,32.75,66.19,417.26,
2021-01-22,2021-04-16,84,382.88,21.91,0.1954,351/340/329/319,352.0,341.0,330.0,319.0,11.0,2.87,0.33,2233.0,296.67,22.52,963.4,-2865.4,-6694.2,29700.0,3444.97,417.26,stop_close,expired,2021-04-16,32.75,66.19,417.26,
2021-01-29,2021-04-16,77,370.07,33.09,0.2623,333/320/307/295,334.0,321.0,308.0,295.0,13.0,3.51,0.242,2624.15,268.76,27.38,2518.55,-970.95,-4671.65,26900.0,3284.82,417.26,hold,expired,2021-04-16,23.9,49.99,417.26,
2021-01-29,2021-04-16,77,370.07,33.09,0.2623,333/320/307/295,334.0,321.0,308.0,295.0,13.0,3.51,0.242,2624.15,268.76,27.38,2518.55,-970.95,-4671.65,26900.0,3284.82,417.26,stop_touch,expired,2021-04-16,23.9,49.99,417.26,
2021-01-29,2021-04-16,77,370.07,33.09,0.2623,333/320/307/295,334.0,321.0,308.0,295.0,13.0,3.51,0.242,2624.15,268.76,27.38,2518.55,-970.95,-4671.65,26900.0,3284.82,417.26,stop_close,expired,2021-04-16,23.9,49.99,417.26,
2021-02-05,2021-05-21,105,387.71,20.87,0.1892,353/341/330/318,354.0,342.0,330.0,318.0,12.0,3.1,0.325,2432.53,293.67,24.25,1649.33,-2227.77,-6104.87,29400.0,3461.7,414.94,hold,expired,2021-05-21,32.28,64.44,414.94,
2021-02-05,2021-05-21,105,387.71,20.87,0.1892,353/341/330/318,354.0,342.0,330.0,318.0,12.0,3.1,0.325,2432.53,293.67,24.25,1649.33,-2227.77,-6104.87,29400.0,3461.7,414.94,stop_touch,expired,2021-05-21,32.28,64.44,414.94,
2021-02-05,2021-05-21,105,387.71,20.87,0.1892,353/341/330/318,354.0,342.0,330.0,318.0,12.0,3.1,0.325,2432.53,293.67,24.25,1649.33,-2227.77,-6104.87,29400.0,3461.7,414.94,stop_close,expired,2021-05-21,32.28,64.44,414.94,
2021-02-12,2021-05-21,98,392.64,19.97,0.1838,359/348/337/326,359.0,348.0,337.0,326.0,11.0,2.8,0.499,2249.92,303.5,22.7,1061.12,-2865.28,-6791.68,30400.0,3510.71,414.94,hold,expired,2021-05-21,49.67,97.9,414.94,
2021-02-12,2021-05-21,98,392.64,19.97,0.1838,359/348/337/326,359.0,348.0,337.0,326.0,11.0,2.8,0.499,2249.92,303.5,22.7,1061.12,-2865.28,-6791.68,30400.0,3510.71,414.94,stop_touch,expired,2021-05-21,49.67,97.9,414.94,
2021-02-12,2021-05-21,98,392.64,19.97,0.1838,359/348/337/326,359.0,348.0,337.0,326.0,11.0,2.8,0.499,2249.92,303.5,22.7,1061.12,-2865.28,-6791.68,30400.0,3510.71,414.94,stop_close,expired,2021-05-21,49.67,97.9,414.94,
2021-02-19,2021-05-21,91,390.03,22.05,0.1963,356/345/334/322,355.0,344.0,333.0,322.0,11.0,2.82,0.568,2256.78,299.43,23.23,1259.18,-2641.12,-6541.42,30000.0,3467.19,414.94,hold,expired,2021-05-21,56.53,112.17,414.94,
2021-02-19,2021-05-21,91,390.03,22.05,0.1963,356/345/334/322,355.0,344.0,333.0,322.0,11.0,2.82,0.568,2256.78,299.43,23.23,1259.18,-2641.12,-6541.42,30000.0,3467.19,414.94,stop_touch,expired,2021-05-21,56.53,112.17,414.94,
2021-02-19,2021-05-21,91,390.03,22.05,0.1963,356/345/334/322,355.0,344.0,333.0,322.0,11.0,2.82,0.568,2256.78,299.43,23.23,1259.18,-2641.12,-6541.42,30000.0,3467.19,414.94,stop_close,expired,2021-05-21,56.53,112.17,414.94,
2021-02-26,2021-05-21,84,380.36,27.95,0.2315,344/332/320/308,344.0,332.0,320.0,308.0,12.0,3.15,0.572,2457.19,283.43,25.48,2085.99,-1717.61,-5521.21,28400.0,3364.2,414.94,hold,expired,2021-05-21,56.94,115.86,414.94,
2021-02-26,2021-05-21,84,380.36,27.95,0.2315,344/332/320/308,344.0,332.0,320.0,308.0,12.0,3.15,0.572,2457.19,283.43,25.48,2085.99,-1717.61,-5521.21,28400.0,3364.2,414.94,stop_touch,expired,2021-05-21,56.94,115.86,414.94,
2021-02-26,2021-05-21,84,380.36,27.95,0.2315,344/332/320/308,344.0,332.0,320.0,308.0,12.0,3.15,0.572,2457.19,283.43,25.48,2085.99,-1717.61,-5521.21,28400.0,3364.2,414.94,stop_close,expired,2021-05-21,56.94,115.86,414.94,
2021-03-05,2021-05-21,77,383.63,24.66,0.2119,351/340/329/318,351.0,340.0,329.0,318.0,11.0,2.87,0.467,2246.73,295.53,22.96,1137.13,-2699.17,-6535.47,29600.0,3433.79,414.94,hold,expired,2021-05-21,46.48,93.78,414.94,
2021-03-05,2021-05-21,77,383.63,24.66,0.2119,351/340/329/318,351.0,340.0,329.0,318.0,11.0,2.87,0.467,2246.73,295.53,22.96,1137.13,-2699.17,-6535.47,29600.0,3433.79,414.94,stop_touch,expired,2021-05-21,46.48,93.78,414.94,
2021-03-05,2021-05-21,77,383.63,24.66,0.2119,351/340/329/318,351.0,340.0,329.0,318.0,11.0,2.87,0.467,2246.73,295.53,22.96,1137.13,-2699.17,-6535.47,29600.0,3433.79,414.94,stop_close,expired,2021-05-21,46.48,93.78,414.94,
2021-03-12,2021-06-18,98,394.06,20.69,0.1881,360/348/337/326,359.0,348.0,337.0,326.0,11.0,2.79,0.597,2259.73,303.4,23.01,1184.53,-2756.07,-6696.67,30400.0,3509.55,414.92,hold,expired,2021-06-18,59.48,116.82,414.92,
2021-03-12,2021-06-18,98,394.06,20.69,0.1881,360/348/337/326,359.0,348.0,337.0,326.0,11.0,2.79,0.597,2259.73,303.4,23.01,1184.53,-2756.07,-6696.67,30400.0,3509.55,414.92,stop_touch,expired,2021-06-18,59.48,116.82,414.92,
2021-03-12,2021-06-18,98,394.06,20.69,0.1881,360/348/337/326,359.0,348.0,337.0,326.0,11.0,2.79,0.597,2259.73,303.4,23.01,1184.53,-2756.07,-6696.67,30400.0,3509.55,414.92,stop_close,expired,2021-06-18,59.48,116.82,414.92,
2021-03-19,2021-06-18,91,389.48,20.95,0.1897,357/345/335/324,357.0,346.0,335.0,324.0,11.0,2.82,0.442,2244.16,301.56,22.57,1002.56,-2892.24,-6787.04,30200.0,3493.27,414.92,hold,expired,2021-06-18,43.91,87.26,414.92,
2021-03-19,2021-06-18,91,389.48,20.95,0.1897,357/345/335/324,357.0,346.0,335.0,324.0,11.0,2.82,0.442,2244.16,301.56,22.57,1002.56,-2892.24,-6787.04,30200.0,3493.27,414.92,stop_touch,expired,2021-06-18,43.91,87.26,414.92,
2021-03-19,2021-06-18,91,389.48,20.95,0.1897,357/345/335/324,357.0,346.0,335.0,324.0,11.0,2.82,0.442,2244.16,301.56,22.57,1002.56,-2892.24,-6787.04,30200.0,3493.27,414.92,stop_close,expired,2021-06-18,43.91,87.26,414.92,
2021-03-26,2021-06-18,84,395.98,18.86,0.1772,366/355/345/335,365.0,355.0,345.0,335.0,10.0,2.53,0.481,2048.06,314.52,20.57,226.46,-3733.34,-7693.14,31500.0,3572.05,414.92,hold,expired,2021-06-18,47.81,93.44,414.92,
2021-03-26,2021-06-18,84,395.98,18.86,0.1772,366/355/345/335,365.0,355.0,345.0,335.0,10.0,2.53,0.481,2048.06,314.52,20.57,226.46,-3733.34,-7693.14,31500.0,3572.05,414.92,stop_touch,expired,2021-06-18,47.81,93.44,414.92,
2021-03-26,2021-06-18,84,395.98,18.86,0.1772,366/355/345/335,365.0,355.0,345.0,335.0,10.0,2.53,0.481,2048.06,314.52,20.57,226.46,-3733.34,-7693.14,31500.0,3572.05,414.92,stop_close,expired,2021-06-18,47.81,93.44,414.92,
2021-04-01,2021-06-18,78,400.61,17.33,0.168,372/362/353/343,373.0,363.0,353.0,343.0,10.0,2.5,0.238,2023.79,322.76,19.43,-227.41,-4233.51,-8239.61,32300.0,3652.83,414.92,hold,expired,2021-06-18,23.54,45.48,414.92,
2021-04-01,2021-06-18,78,400.61,17.33,0.168,372/362/353/343,373.0,363.0,353.0,343.0,10.0,2.5,0.238,2023.79,322.76,19.43,-227.41,-4233.51,-8239.61,32300.0,3652.83,414.92,stop_touch,expired,2021-06-18,23.54,45.48,414.92,
2021-04-01,2021-06-18,78,400.61,17.33,0.168,372/362/353/343,373.0,363.0,353.0,343.0,10.0,2.5,0.238,2023.79,322.76,19.43,-227.41,-4233.51,-8239.61,32300.0,3652.83,414.92,stop_close,expired,2021-06-18,23.54,45.48,414.92,
2021-04-09,2021-07-16,98,411.49,16.69,0.1642,380/369/358/348,381.0,370.0,359.0,348.0,11.0,2.67,0.303,2230.28,325.7,20.85,349.48,-3765.42,-7880.32,32600.0,3732.86,431.34,hold,expired,2021-07-16,30.03,56.48,431.34,
2021-04-09,2021-07-16,98,411.49,16.69,0.1642,380/369/358/348,381.0,370.0,359.0,348.0,11.0,2.67,0.303,2230.28,325.7,20.85,349.48,-3765.42,-7880.32,32600.0,3732.86,431.34,stop_touch,expired,2021-07-16,30.03,56.48,431.34,
2021-04-09,2021-07-16,98,411.49,16.69,0.1642,380/369/358/348,381.0,370.0,359.0,348.0,11.0,2.67,0.303,2230.28,325.7,20.85,349.48,-3765.42,-7880.32,32600.0,3732.86,431.34,stop_close,expired,2021-07-16,30.03,56.48,431.34,
2021-04-16,2021-07-16,91,417.26,16.25,0.1616,386/376/366/355,385.0,375.0,365.0,355.0,10.0,2.4,0.517,2051.7,334.48,19.84,-67.5,-4240.1,-8412.7,33500.0,3765.35,431.34,hold,expired,2021-07-16,51.45,95.44,431.34,
2021-04-16,2021-07-16,91,417.26,16.25,0.1616,386/376/366/355,385.0,375.0,365.0,355.0,10.0,2.4,0.517,2051.7,334.48,19.84,-67.5,-4240.1,-8412.7,33500.0,3765.35,431.34,stop_touch,expired,2021-07-16,51.45,95.44,431.34,
2021-04-16,2021-07-16,91,417.26,16.25,0.1616,386/376/366/355,385.0,375.0,365.0,355.0,10.0,2.4,0.517,2051.7,334.48,19.84,-67.5,-4240.1,-8412.7,33500.0,3765.35,431.34,stop_close,expired,2021-07-16,51.45,95.44,431.34,
2021-04-23,2021-07-16,84,416.74,17.33,0.168,386/376/365/355,385.0,375.0,365.0,355.0,10.0,2.4,0.507,2050.71,334.49,19.74,-110.09,-4277.49,-8444.89,33500.0,3766.99,431.34,hold,expired,2021-07-16,50.46,93.72,431.34,
2021-04-23,2021-07-16,84,416.74,17.33,0.168,386/376/365/355,385.0,375.0,365.0,355.0,10.0,2.4,0.507,2050.71,334.49,19.74,-110.09,-4277.49,-8444.89,33500.0,3766.99,431.34,stop_touch,expired,2021-07-16,50.46,93.72,431.34,
2021-04-23,2021-07-16,84,416.74,17.33,0.168,386/376/365/355,385.0,375.0,365.0,355.0,10.0,2.4,0.507,2050.71,334.49,19.74,-110.09,-4277.49,-8444.89,33500.0,3766.99,431.34,stop_close,expired,2021-07-16,50.46,93.72,431.34,
2021-04-30,2021-07-16,77,417.3,18.61,0.1757,387/376/366/356,386.0,376.0,366.0,356.0,10.0,2.4,0.513,2051.32,335.49,19.61,-164.68,-4337.68,-8510.68,33600.0,3779.35,431.34,hold,expired,2021-07-16,51.07,94.71,431.34,
2021-04-30,2021-07-16,77,417.3,18.61,0.1757,387/376/366/356,386.0,376.0,366.0,356.0,10.0,2.4,0.513,2051.32,335.49,19.61,-164.68,-4337.68,-8510.68,33600.0,3779.35,431.34,stop_touch,expired,2021-07-16,51.07,94.71,431.34,
2021-04-30,2021-07-16,77,417.3,18.61,0.1757,387/376/366/356,386.0,376.0,366.0,356.0,10.0,2.4,0.513,2051.32,335.49,19.61,-164.68,-4337.68,-8510.68,33600.0,3779.35,431.34,stop_close,expired,2021-07-16,51.07,94.71,431.34,
2021-05-07,2021-08-20,105,422.12,16.69,0.1642,388/377/366/355,388.0,377.0,366.0,355.0,11.0,2.61,0.538,2253.76,332.46,21.24,523.36,-3697.84,-7919.04,33300.0,3797.32,443.36,hold,expired,2021-08-20,53.51,98.11,443.36,
2021-05-07,2021-08-20,105,422.12,16.69,0.1642,388/377/366/355,388.0,377.0,366.0,355.0,11.0,2.61,0.538,2253.76,332.46,21.24,523.36,-3697.84,-7919.04,33300.0,3797.32,443.36,stop_touch,expired,2021-08-20,53.51,98.11,443.36,
2021-05-07,2021-08-20,105,422.12,16.69,0.1642,388/377/366/355,388.0,377.0,366.0,355.0,11.0,2.61,0.538,2253.76,332.46,21.24,523.36,-3697.84,-7919.04,33300.0,3797.32,443.36,stop_close,expired,2021-08-20,53.51,98.11,443.36,
2021-05-14,2021-08-20,98,416.58,18.81,0.1769,382/371/359/348,381.0,370.0,359.0,348.0,11.0,2.64,0.62,2261.98,325.38,21.89,788.38,-3377.42,-7543.22,32600.0,3724.72,443.36,hold,expired,2021-08-20,61.73,114.69,443.36,
2021-05-14,2021-08-20,98,416.58,18.81,0.1769,382/371/359/348,381.0,370.0,359.0,348.0,11.0,2.64,0.62,2261.98,325.38,21.89,788.38,-3377.42,-7543.22,32600.0,3724.72,443.36,stop_touch,expired,2021-08-20,61.73,114.69,443.36,
2021-05-14,2021-08-20,98,416.58,18.81,0.1769,382/371/359/348,381.0,370.0,359.0,348.0,11.0,2.64,0.62,2261.98,325.38,21.89,788.38,-3377.42,-7543.22,32600.0,3724.72,443.36,stop_close,expired,2021-08-20,61.73,114.69,443.36,
2021-05-21,2021-08-20,91,414.94,20.15,0.1849,381/369/358/346,382.0,370.0,358.0,346.0,12.0,2.89,0.285,2428.46,321.72,22.47,1023.66,-3125.74,-7275.14,32200.0,3736.45,443.36,hold,expired,2021-08-20,28.21,52.62,443.36,
2021-05-21,2021-08-20,91,414.94,20.15,0.1849,381/369/358/346,382.0,370.0,358.0,346.0,12.0,2.89,0.285,2428.46,321.72,22.47,1023.66,-3125.74,-7275.14,32200.0,3736.45,443.36,stop_touch,expired,2021-08-20,28.21,52.62,443.36,
2021-05-21,2021-08-20,91,414.94,20.15,0.1849,381/369/358/346,382.0,370.0,358.0,346.0,12.0,2.89,0.285,2428.46,321.72,22.47,1023.66,-3125.74,-7275.14,32200.0,3736.45,443.36,stop_close,expired,2021-08-20,28.21,52.62,443.36,
2021-05-28,2021-08-20,84,420.04,16.76,0.1646,390/379/369/359,389.0,379.0,369.0,359.0,10.0,2.38,0.471,2047.14,338.53,19.41,-249.66,-4450.06,-8650.46,33900.0,3808.13,443.36,hold,expired,2021-08-20,46.89,86.4,443.36,
2021-05-28,2021-08-20,84,420.04,16.76,0.1646,390/379/369/359,389.0,379.0,369.0,359.0,10.0,2.38,0.471,2047.14,338.53,19.41,-249.66,-4450.06,-8650.46,33900.0,3808.13,443.36,stop_touch,expired,2021-08-20,46.89,86.4,443.36,
2021-05-28,2021-08-20,84,420.04,16.76,0.1646,390/379/369/359,389.0,379.0,369.0,359.0,10.0,2.38,0.471,2047.14,338.53,19.41,-249.66,-4450.06,-8650.46,33900.0,3808.13,443.36,stop_close,expired,2021-08-20,46.89,86.4,443.36,
2021-06-04,2021-08-20,77,422.6,16.42,0.1626,394/384/374/364,394.0,384.0,374.0,364.0,10.0,2.37,0.314,2031.35,343.69,18.67,-560.65,-4786.65,-9012.65,34400.0,3859.92,443.36,hold,expired,2021-08-20,31.1,56.96,443.36,
2021-06-04,2021-08-20,77,422.6,16.42,0.1626,394/384/374/364,394.0,384.0,374.0,364.0,10.0,2.37,0.314,2031.35,343.69,18.67,-560.65,-4786.65,-9012.65,34400.0,3859.92,443.36,stop_touch,expired,2021-08-20,31.1,56.96,443.36,
2021-06-04,2021-08-20,77,422.6,16.42,0.1626,394/384/374/364,394.0,384.0,374.0,364.0,10.0,2.37,0.314,2031.35,343.69,18.67,-560.65,-4786.65,-9012.65,34400.0,3859.92,443.36,stop_close,expired,2021-08-20,31.1,56.96,443.36,
2021-06-11,2021-09-17,98,424.31,15.65,0.158,392/382/371/360,393.0,382.0,371.0,360.0,11.0,2.59,0.304,2230.37,337.7,20.41,175.17,-4067.93,-8311.03,33800.0,3845.02,441.4,hold,expired,2021-09-17,30.12,54.95,441.4,
2021-06-11,2021-09-17,98,424.31,15.65,0.158,392/382/371/360,393.0,382.0,371.0,360.0,11.0,2.59,0.304,2230.37,337.7,20.41,175.17,-4067.93,-8311.03,33800.0,3845.02,441.4,stop_touch,expired,2021-09-17,30.12,54.95,441.4,
2021-06-11,2021-09-17,98,424.31,15.65,0.158,392/382/371/360,393.0,382.0,371.0,360.0,11.0,2.59,0.304,2230.37,337.7,20.41,175.17,-4067.93,-8311.03,33800.0,3845.02,441.4,stop_close,expired,2021-09-17,30.12,54.95,441.4,
2021-06-18,2021-09-17,91,414.92,20.7,0.1882,380/368/357/345,381.0,369.0,357.0,345.0,12.0,2.89,0.351,2435.08,320.65,22.72,1128.68,-3020.52,-7169.72,32100.0,3725.28,441.4,hold,expired,2021-09-17,34.83,64.96,441.4,
2021-06-18,2021-09-17,91,414.92,20.7,0.1882,380/368/357/345,381.0,369.0,357.0,345.0,12.0,2.89,0.351,2435.08,320.65,22.72,1128.68,-3020.52,-7169.72,32100.0,3725.28,441.4,stop_touch,expired,2021-09-17,34.83,64.96,441.4,
2021-06-18,2021-09-17,91,414.92,20.7,0.1882,380/368/357/345,381.0,369.0,357.0,345.0,12.0,2.89,0.351,2435.08,320.65,22.72,1128.68,-3020.52,-7169.72,32100.0,3725.28,441.4,stop_close,expired,2021-09-17,34.83,64.96,441.4,
2021-06-25,2021-09-17,84,426.61,15.62,0.1578,397/387/377/367,397.0,387.0,377.0,367.0,10.0,2.34,0.394,2039.41,346.61,18.75,-531.79,-4797.89,-9063.99,34700.0,3890.46,441.4,hold,expired,2021-09-17,39.16,71.04,441.4,
2021-06-25,2021-09-17,84,426.61,15.62,0.1578,397/387/377/367,397.0,387.0,377.0,367.0,10.0,2.34,0.394,2039.41,346.61,18.75,-531.79,-4797.89,-9063.99,34700.0,3890.46,441.4,stop_touch,expired,2021-09-17,39.16,71.04,441.4,
2021-06-25,2021-09-17,84,426.61,15.62,0.1578,397/387/377/367,397.0,387.0,377.0,367.0,10.0,2.34,0.394,2039.41,346.61,18.75,-531.79,-4797.89,-9063.99,34700.0,3890.46,441.4,stop_close,expired,2021-09-17,39.16,71.04,441.4,
2021-07-02,2021-09-17,77,433.72,15.07,0.1545,405/395/386/376,406.0,396.0,386.0,376.0,10.0,2.31,0.25,2025.04,355.75,17.98,-877.36,-5214.56,-9551.76,35600.0,3979.56,441.4,hold,expired,2021-09-17,24.79,44.24,441.4,
2021-07-02,2021-09-17,77,433.72,15.07,0.1545,405/395/386/376,406.0,396.0,386.0,376.0,10.0,2.31,0.25,2025.04,355.75,17.98,-877.36,-5214.56,-9551.76,35600.0,3979.56,441.4,stop_touch,expired,2021-09-17,24.79,44.24,441.4,
2021-07-02,2021-09-17,77,433.72,15.07,0.1545,405/395/386/376,406.0,396.0,386.0,376.0,10.0,2.31,0.25,2025.04,355.75,17.98,-877.36,-5214.56,-9551.76,35600.0,3979.56,441.4,stop_close,expired,2021-09-17,24.79,44.24,441.4,
2021-07-09,2021-10-15,98,435.52,16.18,0.1612,402/391/380/369,402.0,391.0,380.0,369.0,11.0,2.53,0.481,2248.06,346.52,20.44,189.66,-4165.54,-8520.74,34700.0,3933.87,445.87,hold,expired,2021-10-15,47.81,84.96,445.87,
2021-07-09,2021-10-15,98,435.52,16.18,0.1612,402/391/380/369,402.0,391.0,380.0,369.0,11.0,2.53,0.481,2248.06,346.52,20.44,189.66,-4165.54,-8520.74,34700.0,3933.87,445.87,stop_touch,expired,2021-10-15,47.81,84.96,445.87,
2021-07-09,2021-10-15,98,435.52,16.18,0.1612,402/391/380/369,402.0,391.0,380.0,369.0,11.0,2.53,0.481,2248.06,346.52,20.44,189.66,-4165.54,-8520.74,34700.0,3933.87,445.87,stop_close,expired,2021-10-15,47.81,84.96,445.87,
2021-07-16,2021-10-15,91,431.34,18.45,0.1747,397/386/374/363,396.0,385.0,374.0,363.0,11.0,2.55,0.592,2259.17,340.41,21.08,466.37,-3847.03,-8160.43,34100.0,3871.08,445.87,hold,expired,2021-10-15,58.92,105.72,445.87,
2021-07-16,2021-10-15,91,431.34,18.45,0.1747,397/386/374/363,396.0,385.0,374.0,363.0,11.0,2.55,0.592,2259.17,340.41,21.08,466.37,-3847.03,-8160.43,34100.0,3871.08,445.87,stop_touch,expired,2021-10-15,58.92,105.72,445.87,
2021-07-16,2021-10-15,91,431.34,18.45,0.1747,397/386/374/363,396.0,385.0,374.0,363.0,11.0,2.55,0.592,2259.17,340.41,21.08,466.37,-3847.03,-8160.43,34100.0,3871.08,445.87,stop_close,expired,2021-10-15,58.92,105.72,445.87,
2021-07-23,2021-10-15,84,439.94,17.2,0.1673,408/397/386/375,408.0,397.0,386.0,375.0,11.0,2.5,0.379,2237.86,352.62,19.85,-66.94,-4466.34,-8865.74,35300.0,3993.37,445.87,hold,expired,2021-10-15,37.61,66.15,445.87,
2021-07-23,2021-10-15,84,439.94,17.2,0.1673,408/397/386/375,408.0,397.0,386.0,375.0,11.0,2.5,0.379,2237.86,352.62,19.85,-66.94,-4466.34,-8865.74,35300.0,3993.37,445.87,stop_touch,expired,2021-10-15,37.61,66.15,445.87,
2021-07-23,2021-10-15,84,439.94,17.2,0.1673,408/397/386/375,408.0,397.0,386.0,375.0,11.0,2.5,0.379,2237.86,352.62,19.85,-66.94,-4466.34,-8865.74,35300.0,3993.37,445.87,stop_close,expired,2021-10-15,37.61,66.15,445.87,
2021-07-30,2021-10-15,77,438.51,18.24,0.1735,407/396/385/374,407.0,396.0,385.0,374.0,11.0,2.51,0.34,2233.96,351.66,19.81,-85.24,-4470.34,-8855.44,35200.0,3982.07,445.87,hold,expired,2021-10-15,33.71,59.5,445.87,
2021-07-30,2021-10-15,77,438.51,18.24,0.1735,407/396/385/374,407.0,396.0,385.0,374.0,11.0,2.51,0.34,2233.96,351.66,19.81,-85.24,-4470.34,-8855.44,35200.0,3982.07,445.87,stop_touch,expired,2021-10-15,33.71,59.5,445.87,
2021-07-30,2021-10-15,77,438.51,18.24,0.1735,407/396/385/374,407.0,396.0,385.0,374.0,11.0,2.51,0.34,2233.96,351.66,19.81,-85.24,-4470.34,-8855.44,35200.0,3982.07,445.87,stop_close,expired,2021-10-15,33.71,59.5,445.87,
2021-08-06,2021-11-19,105,442.49,16.15,0.161,408/396/384/373,409.0,397.0,385.0,373.0,12.0,2.71,0.332,2433.24,348.67,21.2,532.44,-3892.46,-8317.36,34900.0,4004.53,468.89,hold,expired,2021-11-19,32.99,57.7,468.89,
2021-08-06,2021-11-19,105,442.49,16.15,0.161,408/396/384/373,409.0,397.0,385.0,373.0,12.0,2.71,0.332,2433.24,348.67,21.2,532.44,-3892.46,-8317.36,34900.0,4004.53,468.89,stop_touch,expired,2021-11-19,32.99,57.7,468.89,
2021-08-06,2021-11-19,105,442.49,16.15,0.161,408/396/384/373,409.0,397.0,385.0,373.0,12.0,2.71,0.332,2433.24,348.67,21.2,532.44,-3892.46,-8317.36,34900.0,4004.53,468.89,stop_close,expired,2021-11-19,32.99,57.7,468.89,
2021-08-13,2021-11-19,98,445.92,15.45,0.1568,413/401/390/379,412.0,401.0,390.0,379.0,11.0,2.47,0.485,2248.45,356.52,20.05,22.05,-4437.15,-8896.35,35700.0,4030.34,468.89,hold,expired,2021-11-19,48.2,83.66,468.89,
2021-08-13,2021-11-19,98,445.92,15.45,0.1568,413/401/390/379,412.0,401.0,390.0,379.0,11.0,2.47,0.485,2248.45,356.52,20.05,22.05,-4437.15,-8896.35,35700.0,4030.34,468.89,stop_touch,expired,2021-11-19,48.2,83.66,468.89,
2021-08-13,2021-11-19,98,445.92,15.45,0.1568,413/401/390/379,412.0,401.0,390.0,379.0,11.0,2.47,0.485,2248.45,356.52,20.05,22.05,-4437.15,-8896.35,35700.0,4030.34,468.89,stop_close,expired,2021-11-19,48.2,83.66,468.89,
2021-08-20,2021-11-19,91,443.36,18.56,0.1754,408/396/385/373,409.0,397.0,385.0,373.0,12.0,2.71,0.392,2439.18,348.61,21.37,607.98,-3825.62,-8259.22,34900.0,4001.24,468.89,hold,expired,2021-11-19,38.93,67.96,468.89,
2021-08-20,2021-11-19,91,443.36,18.56,0.1754,408/396/385/373,409.0,397.0,385.0,373.0,12.0,2.71,0.392,2439.18,348.61,21.37,607.98,-3825.62,-8259.22,34900.0,4001.24,468.89,stop_touch,expired,2021-11-19,38.93,67.96,468.89,
2021-08-20,2021-11-19,91,443.36,18.56,0.1754,408/396/385/373,409.0,397.0,385.0,373.0,12.0,2.71,0.392,2439.18,348.61,21.37,607.98,-3825.62,-8259.22,34900.0,4001.24,468.89,stop_close,expired,2021-11-19,38.93,67.96,468.89,
2021-08-27,2021-11-19,84,450.25,16.39,0.1624,418/407/396/385,418.0,407.0,396.0,385.0,11.0,2.44,0.375,2237.49,362.63,19.46,-242.51,-4745.01,-9247.51,36300.0,4089.64,468.89,hold,expired,2021-11-19,37.24,64.01,468.89,
2021-08-27,2021-11-19,84,450.25,16.39,0.1624,418/407/396/385,418.0,407.0,396.0,385.0,11.0,2.44,0.375,2237.49,362.63,19.46,-242.51,-4745.01,-9247.51,36300.0,4089.64,468.89,stop_touch,expired,2021-11-19,37.24,64.01,468.89,
2021-08-27,2021-11-19,84,450.25,16.39,0.1624,418/407/396/385,418.0,407.0,396.0,385.0,11.0,2.44,0.375,2237.49,362.63,19.46,-242.51,-4745.01,-9247.51,36300.0,4089.64,468.89,stop_close,expired,2021-11-19,37.24,64.01,468.89,
2021-09-03,2021-11-19,77,453.08,16.41,0.1625,422/411/401/390,423.0,412.0,401.0,390.0,11.0,2.43,0.249,2224.94,367.75,18.83,-528.66,-5059.46,-9590.26,36800.0,4142.67,468.89,hold,expired,2021-11-19,24.69,42.18,468.89,
2021-09-03,2021-11-19,77,453.08,16.41,0.1625,422/411/401/390,423.0,412.0,401.0,390.0,11.0,2.43,0.249,2224.94,367.75,18.83,-528.66,-5059.46,-9590.26,36800.0,4142.67,468.89,stop_touch,expired,2021-11-19,24.69,42.18,468.89,
2021-09-03,2021-11-19,77,453.08,16.41,0.1625,422/411/401/390,423.0,412.0,401.0,390.0,11.0,2.43,0.249,2224.94,367.75,18.83,-528.66,-5059.46,-9590.26,36800.0,4142.67,468.89,stop_close,expired,2021-11-19,24.69,42.18,468.89,
2021-09-10,2021-12-17,98,445.44,20.95,0.1897,407/393/381/368,407.0,394.0,381.0,368.0,13.0,2.92,0.528,2652.81,341.47,23.34,1488.01,-2966.39,-7420.79,34200.0,3979.71,459.87,hold,expired,2021-12-17,52.56,91.32,459.87,
2021-09-10,2021-12-17,98,445.44,20.95,0.1897,407/393/381/368,407.0,394.0,381.0,368.0,13.0,2.92,0.528,2652.81,341.47,23.34,1488.01,-2966.39,-7420.79,34200.0,3979.71,459.87,stop_touch,expired,2021-12-17,52.56,91.32,459.87,
2021-09-10,2021-12-17,98,445.44,20.95,0.1897,407/393/381/368,407.0,394.0,381.0,368.0,13.0,2.92,0.528,2652.81,341.47,23.34,1488.01,-2966.39,-7420.79,34200.0,3979.71,459.87,stop_close,expired,2021-12-17,52.56,91.32,459.87,
2021-09-17,2021-12-17,91,441.4,20.81,0.1888,404/392/379/367,403.0,391.0,379.0,367.0,12.0,2.72,0.654,2465.44,342.35,22.44,1077.44,-3336.56,-7750.56,34300.0,3937.14,459.87,hold,expired,2021-12-17,65.19,114.3,459.87,
2021-09-17,2021-12-17,91,441.4,20.81,0.1888,404/392/379/367,403.0,391.0,379.0,367.0,12.0,2.72,0.654,2465.44,342.35,22.44,1077.44,-3336.56,-7750.56,34300.0,3937.14,459.87,stop_touch,expired,2021-12-17,65.19,114.3,459.87,
2021-09-17,2021-12-17,91,441.4,20.81,0.1888,404/392/379/367,403.0,391.0,379.0,367.0,12.0,2.72,0.654,2465.44,342.35,22.44,1077.44,-3336.56,-7750.56,34300.0,3937.14,459.87,stop_close,expired,2021-12-17,65.19,114.3,459.87,
2021-09-24,2021-12-17,84,443.91,17.75,0.1705,411/400/389/377,410.0,399.0,388.0,377.0,11.0,2.48,0.485,2248.51,354.51,20.14,61.31,-4377.79,-8816.89,35500.0,4008.79,459.87,hold,expired,2021-12-17,48.26,84.13,459.87,
2021-09-24,2021-12-17,84,443.91,17.75,0.1705,411/400/389/377,410.0,399.0,388.0,377.0,11.0,2.48,0.485,2248.51,354.51,20.14,61.31,-4377.79,-8816.89,35500.0,4008.79,459.87,stop_touch,expired,2021-12-17,48.26,84.13,459.87,
2021-09-24,2021-12-17,84,443.91,17.75,0.1705,411/400/389/377,410.0,399.0,388.0,377.0,11.0,2.48,0.485,2248.51,354.51,20.14,61.31,-4377.79,-8816.89,35500.0,4008.79,459.87,stop_close,expired,2021-12-17,48.26,84.13,459.87,
2021-10-01,2021-12-17,77,434.24,21.15,0.1909,400/388/377/366,399.0,388.0,377.0,366.0,11.0,2.53,0.634,2263.38,343.37,20.93,402.58,-3939.82,-8282.22,34400.0,3903.01,459.87,hold,expired,2021-12-17,63.13,112.51,459.87,
2021-10-01,2021-12-17,77,434.24,21.15,0.1909,400/388/377/366,399.0,388.0,377.0,366.0,11.0,2.53,0.634,2263.38,343.37,20.93,402.58,-3939.82,-8282.22,34400.0,3903.01,459.87,stop_touch,expired,2021-12-17,63.13,112.51,459.87,
2021-10-01,2021-12-17,77,434.24,21.15,0.1909,400/388/377/366,399.0,388.0,377.0,366.0,11.0,2.53,0.634,2263.38,343.37,20.93,402.58,-3939.82,-8282.22,34400.0,3903.01,459.87,stop_close,expired,2021-12-17,63.13,112.51,459.87,
2021-10-08,2022-01-21,105,437.86,18.77,0.1766,401/388/376/364,400.0,388.0,376.0,364.0,12.0,2.74,0.641,2464.05,339.36,22.5,1092.85,-3285.75,-7664.35,34000.0,3911.72,437.98,hold,expired,2022-01-21,63.8,112.77,437.98,
2021-10-08,2022-01-21,105,437.86,18.77,0.1766,401/388/376/364,400.0,388.0,376.0,364.0,12.0,2.74,0.641,2464.05,339.36,22.5,1092.85,-3285.75,-7664.35,34000.0,3911.72,437.98,stop_touch,expired,2022-01-21,63.8,112.77,437.98,
2021-10-08,2022-01-21,105,437.86,18.77,0.1766,401/388/376/364,400.0,388.0,376.0,364.0,12.0,2.74,0.641,2464.05,339.36,22.5,1092.85,-3285.75,-7664.35,34000.0,3911.72,437.98,stop_close,expired,2022-01-21,63.8,112.77,437.98,
2021-10-15,2022-01-21,98,445.87,16.3,0.1619,412/400/389/377,413.0,401.0,389.0,377.0,12.0,2.69,0.26,2426.02,352.74,20.89,395.62,-4063.08,-8521.78,35300.0,4040.85,437.98,hold,expired,2022-01-21,25.77,44.73,437.98,
2021-10-15,2022-01-21,98,445.87,16.3,0.1619,412/400/389/377,413.0,401.0,389.0,377.0,12.0,2.69,0.26,2426.02,352.74,20.89,395.62,-4063.08,-8521.78,35300.0,4040.85,437.98,stop_touch,expired,2022-01-21,25.77,44.73,437.98,
2021-10-15,2022-01-21,98,445.87,16.3,0.1619,412/400/389/377,413.0,401.0,389.0,377.0,12.0,2.69,0.26,2426.02,352.74,20.89,395.62,-4063.08,-8521.78,35300.0,4040.85,437.98,stop_close,expired,2022-01-21,25.77,44.73,437.98,
2021-10-22,2022-01-21,91,453.12,15.43,0.1567,420/409/398/388,421.0,410.0,399.0,388.0,11.0,2.43,0.414,2241.43,365.59,19.32,-308.97,-4840.17,-9371.37,36600.0,4124.82,437.98,hold,expired,2022-01-21,41.18,70.34,437.98,
2021-10-22,2022-01-21,91,453.12,15.43,0.1567,420/409/398/388,421.0,410.0,399.0,388.0,11.0,2.43,0.414,2241.43,365.59,19.32,-308.97,-4840.17,-9371.37,36600.0,4124.82,437.98,stop_touch,expired,2022-01-21,41.18,70.34,437.98,
2021-10-22,2022-01-21,91,453.12,15.43,0.1567,420/409/398/388,421.0,410.0,399.0,388.0,11.0,2.43,0.414,2241.43,365.59,19.32,-308.97,-4840.17,-9371.37,36600.0,4124.82,437.98,stop_close,expired,2022-01-21,41.18,70.34,437.98,
2021-10-29,2022-01-21,84,459.25,16.26,0.1616,427/415/404/393,426.0,415.0,404.0,393.0,11.0,2.4,0.44,2244.01,370.56,19.31,-315.99,-4908.49,-9500.99,37100.0,4167.56,437.98,hold,expired,2022-01-21,43.76,73.74,437.98,
2021-10-29,2022-01-21,84,459.25,16.26,0.1616,427/415/404/393,426.0,415.0,404.0,393.0,11.0,2.4,0.44,2244.01,370.56,19.31,-315.99,-4908.49,-9500.99,37100.0,4167.56,437.98,stop_touch,expired,2022-01-21,43.76,73.74,437.98,
2021-10-29,2022-01-21,84,459.25,16.26,0.1616,427/415/404/393,426.0,415.0,404.0,393.0,11.0,2.4,0.44,2244.01,370.56,19.31,-315.99,-4908.49,-9500.99,37100.0,4167.56,437.98,stop_close,expired,2022-01-21,43.76,73.74,437.98,
2021-11-05,2022-01-21,77,468.53,16.48,0.163,436/425/414/403,436.0,425.0,414.0,403.0,11.0,2.35,0.397,2239.74,380.6,18.77,-577.86,-5263.16,-9948.46,38100.0,4266.74,437.98,hold,expired,2022-01-21,39.49,65.23,437.98,
2021-11-05,2022-01-21,77,468.53,16.48,0.163,436/425/414/403,436.0,425.0,414.0,403.0,11.0,2.35,0.397,2239.74,380.6,18.77,-577.86,-5263.16,-9948.46,38100.0,4266.74,437.98,stop_touch,expired,2022-01-21,39.49,65.23,437.98,
2021-11-05,2022-01-21,77,468.53,16.48,0.163,436/425/414/403,436.0,425.0,414.0,403.0,11.0,2.35,0.397,2239.74,380.6,18.77,-577.86,-5263.16,-9948.46,38100.0,4266.74,437.98,stop_close,expired,2022-01-21,39.49,65.23,437.98,
2021-11-12,2022-02-18,98,467.27,16.29,0.1618,431/419/407/396,432.0,420.0,408.0,396.0,12.0,2.57,0.471,2447.07,371.53,20.49,228.67,-4444.03,-9116.73,37200.0,4229.59,434.23,hold,expired,2022-02-18,46.82,77.54,434.23,
2021-11-12,2022-02-18,98,467.27,16.29,0.1618,431/419/407/396,432.0,420.0,408.0,396.0,12.0,2.57,0.471,2447.07,371.53,20.49,228.67,-4444.03,-9116.73,37200.0,4229.59,434.23,stop_touch,expired,2022-02-18,46.82,77.54,434.23,
2021-11-12,2022-02-18,98,467.27,16.29,0.1618,431/419/407/396,432.0,420.0,408.0,396.0,12.0,2.57,0.471,2447.07,371.53,20.49,228.67,-4444.03,-9116.73,37200.0,4229.59,434.23,stop_close,expired,2022-02-18,46.82,77.54,434.23,
2021-11-19,2022-02-18,91,468.89,17.91,0.1715,433/420/408/396,432.0,420.0,408.0,396.0,12.0,2.56,0.566,2456.61,371.43,20.78,367.81,-4321.09,-9009.99,37200.0,4225.54,434.23,hold,expired,2022-02-18,56.36,93.03,434.23,
2021-11-19,2022-02-18,91,468.89,17.91,0.1715,433/420/408/396,432.0,420.0,408.0,396.0,12.0,2.56,0.566,2456.61,371.43,20.78,367.81,-4321.09,-9009.99,37200.0,4225.54,434.23,stop_touch,expired,2022-02-18,56.36,93.03,434.23,
2021-11-19,2022-02-18,91,468.89,17.91,0.1715,433/420/408/396,432.0,420.0,408.0,396.0,12.0,2.56,0.566,2456.61,371.43,20.78,367.81,-4321.09,-9009.99,37200.0,4225.54,434.23,stop_close,expired,2022-02-18,56.36,93.03,434.23,
2021-11-26,2022-02-18,84,458.97,28.62,0.2355,415/399/385/370,415.0,400.0,385.0,370.0,15.0,3.27,0.607,3060.65,339.39,26.05,2778.25,-1811.45,-6401.15,34000.0,4055.2,434.23,hold,expired,2022-02-18,60.4,101.86,434.23,
2021-11-26,2022-02-18,84,458.97,28.62,0.2355,415/399/385/370,415.0,400.0,385.0,370.0,15.0,3.27,0.607,3060.65,339.39,26.05,2778.25,-1811.45,-6401.15,34000.0,4055.2,434.23,stop_touch,expired,2022-02-18,60.4,101.86,434.23,
2021-11-26,2022-02-18,84,458.97,28.62,0.2355,415/399/385/370,415.0,400.0,385.0,370.0,15.0,3.27,0.607,3060.65,339.39,26.05,2778.25,-1811.45,-6401.15,34000.0,4055.2,434.23,stop_close,expired,2022-02-18,60.4,101.86,434.23,
2021-12-03,2022-02-18,77,453.42,30.67,0.2478,410/394/380/365,410.0,395.0,380.0,365.0,15.0,3.31,0.415,3041.51,334.58,26.21,2815.11,-1719.09,-6253.29,33500.0,4020.72,434.23,hold,expired,2022-02-18,41.26,70.42,434.23,
2021-12-03,2022-02-18,77,453.42,30.67,0.2478,410/394/380/365,410.0,395.0,380.0,365.0,15.0,3.31,0.415,3041.51,334.58,26.21,2815.11,-1719.09,-6253.29,33500.0,4020.72,434.23,stop_touch,expired,2022-02-18,41.26,70.42,434.23,
2021-12-03,2022-02-18,77,453.42,30.67,0.2478,410/394/380/365,410.0,395.0,380.0,365.0,15.0,3.31,0.415,3041.51,334.58,26.21,2815.11,-1719.09,-6253.29,33500.0,4020.72,434.23,stop_close,expired,2022-02-18,41.26,70.42,434.23,
2021-12-10,2022-03-18,98,470.74,18.69,0.1762,432/419/406/393,432.0,419.0,406.0,393.0,13.0,2.76,0.506,2650.58,366.49,22.15,1009.78,-3697.62,-8405.02,36700.0,4221.35,444.52,hold,expired,2022-03-18,50.33,82.75,444.52,
2021-12-10,2022-03-18,98,470.74,18.69,0.1762,432/419/406/393,432.0,419.0,406.0,393.0,13.0,2.76,0.506,2650.58,366.49,22.15,1009.78,-3697.62,-8405.02,36700.0,4221.35,444.52,stop_touch,expired,2022-03-18,50.33,82.75,444.52,
2021-12-10,2022-03-18,98,470.74,18.69,0.1762,432/419/406/393,432.0,419.0,406.0,393.0,13.0,2.76,0.506,2650.58,366.49,22.15,1009.78,-3697.62,-8405.02,36700.0,4221.35,444.52,stop_close,expired,2022-03-18,50.33,82.75,444.52,
2021-12-17,2022-03-18,91,459.87,21.57,0.1934,421/407/394/381,420.0,407.0,394.0,381.0,13.0,2.83,0.616,2661.64,354.38,22.94,1351.24,-3247.46,-7846.16,35500.0,4104.15,444.52,hold,expired,2022-03-18,61.39,103.32,444.52,
2021-12-17,2022-03-18,91,459.87,21.57,0.1934,421/407/394/381,420.0,407.0,394.0,381.0,13.0,2.83,0.616,2661.64,354.38,22.94,1351.24,-3247.46,-7846.16,35500.0,4104.15,444.52,stop_touch,expired,2022-03-18,61.39,103.32,444.52,
2021-12-17,2022-03-18,91,459.87,21.57,0.1934,421/407/394/381,420.0,407.0,394.0,381.0,13.0,2.83,0.616,2661.64,354.38,22.94,1351.24,-3247.46,-7846.16,35500.0,4104.15,444.52,stop_close,expired,2022-03-18,61.39,103.32,444.52,
2021-12-23,2022-03-18,85,470.6,17.96,0.1718,435/423/411/399,435.0,423.0,411.0,399.0,12.0,2.55,0.458,2445.78,374.54,20.41,193.78,-4512.22,-9218.22,37500.0,4253.75,444.52,hold,expired,2022-03-18,45.53,74.87,444.52,
2021-12-23,2022-03-18,85,470.6,17.96,0.1718,435/423/411/399,435.0,423.0,411.0,399.0,12.0,2.55,0.458,2445.78,374.54,20.41,193.78,-4512.22,-9218.22,37500.0,4253.75,444.52,stop_touch,expired,2022-03-18,45.53,74.87,444.52,
2021-12-23,2022-03-18,85,470.6,17.96,0.1718,435/423/411/399,435.0,423.0,411.0,399.0,12.0,2.55,0.458,2445.78,374.54,20.41,193.78,-4512.22,-9218.22,37500.0,4253.75,444.52,stop_close,expired,2022-03-18,45.53,74.87,444.52,
2021-12-31,2022-03-18,77,474.96,17.22,0.1674,442/430/419/408,441.0,430.0,419.0,408.0,11.0,2.32,0.546,2254.6,385.45,18.84,-548.6,-5298.2,-10047.8,38600.0,4319.29,444.52,hold,expired,2022-03-18,54.35,88.56,444.52,
2021-12-31,2022-03-18,77,474.96,17.22,0.1674,442/430/419/408,441.0,430.0,419.0,408.0,11.0,2.32,0.546,2254.6,385.45,18.84,-548.6,-5298.2,-10047.8,38600.0,4319.29,444.52,stop_touch,expired,2022-03-18,54.35,88.56,444.52,
2021-12-31,2022-03-18,77,474.96,17.22,0.1674,442/430/419/408,441.0,430.0,419.0,408.0,11.0,2.32,0.546,2254.6,385.45,18.84,-548.6,-5298.2,-10047.8,38600.0,4319.29,444.52,stop_close,expired,2022-03-18,54.35,88.56,444.52,
2022-01-07,2022-04-15,98,466.09,18.76,0.1766,431/418/405/392,431.0,418.0,405.0,392.0,13.0,2.79,0.418,2641.84,365.58,21.56,729.04,-3931.86,-8592.76,36600.0,4210.86,437.79,hold,expired,2022-04-14,41.59,69.05,437.79,
2022-01-07,2022-04-15,98,466.09,18.76,0.1766,431/418/405/392,431.0,418.0,405.0,392.0,13.0,2.79,0.418,2641.84,365.58,21.56,729.04,-3931.86,-8592.76,36600.0,4210.86,437.79,stop_touch,expired,2022-04-14,41.59,69.05,437.79,
2022-01-07,2022-04-15,98,466.09,18.76,0.1766,431/418/405/392,431.0,418.0,405.0,392.0,13.0,2.79,0.418,2641.84,365.58,21.56,729.04,-3931.86,-8592.76,36600.0,4210.86,437.79,stop_close,expired,2022-04-14,41.59,69.05,437.79,
2022-01-14,2022-04-15,91,464.72,19.19,0.1792,430/417/405/393,429.0,417.0,405.0,393.0,12.0,2.58,0.649,2464.87,368.35,20.74,342.47,-4304.73,-8951.93,36900.0,4194.51,437.79,hold,expired,2022-04-14,64.62,107.62,437.79,
2022-01-14,2022-04-15,91,464.72,19.19,0.1792,430/417/405/393,429.0,417.0,405.0,393.0,12.0,2.58,0.649,2464.87,368.35,20.74,342.47,-4304.73,-8951.93,36900.0,4194.51,437.79,stop_touch,expired,2022-04-14,64.62,107.62,437.79,
2022-01-14,2022-04-15,91,464.72,19.19,0.1792,430/417/405/393,429.0,417.0,405.0,393.0,12.0,2.58,0.649,2464.87,368.35,20.74,342.47,-4304.73,-8951.93,36900.0,4194.51,437.79,stop_close,expired,2022-04-14,64.62,107.62,437.79,
2022-01-21,2022-04-15,84,437.98,28.85,0.2369,398/383/369/355,397.0,383.0,369.0,355.0,14.0,3.2,0.68,2867.96,326.32,25.49,2406.36,-1973.44,-6353.24,32700.0,3875.71,437.79,hold,expired,2022-04-14,67.71,119.65,437.79,
2022-01-21,2022-04-15,84,437.98,28.85,0.2369,398/383/369/355,397.0,383.0,369.0,355.0,14.0,3.2,0.68,2867.96,326.32,25.49,2406.36,-1973.44,-6353.24,32700.0,3875.71,437.79,stop_touch,expired,2022-04-14,67.71,119.65,437.79,
2022-01-21,2022-04-15,84,437.98,28.85,0.2369,398/383/369/355,397.0,383.0,369.0,355.0,14.0,3.2,0.68,2867.96,326.32,25.49,2406.36,-1973.44,-6353.24,32700.0,3875.71,437.79,stop_close,expired,2022-04-14,67.71,119.65,437.79,
2022-01-28,2022-04-15,77,441.95,27.66,0.2298,404/390/377/363,405.0,391.0,377.0,363.0,14.0,3.17,0.4,2839.97,334.6,24.29,1895.97,-2523.53,-6943.03,33500.0,3957.76,437.79,hold,expired,2022-04-14,39.72,69.56,437.79,
2022-01-28,2022-04-15,77,441.95,27.66,0.2298,404/390/377/363,405.0,391.0,377.0,363.0,14.0,3.17,0.4,2839.97,334.6,24.29,1895.97,-2523.53,-6943.03,33500.0,3957.76,437.79,stop_touch,expired,2022-04-14,39.72,69.56,437.79,
2022-01-28,2022-04-15,77,441.95,27.66,0.2298,404/390/377/363,405.0,391.0,377.0,363.0,14.0,3.17,0.4,2839.97,334.6,24.29,1895.97,-2523.53,-6943.03,33500.0,3957.76,437.79,stop_close,expired,2022-04-14,39.72,69.56,437.79,
2022-02-04,2022-05-20,105,448.7,23.22,0.2033,409/395/381/367,409.0,395.0,381.0,367.0,14.0,3.12,0.626,2862.58,338.37,24.59,2058.58,-2428.42,-6915.42,33900.0,3995.8,389.63,hold,expired,2022-05-20,1462.33,2522.27,389.63,
2022-02-04,2022-05-20,105,448.7,23.22,0.2033,409/395/381/367,409.0,395.0,381.0,367.0,14.0,3.12,0.626,2862.58,338.37,24.59,2058.58,-2428.42,-6915.42,33900.0,3995.8,389.63,stop_touch,expired,2022-05-20,1462.33,2522.27,389.63,
2022-02-04,2022-05-20,105,448.7,23.22,0.2033,409/395/381/367,409.0,395.0,381.0,367.0,14.0,3.12,0.626,2862.58,338.37,24.59,2058.58,-2428.42,-6915.42,33900.0,3995.8,389.63,stop_close,expired,2022-05-20,1462.33,2522.27,389.63,
2022-02-11,2022-05-20,98,440.46,27.36,0.228,399/384/369/355,400.0,385.0,370.0,355.0,15.0,3.41,0.536,3053.58,324.46,26.34,2790.38,-1614.22,-6018.82,32500.0,3912.06,389.63,hold,expired,2022-05-20,1090.33,1915.81,389.63,
2022-02-11,2022-05-20,98,440.46,27.36,0.228,399/384/369/355,400.0,385.0,370.0,355.0,15.0,3.41,0.536,3053.58,324.46,26.34,2790.38,-1614.22,-6018.82,32500.0,3912.06,389.63,stop_touch,expired,2022-05-20,1090.33,1915.81,389.63,
2022-02-11,2022-05-20,98,440.46,27.36,0.228,399/384/369/355,400.0,385.0,370.0,355.0,15.0,3.41,0.536,3053.58,324.46,26.34,2790.38,-1614.22,-6018.82,32500.0,3912.06,389.63,stop_close,expired,2022-05-20,1090.33,1915.81,389.63,
2022-02-18,2022-05-20,91,434.23,27.75,0.2303,394/379/365/351,393.0,379.0,365.0,351.0,14.0,3.22,0.683,2868.33,322.32,25.77,2506.73,-1835.57,-6177.87,32300.0,3835.18,389.63,hold,expired,2022-05-20,405.08,721.98,389.63,
2022-02-18,2022-05-20,91,434.23,27.75,0.2303,394/379/365/351,393.0,379.0,365.0,351.0,14.0,3.22,0.683,2868.33,322.32,25.77,2506.73,-1835.57,-6177.87,32300.0,3835.18,389.63,stop_touch,expired,2022-05-20,405.08,721.98,389.63,
2022-02-18,2022-05-20,91,434.23,27.75,0.2303,394/379/365/351,393.0,379.0,365.0,351.0,14.0,3.22,0.683,2868.33,322.32,25.77,2506.73,-1835.57,-6177.87,32300.0,3835.18,389.63,stop_close,expired,2022-05-20,405.08,721.98,389.63,
2022-02-25,2022-05-20,84,437.75,27.59,0.2294,399/384/371/357,399.0,385.0,371.0,357.0,14.0,3.2,0.531,2853.14,328.47,24.96,2173.14,-2204.36,-6581.86,32900.0,3897.72,389.63,hold,expired,2022-05-20,989.89,1750.1,389.63,
2022-02-25,2022-05-20,84,437.75,27.59,0.2294,399/384/371/357,399.0,385.0,371.0,357.0,14.0,3.2,0.531,2853.14,328.47,24.96,2173.14,-2204.36,-6581.86,32900.0,3897.72,389.63,stop_touch,expired,2022-05-20,989.89,1750.1,389.63,
2022-02-25,2022-05-20,84,437.75,27.59,0.2294,399/384/371/357,399.0,385.0,371.0,357.0,14.0,3.2,0.531,2853.14,328.47,24.96,2173.14,-2204.36,-6581.86,32900.0,3897.72,389.63,stop_close,expired,2022-05-20,989.89,1750.1,389.63,
2022-03-04,2022-05-20,77,432.17,31.98,0.2556,391/377/362/348,390.0,376.0,362.0,348.0,14.0,3.24,0.601,2860.14,319.4,26.09,2633.74,-1687.96,-6009.66,32000.0,3821.15,389.63,hold,expired,2022-05-20,96.89,173.51,389.63,
2022-03-04,2022-05-20,77,432.17,31.98,0.2556,391/377/362/348,390.0,376.0,362.0,348.0,14.0,3.24,0.601,2860.14,319.4,26.09,2633.74,-1687.96,-6009.66,32000.0,3821.15,389.63,stop_touch,expired,2022-05-20,96.89,173.51,389.63,
2022-03-04,2022-05-20,77,432.17,31.98,0.2556,391/377/362/348,390.0,376.0,362.0,348.0,14.0,3.24,0.601,2860.14,319.4,26.09,2633.74,-1687.96,-6009.66,32000.0,3821.15,389.63,stop_close,expired,2022-05-20,96.89,173.51,389.63,
2022-03-11,2022-06-17,98,420.07,30.75,0.2483,377/362/347/333,378.0,363.0,348.0,333.0,15.0,3.57,0.505,3050.49,302.5,27.99,2744.89,-844.61,-5045.31,30300.0,3713.44,365.86,hold,expired,2022-06-17,1264.24,2329.22,365.86,
2022-03-11,2022-06-17,98,420.07,30.75,0.2483,377/362/347/333,378.0,363.0,348.0,333.0,15.0,3.57,0.505,3050.49,302.5,27.99,2744.89,-844.61,-5045.31,30300.0,3713.44,365.86,stop_touch,expired,2022-06-17,1264.24,2329.22,365.86,
2022-03-11,2022-06-17,98,420.07,30.75,0.2483,377/362/347/333,378.0,363.0,348.0,333.0,15.0,3.57,0.505,3050.49,302.5,27.99,2744.89,-844.61,-5045.31,30300.0,3713.44,365.86,stop_close,expired,2022-06-17,1264.24,2329.22,365.86,
2022-03-18,2022-06-17,91,444.52,23.87,0.2071,407/393/380/367,406.0,393.0,380.0,367.0,13.0,2.92,0.69,2669.04,340.31,23.44,1530.64,-2914.56,-7359.76,34100.0,3966.24,365.86,hold,expired,2022-06-17,2554.79,4448.01,365.86,
2022-03-18,2022-06-17,91,444.52,23.87,0.2071,407/393/380/367,406.0,393.0,380.0,367.0,13.0,2.92,0.69,2669.04,340.31,23.44,1530.64,-2914.56,-7359.76,34100.0,3966.24,365.86,stop_touch,expired,2022-06-17,2554.79,4448.01,365.86,
2022-03-18,2022-06-17,91,444.52,23.87,0.2071,407/393/380/367,406.0,393.0,380.0,367.0,13.0,2.92,0.69,2669.04,340.31,23.44,1530.64,-2914.56,-7359.76,34100.0,3966.24,365.86,stop_close,expired,2022-06-17,2554.79,4448.01,365.86,
2022-03-25,2022-06-17,84,452.69,20.81,0.1888,418/406/394/382,418.0,406.0,394.0,382.0,12.0,2.65,0.576,2457.61,357.42,21.04,472.81,-4054.09,-8580.99,35800.0,4087.35,365.86,hold,expired,2022-06-17,843.36,1441.84,365.86,
2022-03-25,2022-06-17,84,452.69,20.81,0.1888,418/406/394/382,418.0,406.0,394.0,382.0,12.0,2.65,0.576,2457.61,357.42,21.04,472.81,-4054.09,-8580.99,35800.0,4087.35,365.86,stop_touch,expired,2022-06-17,843.36,1441.84,365.86,
2022-03-25,2022-06-17,84,452.69,20.81,0.1888,418/406/394/382,418.0,406.0,394.0,382.0,12.0,2.65,0.576,2457.61,357.42,21.04,472.81,-4054.09,-8580.99,35800.0,4087.35,365.86,stop_close,expired,2022-06-17,843.36,1441.84,365.86,
2022-04-01,2022-06-17,77,452.92,19.63,0.1818,421/409/398/387,420.0,409.0,398.0,387.0,11.0,2.43,0.601,2260.06,364.4,19.54,-206.34,-4735.54,-9264.74,36500.0,4109.79,365.86,hold,expired,2022-06-17,145.81,249.15,365.86,
2022-04-01,2022-06-17,77,452.92,19.63,0.1818,421/409/398/387,420.0,409.0,398.0,387.0,11.0,2.43,0.601,2260.06,364.4,19.54,-206.34,-4735.54,-9264.74,36500.0,4109.79,365.86,stop_touch,expired,2022-06-17,145.81,249.15,365.86,
2022-04-01,2022-06-17,77,452.92,19.63,0.1818,421/409/398/387,420.0,409.0,398.0,387.0,11.0,2.43,0.601,2260.06,364.4,19.54,-206.34,-4735.54,-9264.74,36500.0,4109.79,365.86,stop_close,expired,2022-06-17,145.81,249.15,365.86,
2022-04-08,2022-07-15,98,447.57,21.16,0.1909,411/398/385/372,411.0,398.0,385.0,372.0,13.0,2.9,0.537,2653.72,345.46,22.81,1259.32,-3216.38,-7692.08,34600.0,4015.0,385.13,hold,expired,2022-07-15,1353.47,2340.4,385.13,
2022-04-08,2022-07-15,98,447.57,21.16,0.1909,411/398/385/372,411.0,398.0,385.0,372.0,13.0,2.9,0.537,2653.72,345.46,22.81,1259.32,-3216.38,-7692.08,34600.0,4015.0,385.13,stop_touch,expired,2022-07-15,1353.47,2340.4,385.13,
2022-04-08,2022-07-15,98,447.57,21.16,0.1909,411/398/385/372,411.0,398.0,385.0,372.0,13.0,2.9,0.537,2653.72,345.46,22.81,1259.32,-3216.38,-7692.08,34600.0,4015.0,385.13,stop_close,expired,2022-07-15,1353.47,2340.4,385.13,
2022-04-14,2022-07-15,92,437.79,22.7,0.2001,402/388/376/363,402.0,389.0,376.0,363.0,13.0,2.97,0.49,2648.95,336.51,23.13,1372.15,-3005.75,-7383.65,33700.0,3928.56,385.13,hold,expired,2022-07-15,1348.7,2384.25,385.13,
2022-04-14,2022-07-15,92,437.79,22.7,0.2001,402/388/376/363,402.0,389.0,376.0,363.0,13.0,2.97,0.49,2648.95,336.51,23.13,1372.15,-3005.75,-7383.65,33700.0,3928.56,385.13,stop_touch,expired,2022-07-15,1348.7,2384.25,385.13,
2022-04-14,2022-07-15,92,437.79,22.7,0.2001,402/388/376/363,402.0,389.0,376.0,363.0,13.0,2.97,0.49,2648.95,336.51,23.13,1372.15,-3005.75,-7383.65,33700.0,3928.56,385.13,stop_close,expired,2022-07-15,1348.7,2384.25,385.13,
2022-04-22,2022-07-15,84,426.04,28.21,0.2331,387/373/360/347,386.0,373.0,360.0,347.0,13.0,3.05,0.803,2680.28,320.2,24.84,2063.48,-2196.92,-6457.32,32100.0,3770.59,385.13,hold,expired,2022-07-15,167.03,303.42,385.13,
2022-04-22,2022-07-15,84,426.04,28.21,0.2331,387/373/360/347,386.0,373.0,360.0,347.0,13.0,3.05,0.803,2680.28,320.2,24.84,2063.48,-2196.92,-6457.32,32100.0,3770.59,385.13,stop_touch,expired,2022-07-15,167.03,303.42,385.13,
2022-04-22,2022-07-15,84,426.04,28.21,0.2331,387/373/360/347,386.0,373.0,360.0,347.0,13.0,3.05,0.803,2680.28,320.2,24.84,2063.48,-2196.92,-6457.32,32100.0,3770.59,385.13,stop_close,expired,2022-07-15,167.03,303.42,385.13,
2022-04-29,2022-07-15,77,412.0,33.4,0.2641,372/358/344/330,372.0,358.0,344.0,330.0,14.0,3.4,0.477,2847.7,301.52,26.81,2807.7,-1312.3,-5432.3,30200.0,3650.57,385.13,hold,expired,2022-07-15,47.45,89.14,385.13,
2022-04-29,2022-07-15,77,412.0,33.4,0.2641,372/358/344/330,372.0,358.0,344.0,330.0,14.0,3.4,0.477,2847.7,301.52,26.81,2807.7,-1312.3,-5432.3,30200.0,3650.57,385.13,stop_touch,expired,2022-07-15,47.45,89.14,385.13,
2022-04-29,2022-07-15,77,412.0,33.4,0.2641,372/358/344/330,372.0,358.0,344.0,330.0,14.0,3.4,0.477,2847.7,301.52,26.81,2807.7,-1312.3,-5432.3,30200.0,3650.57,385.13,stop_close,expired,2022-07-15,47.45,89.14,385.13,
2022-05-06,2022-08-19,105,411.34,30.19,0.2449,369/353/339/324,369.0,354.0,339.0,324.0,15.0,3.65,0.472,3047.22,293.53,28.64,2540.02,-558.98,-4672.38,29400.0,3621.67,422.14,hold,expired,2022-08-19,46.97,88.38,422.14,
2022-05-06,2022-08-19,105,411.34,30.19,0.2449,369/353/339/324,369.0,354.0,339.0,324.0,15.0,3.65,0.472,3047.22,293.53,28.64,2540.02,-558.98,-4672.38,29400.0,3621.67,422.14,stop_touch,expired,2022-08-19,46.97,88.38,422.14,
2022-05-06,2022-08-19,105,411.34,30.19,0.2449,369/353/339/324,369.0,354.0,339.0,324.0,15.0,3.65,0.472,3047.22,293.53,28.64,2540.02,-558.98,-4672.38,29400.0,3621.67,422.14,stop_close,expired,2022-08-19,46.97,88.38,422.14,
2022-05-13,2022-08-19,98,401.72,28.87,0.237,362/348/335/321,363.0,349.0,335.0,321.0,14.0,3.49,0.536,2853.57,292.46,27.2,2815.97,-1126.03,-5143.23,29300.0,3548.74,422.14,hold,expired,2022-08-19,53.32,102.72,422.14,
2022-05-13,2022-08-19,98,401.72,28.87,0.237,362/348/335/321,363.0,349.0,335.0,321.0,14.0,3.49,0.536,2853.57,292.46,27.2,2815.97,-1126.03,-5143.23,29300.0,3548.74,422.14,stop_touch,expired,2022-08-19,53.32,102.72,422.14,
2022-05-13,2022-08-19,98,401.72,28.87,0.237,362/348/335/321,363.0,349.0,335.0,321.0,14.0,3.49,0.536,2853.57,292.46,27.2,2815.97,-1126.03,-5143.23,29300.0,3548.74,422.14,stop_close,expired,2022-08-19,53.32,102.72,422.14,
2022-05-20,2022-08-19,91,389.63,29.43,0.2404,352/339/326/313,352.0,339.0,326.0,313.0,13.0,3.34,0.627,2662.73,286.37,26.5,2533.13,-1363.17,-5259.47,28700.0,3440.89,422.14,hold,expired,2022-08-19,62.48,124.1,422.14,
2022-05-20,2022-08-19,91,389.63,29.43,0.2404,352/339/326/313,352.0,339.0,326.0,313.0,13.0,3.34,0.627,2662.73,286.37,26.5,2533.13,-1363.17,-5259.47,28700.0,3440.89,422.14,stop_touch,expired,2022-08-19,62.48,124.1,422.14,
2022-05-20,2022-08-19,91,389.63,29.43,0.2404,352/339/326/313,352.0,339.0,326.0,313.0,13.0,3.34,0.627,2662.73,286.37,26.5,2533.13,-1363.17,-5259.47,28700.0,3440.89,422.14,stop_close,expired,2022-08-19,62.48,124.1,422.14,
2022-05-27,2022-08-19,84,415.26,25.72,0.2182,380/367/354/342,381.0,368.0,355.0,342.0,13.0,3.13,0.388,2638.85,315.61,24.0,1659.65,-2492.95,-6645.55,31600.0,3726.18,422.14,hold,expired,2022-08-19,38.6,71.94,422.14,
2022-05-27,2022-08-19,84,415.26,25.72,0.2182,380/367/354/342,381.0,368.0,355.0,342.0,13.0,3.13,0.388,2638.85,315.61,24.0,1659.65,-2492.95,-6645.55,31600.0,3726.18,422.14,stop_touch,expired,2022-08-19,38.6,71.94,422.14,
2022-05-27,2022-08-19,84,415.26,25.72,0.2182,380/367/354/342,381.0,368.0,355.0,342.0,13.0,3.13,0.388,2638.85,315.61,24.0,1659.65,-2492.95,-6645.55,31600.0,3726.18,422.14,stop_close,expired,2022-08-19,38.6,71.94,422.14,
2022-06-03,2022-08-19,77,410.54,24.79,0.2126,377/365/354/342,378.0,366.0,354.0,342.0,12.0,2.92,0.41,2441.03,317.59,22.64,1084.23,-3021.17,-7126.57,31800.0,3695.99,422.14,hold,expired,2022-08-19,40.78,76.88,422.14,
2022-06-03,2022-08-19,77,410.54,24.79,0.2126,377/365/354/342,378.0,366.0,354.0,342.0,12.0,2.92,0.41,2441.03,317.59,22.64,1084.23,-3021.17,-7126.57,31800.0,3695.99,422.14,stop_touch,expired,2022-08-19,40.78,76.88,422.14,
2022-06-03,2022-08-19,77,410.54,24.79,0.2126,377/365/354/342,378.0,366.0,354.0,342.0,12.0,2.92,0.41,2441.03,317.59,22.64,1084.23,-3021.17,-7126.57,31800.0,3695.99,422.14,stop_close,expired,2022-08-19,40.78,76.88,422.14,
2022-06-10,2022-09-16,98,389.8,27.75,0.2303,353/339/326/313,352.0,339.0,326.0,313.0,13.0,3.34,0.604,2660.38,286.4,26.53,2544.38,-1353.62,-5251.62,28700.0,3437.44,385.56,hold,expired,2022-09-16,60.13,119.39,385.56,
2022-06-10,2022-09-16,98,389.8,27.75,0.2303,353/339/326/313,352.0,339.0,326.0,313.0,13.0,3.34,0.604,2660.38,286.4,26.53,2544.38,-1353.62,-5251.62,28700.0,3437.44,385.56,stop_touch,expired,2022-09-16,60.13,119.39,385.56,
2022-06-10,2022-09-16,98,389.8,27.75,0.2303,353/339/326/313,352.0,339.0,326.0,313.0,13.0,3.34,0.604,2660.38,286.4,26.53,2544.38,-1353.62,-5251.62,28700.0,3437.44,385.56,stop_close,expired,2022-09-16,60.13,119.39,385.56,
2022-06-17,2022-09-16,91,365.86,31.13,0.2506,329/316/304/291,330.0,317.0,304.0,291.0,13.0,3.55,0.314,2631.36,264.69,27.65,2462.56,-858.44,-4517.04,26500.0,3241.25,385.56,hold,expired,2022-09-16,31.11,65.81,385.56,
2022-06-17,2022-09-16,91,365.86,31.13,0.2506,329/316/304/291,330.0,317.0,304.0,291.0,13.0,3.55,0.314,2631.36,264.69,27.65,2462.56,-858.44,-4517.04,26500.0,3241.25,385.56,stop_touch,expired,2022-09-16,31.11,65.81,385.56,
2022-06-17,2022-09-16,91,365.86,31.13,0.2506,329/316/304/291,330.0,317.0,304.0,291.0,13.0,3.55,0.314,2631.36,264.69,27.65,2462.56,-858.44,-4517.04,26500.0,3241.25,385.56,stop_close,expired,2022-09-16,31.11,65.81,385.56,
2022-06-24,2022-09-16,84,390.08,27.23,0.2272,355/343/331/319,355.0,343.0,331.0,319.0,12.0,3.08,0.592,2459.23,294.41,24.53,1765.63,-2135.17,-6035.97,29500.0,3469.12,385.56,hold,expired,2022-09-16,58.98,117.01,385.56,
2022-06-24,2022-09-16,84,390.08,27.23,0.2272,355/343/331/319,355.0,343.0,331.0,319.0,12.0,3.08,0.592,2459.23,294.41,24.53,1765.63,-2135.17,-6035.97,29500.0,3469.12,385.56,stop_touch,expired,2022-09-16,58.98,117.01,385.56,
2022-06-24,2022-09-16,84,390.08,27.23,0.2272,355/343/331/319,355.0,343.0,331.0,319.0,12.0,3.08,0.592,2459.23,294.41,24.53,1765.63,-2135.17,-6035.97,29500.0,3469.12,385.56,stop_close,expired,2022-09-16,58.98,117.01,385.56,
2022-07-01,2022-09-16,77,381.24,26.7,0.2241,349/337/326/315,348.0,337.0,326.0,315.0,11.0,2.89,0.612,2261.16,292.39,23.31,1260.36,-2552.04,-6364.44,29300.0,3401.03,385.56,hold,expired,2022-09-16,60.91,123.65,385.56,
2022-07-01,2022-09-16,77,381.24,26.7,0.2241,349/337/326/315,348.0,337.0,326.0,315.0,11.0,2.89,0.612,2261.16,292.39,23.31,1260.36,-2552.04,-6364.44,29300.0,3401.03,385.56,stop_touch,expired,2022-09-16,60.91,123.65,385.56,
2022-07-01,2022-09-16,77,381.24,26.7,0.2241,349/337/326/315,348.0,337.0,326.0,315.0,11.0,2.89,0.612,2261.16,292.39,23.31,1260.36,-2552.04,-6364.44,29300.0,3401.03,385.56,stop_close,expired,2022-09-16,60.91,123.65,385.56,
2022-07-08,2022-10-21,105,388.67,24.64,0.2117,353/340/328/315,354.0,341.0,328.0,315.0,13.0,3.34,0.383,2638.25,288.62,25.74,2231.85,-1654.85,-5541.55,28900.0,3459.16,374.29,hold,expired,2022-10-21,38.0,75.67,374.29,
2022-07-08,2022-10-21,105,388.67,24.64,0.2117,353/340/328/315,354.0,341.0,328.0,315.0,13.0,3.34,0.383,2638.25,288.62,25.74,2231.85,-1654.85,-5541.55,28900.0,3459.16,374.29,stop_touch,expired,2022-10-21,38.0,75.67,374.29,
2022-07-08,2022-10-21,105,388.67,24.64,0.2117,353/340/328/315,354.0,341.0,328.0,315.0,13.0,3.34,0.383,2638.25,288.62,25.74,2231.85,-1654.85,-5541.55,28900.0,3459.16,374.29,stop_close,expired,2022-10-21,38.0,75.67,374.29,
2022-07-15,2022-10-21,98,385.13,24.23,0.2093,351/339/327/315,351.0,339.0,327.0,315.0,12.0,3.12,0.509,2450.9,290.49,24.57,1761.3,-2090.0,-5941.3,29100.0,3428.96,374.29,hold,expired,2022-10-21,50.65,101.78,374.29,
2022-07-15,2022-10-21,98,385.13,24.23,0.2093,351/339/327/315,351.0,339.0,327.0,315.0,12.0,3.12,0.509,2450.9,290.49,24.57,1761.3,-2090.0,-5941.3,29100.0,3428.96,374.29,stop_touch,expired,2022-10-21,50.65,101.78,374.29,
2022-07-15,2022-10-21,98,385.13,24.23,0.2093,351/339/327/315,351.0,339.0,327.0,315.0,12.0,3.12,0.509,2450.9,290.49,24.57,1761.3,-2090.0,-5941.3,29100.0,3428.96,374.29,stop_close,expired,2022-10-21,50.65,101.78,374.29,
2022-07-22,2022-10-21,91,395.09,23.03,0.2021,362/350/339/327,363.0,351.0,339.0,327.0,12.0,3.04,0.356,2435.56,302.64,23.4,1342.76,-2608.14,-6559.04,30300.0,3547.18,374.29,hold,expired,2022-10-21,35.31,69.17,374.29,
2022-07-22,2022-10-21,91,395.09,23.03,0.2021,362/350/339/327,363.0,351.0,339.0,327.0,12.0,3.04,0.356,2435.56,302.64,23.4,1342.76,-2608.14,-6559.04,30300.0,3547.18,374.29,stop_touch,expired,2022-10-21,35.31,69.17,374.29,
2022-07-22,2022-10-21,91,395.09,23.03,0.2021,362/350/339/327,363.0,351.0,339.0,327.0,12.0,3.04,0.356,2435.56,302.64,23.4,1342.76,-2608.14,-6559.04,30300.0,3547.18,374.29,stop_close,expired,2022-10-21,35.31,69.17,374.29,
2022-07-29,2022-10-21,84,411.99,21.33,0.192,380/369/358/346,379.0,368.0,357.0,346.0,11.0,2.67,0.547,2254.7,323.45,21.49,613.9,-3506.0,-7625.9,32400.0,3701.09,374.29,hold,expired,2022-10-21,525.45,987.07,374.29,
2022-07-29,2022-10-21,84,411.99,21.33,0.192,380/369/358/346,379.0,368.0,357.0,346.0,11.0,2.67,0.547,2254.7,323.45,21.49,613.9,-3506.0,-7625.9,32400.0,3701.09,374.29,stop_touch,expired,2022-10-21,525.45,987.07,374.29,
2022-07-29,2022-10-21,84,411.99,21.33,0.192,380/369/358/346,379.0,368.0,357.0,346.0,11.0,2.67,0.547,2254.7,323.45,21.49,613.9,-3506.0,-7625.9,32400.0,3701.09,374.29,stop_close,expired,2022-10-21,525.45,987.07,374.29,
2022-08-05,2022-10-21,77,413.47,21.15,0.1909,383/372/361/350,383.0,372.0,361.0,350.0,11.0,2.66,0.39,2238.98,327.61,20.77,316.58,-3818.12,-7952.82,32800.0,3744.06,374.29,hold,expired,2022-10-21,909.73,1702.83,374.29,
2022-08-05,2022-10-21,77,413.47,21.15,0.1909,383/372/361/350,383.0,372.0,361.0,350.0,11.0,2.66,0.39,2238.98,327.61,20.77,316.58,-3818.12,-7952.82,32800.0,3744.06,374.29,stop_touch,expired,2022-10-21,909.73,1702.83,374.29,
2022-08-05,2022-10-21,77,413.47,21.15,0.1909,383/372/361/350,383.0,372.0,361.0,350.0,11.0,2.66,0.39,2238.98,327.61,20.77,316.58,-3818.12,-7952.82,32800.0,3744.06,374.29,stop_close,expired,2022-10-21,909.73,1702.83,374.29,
2022-08-12,2022-11-18,98,427.1,19.53,0.1812,394/382/370/358,394.0,382.0,370.0,358.0,12.0,2.81,0.442,2444.21,333.56,21.9,812.21,-3458.79,-7729.79,33400.0,3850.63,396.03,hold,expired,2022-11-18,43.96,79.65,396.03,
2022-08-12,2022-11-18,98,427.1,19.53,0.1812,394/382/370/358,394.0,382.0,370.0,358.0,12.0,2.81,0.442,2444.21,333.56,21.9,812.21,-3458.79,-7729.79,33400.0,3850.63,396.03,stop_touch,expired,2022-11-18,43.96,79.65,396.03,
2022-08-12,2022-11-18,98,427.1,19.53,0.1812,394/382/370/358,394.0,382.0,370.0,358.0,12.0,2.81,0.442,2444.21,333.56,21.9,812.21,-3458.79,-7729.79,33400.0,3850.63,396.03,stop_close,expired,2022-11-18,43.96,79.65,396.03,
2022-08-19,2022-11-18,91,422.14,20.6,0.1876,389/377/366/354,390.0,378.0,366.0,354.0,12.0,2.84,0.379,2437.92,329.62,21.92,809.12,-3412.28,-7633.68,33000.0,3813.04,396.03,hold,expired,2022-11-18,37.67,69.05,396.03,
2022-08-19,2022-11-18,91,422.14,20.6,0.1876,389/377/366/354,390.0,378.0,366.0,354.0,12.0,2.84,0.379,2437.92,329.62,21.92,809.12,-3412.28,-7633.68,33000.0,3813.04,396.03,stop_touch,expired,2022-11-18,37.67,69.05,396.03,
2022-08-19,2022-11-18,91,422.14,20.6,0.1876,389/377/366/354,390.0,378.0,366.0,354.0,12.0,2.84,0.379,2437.92,329.62,21.92,809.12,-3412.28,-7633.68,33000.0,3813.04,396.03,stop_close,expired,2022-11-18,37.67,69.05,396.03,
2022-08-26,2022-11-18,84,405.31,25.56,0.2172,371/358/346/334,370.0,358.0,346.0,334.0,12.0,2.96,0.601,2460.07,309.4,23.66,1484.87,-2568.23,-6621.33,31000.0,3614.74,396.03,hold,expired,2022-11-18,59.82,114.23,396.03,
2022-08-26,2022-11-18,84,405.31,25.56,0.2172,371/358/346/334,370.0,358.0,346.0,334.0,12.0,2.96,0.601,2460.07,309.4,23.66,1484.87,-2568.23,-6621.33,31000.0,3614.74,396.03,stop_touch,expired,2022-11-18,59.82,114.23,396.03,
2022-08-26,2022-11-18,84,405.31,25.56,0.2172,371/358/346/334,370.0,358.0,346.0,334.0,12.0,2.96,0.601,2460.07,309.4,23.66,1484.87,-2568.23,-6621.33,31000.0,3614.74,396.03,stop_close,expired,2022-11-18,59.82,114.23,396.03,
2022-09-02,2022-11-18,77,392.24,25.47,0.2167,360/348/337/326,359.0,348.0,337.0,326.0,11.0,2.8,0.616,2261.6,303.38,22.65,1040.8,-2881.6,-6804.0,30400.0,3509.14,396.03,hold,expired,2022-11-18,61.35,121.06,396.03,
2022-09-02,2022-11-18,77,392.24,25.47,0.2167,360/348/337/326,359.0,348.0,337.0,326.0,11.0,2.8,0.616,2261.6,303.38,22.65,1040.8,-2881.6,-6804.0,30400.0,3509.14,396.03,stop_touch,expired,2022-11-18,61.35,121.06,396.03,
2022-09-02,2022-11-18,77,392.24,25.47,0.2167,360/348/337/326,359.0,348.0,337.0,326.0,11.0,2.8,0.616,2261.6,303.38,22.65,1040.8,-2881.6,-6804.0,30400.0,3509.14,396.03,stop_close,expired,2022-11-18,61.35,121.06,396.03,
2022-09-09,2022-12-16,98,406.6,22.79,0.2007,372/359/347/335,371.0,359.0,347.0,335.0,12.0,2.95,0.605,2460.54,310.39,23.66,1488.54,-2577.46,-6643.46,31100.0,3622.51,383.27,hold,expired,2022-12-16,60.29,114.75,383.27,
2022-09-09,2022-12-16,98,406.6,22.79,0.2007,372/359/347/335,371.0,359.0,347.0,335.0,12.0,2.95,0.605,2460.54,310.39,23.66,1488.54,-2577.46,-6643.46,31100.0,3622.51,383.27,stop_touch,expired,2022-12-16,60.29,114.75,383.27,
2022-09-09,2022-12-16,98,406.6,22.79,0.2007,372/359/347/335,371.0,359.0,347.0,335.0,12.0,2.95,0.605,2460.54,310.39,23.66,1488.54,-2577.46,-6643.46,31100.0,3622.51,383.27,stop_close,expired,2022-12-16,60.29,114.75,383.27,
2022-09-16,2022-12-16,91,385.56,26.3,0.2217,351/338/326/314,350.0,338.0,326.0,314.0,12.0,3.11,0.594,2459.36,289.41,24.94,1904.16,-1951.44,-5807.04,29000.0,3417.06,383.27,hold,expired,2022-12-16,59.11,118.65,383.27,
2022-09-16,2022-12-16,91,385.56,26.3,0.2217,351/338/326/314,350.0,338.0,326.0,314.0,12.0,3.11,0.594,2459.36,289.41,24.94,1904.16,-1951.44,-5807.04,29000.0,3417.06,383.27,stop_touch,expired,2022-12-16,59.11,118.65,383.27,
2022-09-16,2022-12-16,91,385.56,26.3,0.2217,351/338/326/314,350.0,338.0,326.0,314.0,12.0,3.11,0.594,2459.36,289.41,24.94,1904.16,-1951.44,-5807.04,29000.0,3417.06,383.27,stop_close,expired,2022-12-16,59.11,118.65,383.27,
2022-09-23,2022-12-16,84,367.95,29.92,0.2433,333/321/309/297,333.0,321.0,309.0,297.0,12.0,3.26,0.575,2457.47,272.43,25.96,2193.47,-1486.03,-5165.53,27300.0,3254.4,383.27,hold,expired,2022-12-16,57.22,120.35,383.27,
2022-09-23,2022-12-16,84,367.95,29.92,0.2433,333/321/309/297,333.0,321.0,309.0,297.0,12.0,3.26,0.575,2457.47,272.43,25.96,2193.47,-1486.03,-5165.53,27300.0,3254.4,383.27,stop_touch,expired,2022-12-16,57.22,120.35,383.27,
2022-09-23,2022-12-16,84,367.95,29.92,0.2433,333/321/309/297,333.0,321.0,309.0,297.0,12.0,3.26,0.575,2457.47,272.43,25.96,2193.47,-1486.03,-5165.53,27300.0,3254.4,383.27,stop_close,expired,2022-12-16,57.22,120.35,383.27,
2022-09-30,2022-12-16,77,357.18,31.62,0.2535,324/312/300/288,324.0,312.0,300.0,288.0,12.0,3.36,0.27,2427.03,263.73,26.16,2201.43,-1370.37,-4942.17,26400.0,3181.15,383.27,hold,expired,2022-12-16,26.78,58.03,383.27,
2022-09-30,2022-12-16,77,357.18,31.62,0.2535,324/312/300/288,324.0,312.0,300.0,288.0,12.0,3.36,0.27,2427.03,263.73,26.16,2201.43,-1370.37,-4942.17,26400.0,3181.15,383.27,stop_touch,expired,2022-12-16,26.78,58.03,383.27,
2022-09-30,2022-12-16,77,357.18,31.62,0.2535,324/312/300/288,324.0,312.0,300.0,288.0,12.0,3.36,0.27,2427.03,263.73,26.16,2201.43,-1370.37,-4942.17,26400.0,3181.15,383.27,stop_close,expired,2022-12-16,26.78,58.03,383.27,
2022-10-07,2023-01-20,105,362.79,31.36,0.2519,324/311/297/284,323.0,310.0,297.0,284.0,13.0,3.58,0.588,2658.83,257.41,29.05,2035.63,-345.87,-3973.77,25800.0,3170.29,395.88,hold,expired,2023-01-20,58.58,124.96,395.88,
2022-10-07,2023-01-20,105,362.79,31.36,0.2519,324/311/297/284,323.0,310.0,297.0,284.0,13.0,3.58,0.588,2658.83,257.41,29.05,2035.63,-345.87,-3973.77,25800.0,3170.29,395.88,stop_touch,expired,2023-01-20,58.58,124.96,395.88,
2022-10-07,2023-01-20,105,362.79,31.36,0.2519,324/311/297/284,323.0,310.0,297.0,284.0,13.0,3.58,0.588,2658.83,257.41,29.05,2035.63,-345.87,-3973.77,25800.0,3170.29,395.88,stop_close,expired,2023-01-20,58.58,124.96,395.88,
2022-10-14,2023-01-20,98,357.63,32.02,0.2559,320/307/294/281,320.0,307.0,294.0,281.0,13.0,3.64,0.431,2643.14,254.57,28.82,2132.74,-422.76,-3999.06,25500.0,3142.62,395.88,hold,expired,2023-01-20,42.89,92.82,395.88,
2022-10-14,2023-01-20,98,357.63,32.02,0.2559,320/307/294/281,320.0,307.0,294.0,281.0,13.0,3.64,0.431,2643.14,254.57,28.82,2132.74,-422.76,-3999.06,25500.0,3142.62,395.88,stop_touch,expired,2023-01-20,42.89,92.82,395.88,
2022-10-14,2023-01-20,98,357.63,32.02,0.2559,320/307/294/281,320.0,307.0,294.0,281.0,13.0,3.64,0.431,2643.14,254.57,28.82,2132.74,-422.76,-3999.06,25500.0,3142.62,395.88,stop_close,expired,2023-01-20,42.89,92.82,395.88,
2022-10-21,2023-01-20,91,374.29,29.69,0.2419,338/325/312/300,339.0,326.0,313.0,300.0,13.0,3.47,0.44,2644.0,273.56,26.91,2587.2,-1155.7,-4898.6,27400.0,3315.2,395.88,hold,expired,2023-01-20,43.75,90.46,395.88,
2022-10-21,2023-01-20,91,374.29,29.69,0.2419,338/325/312/300,339.0,326.0,313.0,300.0,13.0,3.47,0.44,2644.0,273.56,26.91,2587.2,-1155.7,-4898.6,27400.0,3315.2,395.88,stop_touch,expired,2023-01-20,43.75,90.46,395.88,
2022-10-21,2023-01-20,91,374.29,29.69,0.2419,338/325/312/300,339.0,326.0,313.0,300.0,13.0,3.47,0.44,2644.0,273.56,26.91,2587.2,-1155.7,-4898.6,27400.0,3315.2,395.88,stop_close,expired,2023-01-20,43.75,90.46,395.88,
2022-10-28,2023-01-20,84,389.02,25.75,0.2184,356/344/332/320,356.0,344.0,332.0,320.0,12.0,3.08,0.425,2442.53,295.57,24.02,1564.13,-2326.07,-6216.27,29600.0,3478.66,395.88,hold,expired,2023-01-20,42.28,84.11,395.88,
2022-10-28,2023-01-20,84,389.02,25.75,0.2184,356/344/332/320,356.0,344.0,332.0,320.0,12.0,3.08,0.425,2442.53,295.57,24.02,1564.13,-2326.07,-6216.27,29600.0,3478.66,395.88,stop_touch,expired,2023-01-20,42.28,84.11,395.88,
2022-10-28,2023-01-20,84,389.02,25.75,0.2184,356/344/332/320,356.0,344.0,332.0,320.0,12.0,3.08,0.425,2442.53,295.57,24.02,1564.13,-2326.07,-6216.27,29600.0,3478.66,395.88,stop_close,expired,2023-01-20,42.28,84.11,395.88,
2022-11-04,2023-01-20,77,376.35,24.55,0.2112,346/335/324/314,347.0,336.0,325.0,314.0,11.0,2.92,0.344,2234.36,291.66,22.5,942.36,-2821.14,-6584.64,29200.0,3395.09,395.88,hold,expired,2023-01-20,34.11,70.15,395.88,
2022-11-04,2023-01-20,77,376.35,24.55,0.2112,346/335/324/314,347.0,336.0,325.0,314.0,11.0,2.92,0.344,2234.36,291.66,22.5,942.36,-2821.14,-6584.64,29200.0,3395.09,395.88,stop_touch,expired,2023-01-20,34.11,70.15,395.88,
2022-11-04,2023-01-20,77,376.35,24.55,0.2112,346/335/324/314,347.0,336.0,325.0,314.0,11.0,2.92,0.344,2234.36,291.66,22.5,942.36,-2821.14,-6584.64,29200.0,3395.09,395.88,stop_close,expired,2023-01-20,34.11,70.15,395.88,
2022-11-11,2023-02-17,98,398.51,22.52,0.1991,365/353/341/329,365.0,353.0,341.0,329.0,12.0,3.01,0.479,2447.85,304.52,23.58,1428.65,-2556.45,-6541.55,30500.0,3567.21,407.26,hold,expired,2023-02-17,47.6,92.45,407.26,
2022-11-11,2023-02-17,98,398.51,22.52,0.1991,365/353/341/329,365.0,353.0,341.0,329.0,12.0,3.01,0.479,2447.85,304.52,23.58,1428.65,-2556.45,-6541.55,30500.0,3567.21,407.26,stop_touch,expired,2023-02-17,47.6,92.45,407.26,
2022-11-11,2023-02-17,98,398.51,22.52,0.1991,365/353/341/329,365.0,353.0,341.0,329.0,12.0,3.01,0.479,2447.85,304.52,23.58,1428.65,-2556.45,-6541.55,30500.0,3567.21,407.26,stop_close,expired,2023-02-17,47.6,92.45,407.26,
2022-11-18,2023-02-17,91,396.03,23.12,0.2027,363/351/340/328,364.0,352.0,340.0,328.0,12.0,3.03,0.376,2437.56,303.62,23.33,1319.96,-2640.34,-6600.64,30400.0,3559.26,407.26,hold,expired,2023-02-17,37.31,72.9,407.26,
2022-11-18,2023-02-17,91,396.03,23.12,0.2027,363/351/340/328,364.0,352.0,340.0,328.0,12.0,3.03,0.376,2437.56,303.62,23.33,1319.96,-2640.34,-6600.64,30400.0,3559.26,407.26,stop_touch,expired,2023-02-17,37.31,72.9,407.26,
2022-11-18,2023-02-17,91,396.03,23.12,0.2027,363/351/340/328,364.0,352.0,340.0,328.0,12.0,3.03,0.376,2437.56,303.62,23.33,1319.96,-2640.34,-6600.64,30400.0,3559.26,407.26,stop_close,expired,2023-02-17,37.31,72.9,407.26,
2022-11-25,2023-02-17,84,402.33,20.5,0.187,372/361/350/340,373.0,362.0,351.0,340.0,11.0,2.73,0.352,2235.2,317.65,21.05,421.6,-3601.7,-7625.0,31800.0,3650.54,407.26,hold,expired,2023-02-17,34.95,67.23,407.26,
2022-11-25,2023-02-17,84,402.33,20.5,0.187,372/361/350/340,373.0,362.0,351.0,340.0,11.0,2.73,0.352,2235.2,317.65,21.05,421.6,-3601.7,-7625.0,31800.0,3650.54,407.26,stop_touch,expired,2023-02-17,34.95,67.23,407.26,
2022-11-25,2023-02-17,84,402.33,20.5,0.187,372/361/350/340,373.0,362.0,351.0,340.0,11.0,2.73,0.352,2235.2,317.65,21.05,421.6,-3601.7,-7625.0,31800.0,3650.54,407.26,stop_close,expired,2023-02-17,34.95,67.23,407.26,
2022-12-02,2023-02-17,77,406.91,19.06,0.1784,379/368/358/348,378.0,368.0,358.0,348.0,10.0,2.46,0.43,2043.01,327.57,19.5,-204.19,-4273.29,-8342.39,32800.0,3697.18,407.26,hold,expired,2023-02-17,42.76,81.33,407.26,
2022-12-02,2023-02-17,77,406.91,19.06,0.1784,379/368/358/348,378.0,368.0,358.0,348.0,10.0,2.46,0.43,2043.01,327.57,19.5,-204.19,-4273.29,-8342.39,32800.0,3697.18,407.26,stop_touch,expired,2023-02-17,42.76,81.33,407.26,
2022-12-02,2023-02-17,77,406.91,19.06,0.1784,379/368/358/348,378.0,368.0,358.0,348.0,10.0,2.46,0.43,2043.01,327.57,19.5,-204.19,-4273.29,-8342.39,32800.0,3697.18,407.26,stop_close,expired,2023-02-17,42.76,81.33,407.26,
2022-12-09,2023-03-17,98,393.28,22.83,0.2009,360/348/336/324,360.0,348.0,336.0,324.0,12.0,3.05,0.452,2445.16,299.55,23.83,1507.56,-2425.24,-6358.04,30000.0,3517.65,389.99,hold,expired,2023-03-17,44.91,88.39,389.99,
2022-12-09,2023-03-17,98,393.28,22.83,0.2009,360/348/336/324,360.0,348.0,336.0,324.0,12.0,3.05,0.452,2445.16,299.55,23.83,1507.56,-2425.24,-6358.04,30000.0,3517.65,389.99,stop_touch,expired,2023-03-17,44.91,88.39,389.99,
2022-12-09,2023-03-17,98,393.28,22.83,0.2009,360/348/336/324,360.0,348.0,336.0,324.0,12.0,3.05,0.452,2445.16,299.55,23.83,1507.56,-2425.24,-6358.04,30000.0,3517.65,389.99,stop_close,expired,2023-03-17,44.91,88.39,389.99,
2022-12-16,2023-03-17,91,383.27,22.62,0.1997,352/340/329/318,351.0,340.0,329.0,318.0,11.0,2.87,0.519,2251.86,295.48,22.91,1113.46,-2719.24,-6551.94,29600.0,3428.52,389.99,hold,expired,2023-03-17,51.61,104.22,389.99,
2022-12-16,2023-03-17,91,383.27,22.62,0.1997,352/340/329/318,351.0,340.0,329.0,318.0,11.0,2.87,0.519,2251.86,295.48,22.91,1113.46,-2719.24,-6551.94,29600.0,3428.52,389.99,stop_touch,expired,2023-03-17,51.61,104.22,389.99,
2022-12-16,2023-03-17,91,383.27,22.62,0.1997,352/340/329/318,351.0,340.0,329.0,318.0,11.0,2.87,0.519,2251.86,295.48,22.91,1113.46,-2719.24,-6551.94,29600.0,3428.52,389.99,stop_close,expired,2023-03-17,51.61,104.22,389.99,
2022-12-23,2023-03-17,84,382.91,20.87,0.1892,354/343/333/323,353.0,343.0,333.0,323.0,10.0,2.61,0.528,2052.81,302.47,21.01,385.61,-3443.49,-7272.59,30300.0,3452.47,389.99,hold,expired,2023-03-17,52.56,106.23,389.99,
2022-12-23,2023-03-17,84,382.91,20.87,0.1892,354/343/333/323,353.0,343.0,333.0,323.0,10.0,2.61,0.528,2052.81,302.47,21.01,385.61,-3443.49,-7272.59,30300.0,3452.47,389.99,stop_touch,expired,2023-03-17,52.56,106.23,389.99,
2022-12-23,2023-03-17,84,382.91,20.87,0.1892,354/343/333/323,353.0,343.0,333.0,323.0,10.0,2.61,0.528,2052.81,302.47,21.01,385.61,-3443.49,-7272.59,30300.0,3452.47,389.99,stop_close,expired,2023-03-17,52.56,106.23,389.99,
2022-12-30,2023-03-17,77,382.43,21.67,0.194,354/343/333/323,353.0,343.0,333.0,323.0,10.0,2.61,0.463,2046.31,302.54,20.89,340.71,-3483.59,-7307.89,30300.0,3450.39,389.99,hold,expired,2023-03-17,46.06,93.22,389.99,
2022-12-30,2023-03-17,77,382.43,21.67,0.194,354/343/333/323,353.0,343.0,333.0,323.0,10.0,2.61,0.463,2046.31,302.54,20.89,340.71,-3483.59,-7307.89,30300.0,3450.39,389.99,stop_touch,expired,2023-03-17,46.06,93.22,389.99,
2022-12-30,2023-03-17,77,382.43,21.67,0.194,354/343/333/323,353.0,343.0,333.0,323.0,10.0,2.61,0.463,2046.31,302.54,20.89,340.71,-3483.59,-7307.89,30300.0,3450.39,389.99,stop_close,expired,2023-03-17,46.06,93.22,389.99,
2023-01-06,2023-04-21,105,388.08,21.13,0.1908,359/348/336/325,358.0,347.0,336.0,325.0,11.0,2.83,0.603,2260.28,302.4,22.08,806.68,-3074.12,-6954.92,30300.0,3494.17,412.2,hold,expired,2023-04-21,60.03,119.72,412.2,
2023-01-06,2023-04-21,105,388.08,21.13,0.1908,359/348/336/325,358.0,347.0,336.0,325.0,11.0,2.83,0.603,2260.28,302.4,22.08,806.68,-3074.12,-6954.92,30300.0,3494.17,412.2,stop_touch,expired,2023-04-21,60.03,119.72,412.2,
2023-01-06,2023-04-21,105,388.08,21.13,0.1908,359/348/336/325,358.0,347.0,336.0,325.0,11.0,2.83,0.603,2260.28,302.4,22.08,806.68,-3074.12,-6954.92,30300.0,3494.17,412.2,stop_close,expired,2023-04-21,60.03,119.72,412.2,
2023-01-13,2023-04-21,98,398.5,18.35,0.1741,372/362/351/341,371.0,361.0,351.0,341.0,10.0,2.51,0.599,2059.94,320.4,19.6,-160.06,-4145.06,-8130.06,32100.0,3628.24,412.2,hold,expired,2023-04-21,59.69,115.92,412.2,
2023-01-13,2023-04-21,98,398.5,18.35,0.1741,372/362/351/341,371.0,361.0,351.0,341.0,10.0,2.51,0.599,2059.94,320.4,19.6,-160.06,-4145.06,-8130.06,32100.0,3628.24,412.2,stop_touch,expired,2023-04-21,59.69,115.92,412.2,
2023-01-13,2023-04-21,98,398.5,18.35,0.1741,372/362/351/341,371.0,361.0,351.0,341.0,10.0,2.51,0.599,2059.94,320.4,19.6,-160.06,-4145.06,-8130.06,32100.0,3628.24,412.2,stop_close,expired,2023-04-21,59.69,115.92,412.2,
2023-01-20,2023-04-21,91,395.88,19.85,0.1831,369/358/348/337,370.0,359.0,348.0,337.0,11.0,2.78,0.292,2229.24,314.71,20.5,199.64,-3759.16,-7717.96,31500.0,3617.03,412.2,hold,expired,2023-04-21,28.99,56.67,412.2,
2023-01-20,2023-04-21,91,395.88,19.85,0.1831,369/358/348/337,370.0,359.0,348.0,337.0,11.0,2.78,0.292,2229.24,314.71,20.5,199.64,-3759.16,-7717.96,31500.0,3617.03,412.2,stop_touch,expired,2023-04-21,28.99,56.67,412.2,
2023-01-20,2023-04-21,91,395.88,19.85,0.1831,369/358/348/337,370.0,359.0,348.0,337.0,11.0,2.78,0.292,2229.24,314.71,20.5,199.64,-3759.16,-7717.96,31500.0,3617.03,412.2,stop_close,expired,2023-04-21,28.99,56.67,412.2,
2023-01-27,2023-04-21,84,405.68,18.51,0.1751,380/370/360/350,380.0,370.0,360.0,350.0,10.0,2.46,0.438,2043.83,329.56,18.76,-501.77,-4558.57,-8615.37,33000.0,3718.73,412.2,hold,expired,2023-04-21,43.58,83.14,412.2,
2023-01-27,2023-04-21,84,405.68,18.51,0.1751,380/370/360/350,380.0,370.0,360.0,350.0,10.0,2.46,0.438,2043.83,329.56,18.76,-501.77,-4558.57,-8615.37,33000.0,3718.73,412.2,stop_touch,expired,2023-04-21,43.58,83.14,412.2,
2023-01-27,2023-04-21,84,405.68,18.51,0.1751,380/370/360/350,380.0,370.0,360.0,350.0,10.0,2.46,0.438,2043.83,329.56,18.76,-501.77,-4558.57,-8615.37,33000.0,3718.73,412.2,stop_close,expired,2023-04-21,43.58,83.14,412.2,
2023-02-03,2023-04-21,77,412.35,18.33,0.174,387/377/368/358,388.0,378.0,368.0,358.0,10.0,2.43,0.341,2034.11,337.66,18.11,-777.89,-4901.39,-9024.89,33800.0,3800.18,412.2,hold,expired,2023-04-21,33.86,63.55,412.2,
2023-02-03,2023-04-21,77,412.35,18.33,0.174,387/377/368/358,388.0,378.0,368.0,358.0,10.0,2.43,0.341,2034.11,337.66,18.11,-777.89,-4901.39,-9024.89,33800.0,3800.18,412.2,stop_touch,expired,2023-04-21,33.86,63.55,412.2,
2023-02-03,2023-04-21,77,412.35,18.33,0.174,387/377/368/358,388.0,378.0,368.0,358.0,10.0,2.43,0.341,2034.11,337.66,18.11,-777.89,-4901.39,-9024.89,33800.0,3800.18,412.2,stop_close,expired,2023-04-21,33.86,63.55,412.2,
2023-02-10,2023-05-19,98,408.04,20.53,0.1872,379/367/356/345,378.0,367.0,356.0,345.0,11.0,2.7,0.629,2262.91,322.37,21.0,406.11,-3674.29,-7754.69,32300.0,3693.54,418.62,hold,expired,2023-05-19,62.66,118.84,418.62,
2023-02-10,2023-05-19,98,408.04,20.53,0.1872,379/367/356/345,378.0,367.0,356.0,345.0,11.0,2.7,0.629,2262.91,322.37,21.0,406.11,-3674.29,-7754.69,32300.0,3693.54,418.62,stop_touch,expired,2023-05-19,62.66,118.84,418.62,
2023-02-10,2023-05-19,98,408.04,20.53,0.1872,379/367/356/345,378.0,367.0,356.0,345.0,11.0,2.7,0.629,2262.91,322.37,21.0,406.11,-3674.29,-7754.69,32300.0,3693.54,418.62,stop_close,expired,2023-05-19,62.66,118.84,418.62,
2023-02-17,2023-05-19,91,407.26,20.02,0.1841,380/368/358/347,380.0,369.0,358.0,347.0,11.0,2.7,0.43,2242.95,324.57,20.3,123.75,-3948.85,-8021.45,32500.0,3716.89,418.62,hold,expired,2023-05-19,42.7,81.15,418.62,
2023-02-17,2023-05-19,91,407.26,20.02,0.1841,380/368/358/347,380.0,369.0,358.0,347.0,11.0,2.7,0.43,2242.95,324.57,20.3,123.75,-3948.85,-8021.45,32500.0,3716.89,418.62,stop_touch,expired,2023-05-19,42.7,81.15,418.62,
2023-02-17,2023-05-19,91,407.26,20.02,0.1841,380/368/358/347,380.0,369.0,358.0,347.0,11.0,2.7,0.43,2242.95,324.57,20.3,123.75,-3948.85,-8021.45,32500.0,3716.89,418.62,stop_close,expired,2023-05-19,42.7,81.15,418.62,
2023-02-24,2023-05-19,84,396.38,21.67,0.194,369/358/347/336,369.0,358.0,347.0,336.0,11.0,2.78,0.367,2236.65,313.63,20.88,347.05,-3616.75,-7580.55,31400.0,3605.01,418.62,hold,expired,2023-05-19,36.4,71.07,418.62,
2023-02-24,2023-05-19,84,396.38,21.67,0.194,369/358/347/336,369.0,358.0,347.0,336.0,11.0,2.78,0.367,2236.65,313.63,20.88,347.05,-3616.75,-7580.55,31400.0,3605.01,418.62,stop_touch,expired,2023-05-19,36.4,71.07,418.62,
2023-02-24,2023-05-19,84,396.38,21.67,0.194,369/358/347/336,369.0,358.0,347.0,336.0,11.0,2.78,0.367,2236.65,313.63,20.88,347.05,-3616.75,-7580.55,31400.0,3605.01,418.62,stop_close,expired,2023-05-19,36.4,71.07,418.62,
2023-03-03,2023-05-19,77,404.19,18.49,0.175,380/370/360/350,380.0,370.0,360.0,350.0,10.0,2.47,0.287,2028.75,329.71,18.43,-636.05,-4677.95,-8719.85,33000.0,3717.97,418.62,hold,expired,2023-05-19,28.5,54.57,418.62,
2023-03-03,2023-05-19,77,404.19,18.49,0.175,380/370/360/350,380.0,370.0,360.0,350.0,10.0,2.47,0.287,2028.75,329.71,18.43,-636.05,-4677.95,-8719.85,33000.0,3717.97,418.62,stop_touch,expired,2023-05-19,28.5,54.57,418.62,
2023-03-03,2023-05-19,77,404.19,18.49,0.175,380/370/360/350,380.0,370.0,360.0,350.0,10.0,2.47,0.287,2028.75,329.71,18.43,-636.05,-4677.95,-8719.85,33000.0,3717.97,418.62,stop_close,expired,2023-05-19,28.5,54.57,418.62,
2023-03-10,2023-06-16,98,385.91,24.8,0.2127,355/343/331/319,355.0,343.0,331.0,319.0,12.0,3.11,0.528,2452.84,294.47,23.69,1425.64,-2433.46,-6292.56,29500.0,3468.22,439.46,hold,expired,2023-06-16,52.59,105.47,439.46,
2023-03-10,2023-06-16,98,385.91,24.8,0.2127,355/343/331/319,355.0,343.0,331.0,319.0,12.0,3.11,0.528,2452.84,294.47,23.69,1425.64,-2433.46,-6292.56,29500.0,3468.22,439.46,stop_touch,expired,2023-06-16,52.59,105.47,439.46,
2023-03-10,2023-06-16,98,385.91,24.8,0.2127,355/343/331/319,355.0,343.0,331.0,319.0,12.0,3.11,0.528,2452.84,294.47,23.69,1425.64,-2433.46,-6292.56,29500.0,3468.22,439.46,stop_close,expired,2023-06-16,52.59,105.47,439.46,
2023-03-17,2023-06-16,91,389.99,25.51,0.2169,359/347/335/323,359.0,347.0,335.0,323.0,12.0,3.08,0.515,2451.48,298.49,23.46,1350.68,-2549.22,-6449.12,29900.0,3507.23,439.46,hold,expired,2023-06-16,51.23,101.67,439.46,
2023-03-17,2023-06-16,91,389.99,25.51,0.2169,359/347/335/323,359.0,347.0,335.0,323.0,12.0,3.08,0.515,2451.48,298.49,23.46,1350.68,-2549.22,-6449.12,29900.0,3507.23,439.46,stop_touch,expired,2023-06-16,51.23,101.67,439.46,
2023-03-17,2023-06-16,91,389.99,25.51,0.2169,359/347/335/323,359.0,347.0,335.0,323.0,12.0,3.08,0.515,2451.48,298.49,23.46,1350.68,-2549.22,-6449.12,29900.0,3507.23,439.46,stop_close,expired,2023-06-16,51.23,101.67,439.46,
2023-03-24,2023-06-16,84,395.75,21.74,0.1944,368/357/346/336,369.0,358.0,347.0,336.0,11.0,2.78,0.365,2236.51,313.63,20.75,296.51,-3660.99,-7618.49,31400.0,3609.53,439.46,hold,expired,2023-06-16,36.26,70.9,439.46,
2023-03-24,2023-06-16,84,395.75,21.74,0.1944,368/357/346/336,369.0,358.0,347.0,336.0,11.0,2.78,0.365,2236.51,313.63,20.75,296.51,-3660.99,-7618.49,31400.0,3609.53,439.46,stop_touch,expired,2023-06-16,36.26,70.9,439.46,
2023-03-24,2023-06-16,84,395.75,21.74,0.1944,368/357/346/336,369.0,358.0,347.0,336.0,11.0,2.78,0.365,2236.51,313.63,20.75,296.51,-3660.99,-7618.49,31400.0,3609.53,439.46,stop_close,expired,2023-06-16,36.26,70.9,439.46,
2023-03-31,2023-06-16,77,409.39,18.7,0.1762,384/374/364/354,384.0,374.0,364.0,354.0,10.0,2.44,0.359,2035.89,333.64,18.5,-612.91,-4706.81,-8800.71,33400.0,3755.04,439.46,hold,expired,2023-06-16,35.64,67.37,439.46,
2023-03-31,2023-06-16,77,409.39,18.7,0.1762,384/374/364/354,384.0,374.0,364.0,354.0,10.0,2.44,0.359,2035.89,333.64,18.5,-612.91,-4706.81,-8800.71,33400.0,3755.04,439.46,stop_touch,expired,2023-06-16,35.64,67.37,439.46,
2023-03-31,2023-06-16,77,409.39,18.7,0.1762,384/374/364/354,384.0,374.0,364.0,354.0,10.0,2.44,0.359,2035.89,333.64,18.5,-612.91,-4706.81,-8800.71,33400.0,3755.04,439.46,stop_close,expired,2023-06-16,35.64,67.37,439.46,
2023-04-06,2023-07-21,106,409.19,18.4,0.1744,382/370/359/348,381.0,370.0,359.0,348.0,11.0,2.69,0.52,2251.96,325.48,20.46,187.16,-3904.74,-7996.64,32600.0,3723.68,452.18,hold,expired,2023-07-21,51.71,97.8,452.18,
2023-04-06,2023-07-21,106,409.19,18.4,0.1744,382/370/359/348,381.0,370.0,359.0,348.0,11.0,2.69,0.52,2251.96,325.48,20.46,187.16,-3904.74,-7996.64,32600.0,3723.68,452.18,stop_touch,expired,2023-07-21,51.71,97.8,452.18,
2023-04-06,2023-07-21,106,409.19,18.4,0.1744,382/370/359/348,381.0,370.0,359.0,348.0,11.0,2.69,0.52,2251.96,325.48,20.46,187.16,-3904.74,-7996.64,32600.0,3723.68,452.18,stop_close,expired,2023-07-21,51.71,97.8,452.18,
2023-04-14,2023-07-21,98,412.46,17.07,0.1665,387/376/365/355,388.0,377.0,366.0,355.0,11.0,2.67,0.248,2224.79,332.75,19.32,-278.41,-4403.01,-8527.61,33300.0,3797.39,452.18,hold,expired,2023-07-21,24.54,46.04,452.18,
2023-04-14,2023-07-21,98,412.46,17.07,0.1665,387/376/365/355,388.0,377.0,366.0,355.0,11.0,2.67,0.248,2224.79,332.75,19.32,-278.41,-4403.01,-8527.61,33300.0,3797.39,452.18,stop_touch,expired,2023-07-21,24.54,46.04,452.18,
2023-04-14,2023-07-21,98,412.46,17.07,0.1665,387/376/365/355,388.0,377.0,366.0,355.0,11.0,2.67,0.248,2224.79,332.75,19.32,-278.41,-4403.01,-8527.61,33300.0,3797.39,452.18,stop_close,expired,2023-07-21,24.54,46.04,452.18,
2023-04-21,2023-07-21,91,412.2,16.77,0.1647,387/377/367/357,387.0,377.0,367.0,357.0,10.0,2.43,0.423,2042.26,336.58,18.35,-681.74,-4803.74,-8925.74,33700.0,3787.39,452.18,hold,expired,2023-07-21,42.01,78.88,452.18,
2023-04-21,2023-07-21,91,412.2,16.77,0.1647,387/377/367/357,387.0,377.0,367.0,357.0,10.0,2.43,0.423,2042.26,336.58,18.35,-681.74,-4803.74,-8925.74,33700.0,3787.39,452.18,stop_touch,expired,2023-07-21,42.01,78.88,452.18,
2023-04-21,2023-07-21,91,412.2,16.77,0.1647,387/377/367/357,387.0,377.0,367.0,357.0,10.0,2.43,0.423,2042.26,336.58,18.35,-681.74,-4803.74,-8925.74,33700.0,3787.39,452.18,stop_close,expired,2023-07-21,42.01,78.88,452.18,
2023-04-28,2023-07-21,84,415.93,15.78,0.1588,392/383/373/364,391.0,382.0,373.0,364.0,9.0,2.16,0.535,1853.5,345.47,16.94,-1272.1,-5431.4,-9590.7,34600.0,3830.34,452.18,hold,expired,2023-07-21,53.25,99.08,452.18,
2023-04-28,2023-07-21,84,415.93,15.78,0.1588,392/383/373/364,391.0,382.0,373.0,364.0,9.0,2.16,0.535,1853.5,345.47,16.94,-1272.1,-5431.4,-9590.7,34600.0,3830.34,452.18,stop_touch,expired,2023-07-21,53.25,99.08,452.18,
2023-04-28,2023-07-21,84,415.93,15.78,0.1588,392/383/373/364,391.0,382.0,373.0,364.0,9.0,2.16,0.535,1853.5,345.47,16.94,-1272.1,-5431.4,-9590.7,34600.0,3830.34,452.18,stop_close,expired,2023-07-21,53.25,99.08,452.18,
2023-05-05,2023-07-21,77,412.63,17.19,0.1672,389/379/369/360,390.0,380.0,370.0,360.0,10.0,2.42,0.214,2021.36,339.79,17.65,-968.24,-5094.54,-9220.84,34000.0,3821.21,452.18,hold,expired,2023-07-21,21.11,39.6,452.18,
2023-05-05,2023-07-21,77,412.63,17.19,0.1672,389/379/369/360,390.0,380.0,370.0,360.0,10.0,2.42,0.214,2021.36,339.79,17.65,-968.24,-5094.54,-9220.84,34000.0,3821.21,452.18,stop_touch,expired,2023-07-21,21.11,39.6,452.18,
2023-05-05,2023-07-21,77,412.63,17.19,0.1672,389/379/369/360,390.0,380.0,370.0,360.0,10.0,2.42,0.214,2021.36,339.79,17.65,-968.24,-5094.54,-9220.84,34000.0,3821.21,452.18,stop_close,expired,2023-07-21,21.11,39.6,452.18,
2023-05-12,2023-08-18,98,411.59,17.03,0.1662,386/375/365/354,387.0,376.0,365.0,354.0,11.0,2.67,0.237,2223.65,331.76,19.39,-249.15,-4365.05,-8480.95,33200.0,3785.49,436.5,hold,expired,2023-08-18,23.4,44.01,436.5,
2023-05-12,2023-08-18,98,411.59,17.03,0.1662,386/375/365/354,387.0,376.0,365.0,354.0,11.0,2.67,0.237,2223.65,331.76,19.39,-249.15,-4365.05,-8480.95,33200.0,3785.49,436.5,stop_touch,expired,2023-08-18,23.4,44.01,436.5,
2023-05-12,2023-08-18,98,411.59,17.03,0.1662,386/375/365/354,387.0,376.0,365.0,354.0,11.0,2.67,0.237,2223.65,331.76,19.39,-249.15,-4365.05,-8480.95,33200.0,3785.49,436.5,stop_close,expired,2023-08-18,23.4,44.01,436.5,
2023-05-19,2023-08-18,91,418.62,16.81,0.1649,393/383/373/362,392.0,382.0,372.0,362.0,10.0,2.39,0.486,2048.63,341.51,18.42,-661.77,-4847.97,-9034.17,34200.0,3832.47,436.5,hold,expired,2023-08-18,48.38,89.45,436.5,
2023-05-19,2023-08-18,91,418.62,16.81,0.1649,393/383/373/362,392.0,382.0,372.0,362.0,10.0,2.39,0.486,2048.63,341.51,18.42,-661.77,-4847.97,-9034.17,34200.0,3832.47,436.5,stop_touch,expired,2023-08-18,48.38,89.45,436.5,
2023-05-19,2023-08-18,91,418.62,16.81,0.1649,393/383/373/362,392.0,382.0,372.0,362.0,10.0,2.39,0.486,2048.63,341.51,18.42,-661.77,-4847.97,-9034.17,34200.0,3832.47,436.5,stop_close,expired,2023-08-18,48.38,89.45,436.5,
2023-05-26,2023-08-18,84,420.02,17.95,0.1717,394/384/373/363,393.0,383.0,373.0,363.0,10.0,2.38,0.506,2050.64,342.49,18.46,-647.76,-4847.96,-9048.16,34300.0,3843.28,436.5,hold,expired,2023-08-18,50.39,92.85,436.5,
2023-05-26,2023-08-18,84,420.02,17.95,0.1717,394/384/373/363,393.0,383.0,373.0,363.0,10.0,2.38,0.506,2050.64,342.49,18.46,-647.76,-4847.96,-9048.16,34300.0,3843.28,436.5,stop_touch,expired,2023-08-18,50.39,92.85,436.5,
2023-05-26,2023-08-18,84,420.02,17.95,0.1717,394/384/373/363,393.0,383.0,373.0,363.0,10.0,2.38,0.506,2050.64,342.49,18.46,-647.76,-4847.96,-9048.16,34300.0,3843.28,436.5,stop_close,expired,2023-08-18,50.39,92.85,436.5,
2023-06-02,2023-08-18,77,427.92,14.6,0.1517,405/396/387/378,405.0,396.0,387.0,378.0,9.0,2.1,0.369,1836.87,359.63,15.96,-1729.53,-6008.73,-10287.93,36000.0,3969.44,436.5,hold,expired,2023-08-18,36.62,66.23,436.5,
2023-06-02,2023-08-18,77,427.92,14.6,0.1517,405/396/387/378,405.0,396.0,387.0,378.0,9.0,2.1,0.369,1836.87,359.63,15.96,-1729.53,-6008.73,-10287.93,36000.0,3969.44,436.5,stop_touch,expired,2023-08-18,36.62,66.23,436.5,
2023-06-02,2023-08-18,77,427.92,14.6,0.1517,405/396/387/378,405.0,396.0,387.0,378.0,9.0,2.1,0.369,1836.87,359.63,15.96,-1729.53,-6008.73,-10287.93,36000.0,3969.44,436.5,stop_close,expired,2023-08-18,36.62,66.23,436.5,
2023-06-09,2023-09-15,98,429.9,13.83,0.1471,406/396/386/377,407.0,397.0,387.0,377.0,10.0,2.33,0.321,2032.08,356.68,17.03,-1275.92,-5574.92,-9873.92,35700.0,3989.06,443.37,hold,expired,2023-09-15,31.83,57.31,443.37,
2023-06-09,2023-09-15,98,429.9,13.83,0.1471,406/396/386/377,407.0,397.0,387.0,377.0,10.0,2.33,0.321,2032.08,356.68,17.03,-1275.92,-5574.92,-9873.92,35700.0,3989.06,443.37,stop_touch,expired,2023-09-15,31.83,57.31,443.37,
2023-06-09,2023-09-15,98,429.9,13.83,0.1471,406/396/386/377,407.0,397.0,387.0,377.0,10.0,2.33,0.321,2032.08,356.68,17.03,-1275.92,-5574.92,-9873.92,35700.0,3989.06,443.37,stop_close,expired,2023-09-15,31.83,57.31,443.37,
2023-06-16,2023-09-15,91,439.46,13.54,0.1454,416/406/397/387,417.0,407.0,397.0,387.0,10.0,2.28,0.251,2025.06,366.75,16.55,-1518.14,-5912.74,-10307.34,36700.0,4086.45,443.37,hold,expired,2023-09-15,24.81,43.69,443.37,
2023-06-16,2023-09-15,91,439.46,13.54,0.1454,416/406/397/387,417.0,407.0,397.0,387.0,10.0,2.28,0.251,2025.06,366.75,16.55,-1518.14,-5912.74,-10307.34,36700.0,4086.45,443.37,stop_touch,expired,2023-09-15,24.81,43.69,443.37,
2023-06-16,2023-09-15,91,439.46,13.54,0.1454,416/406/397/387,417.0,407.0,397.0,387.0,10.0,2.28,0.251,2025.06,366.75,16.55,-1518.14,-5912.74,-10307.34,36700.0,4086.45,443.37,stop_close,expired,2023-09-15,24.81,43.69,443.37,
2023-06-23,2023-09-15,84,433.21,13.44,0.1448,411/402/393/383,410.0,401.0,392.0,383.0,9.0,2.08,0.394,1839.35,364.61,15.84,-1803.85,-6135.95,-10468.05,36500.0,4016.95,443.37,hold,expired,2023-09-15,39.1,69.86,443.37,
2023-06-23,2023-09-15,84,433.21,13.44,0.1448,411/402/393/383,410.0,401.0,392.0,383.0,9.0,2.08,0.394,1839.35,364.61,15.84,-1803.85,-6135.95,-10468.05,36500.0,4016.95,443.37,stop_touch,expired,2023-09-15,39.1,69.86,443.37,
2023-06-23,2023-09-15,84,433.21,13.44,0.1448,411/402/393/383,410.0,401.0,392.0,383.0,9.0,2.08,0.394,1839.35,364.61,15.84,-1803.85,-6135.95,-10468.05,36500.0,4016.95,443.37,stop_close,expired,2023-09-15,39.1,69.86,443.37,
2023-06-30,2023-09-15,77,443.28,13.59,0.1457,421/412/403/394,421.0,412.0,403.0,394.0,9.0,2.03,0.363,1836.25,375.64,15.26,-2101.35,-6534.15,-10966.95,37600.0,4131.07,443.37,hold,expired,2023-09-15,36.0,62.86,443.37,
2023-06-30,2023-09-15,77,443.28,13.59,0.1457,421/412/403/394,421.0,412.0,403.0,394.0,9.0,2.03,0.363,1836.25,375.64,15.26,-2101.35,-6534.15,-10966.95,37600.0,4131.07,443.37,stop_touch,expired,2023-09-15,36.0,62.86,443.37,
2023-06-30,2023-09-15,77,443.28,13.59,0.1457,421/412/403/394,421.0,412.0,403.0,394.0,9.0,2.03,0.363,1836.25,375.64,15.26,-2101.35,-6534.15,-10966.95,37600.0,4131.07,443.37,stop_close,expired,2023-09-15,36.0,62.86,443.37,
2023-07-07,2023-10-20,105,438.55,14.83,0.1531,413/402/391/380,413.0,402.0,391.0,380.0,11.0,2.51,0.322,2232.2,357.68,18.44,-683.8,-5069.3,-9454.8,35800.0,4038.03,421.19,hold,expired,2023-10-20,31.95,56.38,421.19,
2023-07-07,2023-10-20,105,438.55,14.83,0.1531,413/402/391/380,413.0,402.0,391.0,380.0,11.0,2.51,0.322,2232.2,357.68,18.44,-683.8,-5069.3,-9454.8,35800.0,4038.03,421.19,stop_touch,expired,2023-10-20,31.95,56.38,421.19,
2023-07-07,2023-10-20,105,438.55,14.83,0.1531,413/402/391/380,413.0,402.0,391.0,380.0,11.0,2.51,0.322,2232.2,357.68,18.44,-683.8,-5069.3,-9454.8,35800.0,4038.03,421.19,stop_close,expired,2023-10-20,31.95,56.38,421.19,
2023-07-14,2023-10-20,98,449.28,13.34,0.1442,425/415/405/395,425.0,415.0,405.0,395.0,10.0,2.23,0.419,2041.95,374.58,16.63,-1515.65,-6008.45,-10501.25,37500.0,4164.63,421.19,hold,expired,2023-10-20,422.7,728.14,421.19,
2023-07-14,2023-10-20,98,449.28,13.34,0.1442,425/415/405/395,425.0,415.0,405.0,395.0,10.0,2.23,0.419,2041.95,374.58,16.63,-1515.65,-6008.45,-10501.25,37500.0,4164.63,421.19,stop_touch,expired,2023-10-20,422.7,728.14,421.19,
2023-07-14,2023-10-20,98,449.28,13.34,0.1442,425/415/405/395,425.0,415.0,405.0,395.0,10.0,2.23,0.419,2041.95,374.58,16.63,-1515.65,-6008.45,-10501.25,37500.0,4164.63,421.19,stop_close,expired,2023-10-20,422.7,728.14,421.19,
2023-07-21,2023-10-20,91,452.18,13.6,0.1457,428/418/408/398,428.0,418.0,408.0,398.0,10.0,2.21,0.365,2036.45,377.64,16.49,-1589.15,-6110.95,-10632.75,37800.0,4192.26,421.19,hold,expired,2023-10-20,717.2,1227.53,421.19,
2023-07-21,2023-10-20,91,452.18,13.6,0.1457,428/418/408/398,428.0,418.0,408.0,398.0,10.0,2.21,0.365,2036.45,377.64,16.49,-1589.15,-6110.95,-10632.75,37800.0,4192.26,421.19,stop_touch,expired,2023-10-20,717.2,1227.53,421.19,
2023-07-21,2023-10-20,91,452.18,13.6,0.1457,428/418/408/398,428.0,418.0,408.0,398.0,10.0,2.21,0.365,2036.45,377.64,16.49,-1589.15,-6110.95,-10632.75,37800.0,4192.26,421.19,stop_close,expired,2023-10-20,717.2,1227.53,421.19,
2023-07-28,2023-10-20,84,456.92,13.33,0.1441,434/424/414/404,434.0,424.0,414.0,404.0,10.0,2.19,0.245,2024.5,383.75,16.01,-1821.9,-6391.1,-10960.3,38400.0,4251.91,421.19,hold,expired,2023-10-20,1024.25,1734.87,421.19,
2023-07-28,2023-10-20,84,456.92,13.33,0.1441,434/424/414/404,434.0,424.0,414.0,404.0,10.0,2.19,0.245,2024.5,383.75,16.01,-1821.9,-6391.1,-10960.3,38400.0,4251.91,421.19,stop_touch,expired,2023-10-20,1024.25,1734.87,421.19,
2023-07-28,2023-10-20,84,456.92,13.33,0.1441,434/424/414/404,434.0,424.0,414.0,404.0,10.0,2.19,0.245,2024.5,383.75,16.01,-1821.9,-6391.1,-10960.3,38400.0,4251.91,421.19,stop_close,expired,2023-10-20,1024.25,1734.87,421.19,
2023-08-04,2023-10-20,77,446.81,17.1,0.1667,421/411/400/390,420.0,410.0,400.0,390.0,10.0,2.24,0.501,2050.12,369.5,17.3,-1205.08,-5673.18,-10141.28,37000.0,4111.71,421.19,hold,expired,2023-10-20,49.87,86.38,421.19,
2023-08-04,2023-10-20,77,446.81,17.1,0.1667,421/411/400/390,420.0,410.0,400.0,390.0,10.0,2.24,0.501,2050.12,369.5,17.3,-1205.08,-5673.18,-10141.28,37000.0,4111.71,421.19,stop_touch,expired,2023-10-20,49.87,86.38,421.19,
2023-08-04,2023-10-20,77,446.81,17.1,0.1667,421/411/400/390,420.0,410.0,400.0,390.0,10.0,2.24,0.501,2050.12,369.5,17.3,-1205.08,-5673.18,-10141.28,37000.0,4111.71,421.19,stop_close,expired,2023-10-20,49.87,86.38,421.19,
2023-08-11,2023-11-17,98,445.65,14.84,0.1531,420/409/399/388,421.0,410.0,399.0,388.0,11.0,2.47,0.269,2226.95,365.73,17.93,-921.05,-5377.55,-9834.05,36600.0,4120.67,450.79,hold,expired,2023-11-17,26.7,46.36,450.79,
2023-08-11,2023-11-17,98,445.65,14.84,0.1531,420/409/399/388,421.0,410.0,399.0,388.0,11.0,2.47,0.269,2226.95,365.73,17.93,-921.05,-5377.55,-9834.05,36600.0,4120.67,450.79,stop_touch,expired,2023-11-17,26.7,46.36,450.79,
2023-08-11,2023-11-17,98,445.65,14.84,0.1531,420/409/399/388,421.0,410.0,399.0,388.0,11.0,2.47,0.269,2226.95,365.73,17.93,-921.05,-5377.55,-9834.05,36600.0,4120.67,450.79,stop_close,expired,2023-11-17,26.7,46.36,450.79,
2023-08-18,2023-11-17,91,436.5,17.3,0.1679,410/398/388/377,410.0,399.0,388.0,377.0,11.0,2.52,0.386,2238.57,354.61,18.76,-541.43,-4906.43,-9271.43,35500.0,4012.0,450.79,hold,expired,2023-11-17,38.32,67.93,450.79,
2023-08-18,2023-11-17,91,436.5,17.3,0.1679,410/398/388/377,410.0,399.0,388.0,377.0,11.0,2.52,0.386,2238.57,354.61,18.76,-541.43,-4906.43,-9271.43,35500.0,4012.0,450.79,stop_touch,expired,2023-11-17,38.32,67.93,450.79,
2023-08-18,2023-11-17,91,436.5,17.3,0.1679,410/398/388/377,410.0,399.0,388.0,377.0,11.0,2.52,0.386,2238.57,354.61,18.76,-541.43,-4906.43,-9271.43,35500.0,4012.0,450.79,stop_close,expired,2023-11-17,38.32,67.93,450.79,
2023-08-25,2023-11-17,84,439.97,15.68,0.1582,415/405/395/385,415.0,405.0,395.0,385.0,10.0,2.27,0.407,2040.71,364.59,17.13,-1261.69,-5661.39,-10061.09,36500.0,4064.76,450.79,hold,expired,2023-11-17,40.46,71.17,450.79,
2023-08-25,2023-11-17,84,439.97,15.68,0.1582,415/405/395/385,415.0,405.0,395.0,385.0,10.0,2.27,0.407,2040.71,364.59,17.13,-1261.69,-5661.39,-10061.09,36500.0,4064.76,450.79,stop_touch,expired,2023-11-17,40.46,71.17,450.79,
2023-08-25,2023-11-17,84,439.97,15.68,0.1582,415/405/395/385,415.0,405.0,395.0,385.0,10.0,2.27,0.407,2040.71,364.59,17.13,-1261.69,-5661.39,-10061.09,36500.0,4064.76,450.79,stop_close,expired,2023-11-17,40.46,71.17,450.79,
2023-09-01,2023-11-17,77,451.19,13.09,0.1427,429/420/411/402,429.0,420.0,411.0,402.0,9.0,1.99,0.359,1835.9,383.64,14.97,-2268.9,-6780.8,-11292.7,38400.0,4295.12,450.79,hold,expired,2023-11-17,35.65,61.14,450.79,
2023-09-01,2023-11-17,77,451.19,13.09,0.1427,429/420/411/402,429.0,420.0,411.0,402.0,9.0,1.99,0.359,1835.9,383.64,14.97,-2268.9,-6780.8,-11292.7,38400.0,4295.12,450.79,stop_touch,expired,2023-11-17,35.65,61.14,450.79,
2023-09-01,2023-11-17,77,451.19,13.09,0.1427,429/420/411/402,429.0,420.0,411.0,402.0,9.0,1.99,0.359,1835.9,383.64,14.97,-2268.9,-6780.8,-11292.7,38400.0,4295.12,450.79,stop_close,expired,2023-11-17,35.65,61.14,450.79,
2023-09-08,2023-12-15,98,445.52,13.84,0.1472,421/411/400/390,420.0,410.0,400.0,390.0,10.0,2.24,0.458,2045.82,369.54,17.05,-1312.58,-5767.78,-10222.98,37000.0,4110.44,469.33,hold,expired,2023-12-15,45.57,79.16,469.33,
2023-09-08,2023-12-15,98,445.52,13.84,0.1472,421/411/400/390,420.0,410.0,400.0,390.0,10.0,2.24,0.458,2045.82,369.54,17.05,-1312.58,-5767.78,-10222.98,37000.0,4110.44,469.33,stop_touch,expired,2023-12-15,45.57,79.16,469.33,
2023-09-08,2023-12-15,98,445.52,13.84,0.1472,421/411/400/390,420.0,410.0,400.0,390.0,10.0,2.24,0.458,2045.82,369.54,17.05,-1312.58,-5767.78,-10222.98,37000.0,4110.44,469.33,stop_close,expired,2023-12-15,45.57,79.16,469.33,
2023-09-15,2023-12-15,91,443.37,13.79,0.1469,420/410/400/390,420.0,410.0,400.0,390.0,10.0,2.26,0.317,2031.65,369.68,16.62,-1498.75,-5932.45,-10366.15,37000.0,4115.14,469.33,hold,expired,2023-12-15,31.4,54.82,469.33,
2023-09-15,2023-12-15,91,443.37,13.79,0.1469,420/410/400/390,420.0,410.0,400.0,390.0,10.0,2.26,0.317,2031.65,369.68,16.62,-1498.75,-5932.45,-10366.15,37000.0,4115.14,469.33,stop_touch,expired,2023-12-15,31.4,54.82,469.33,
2023-09-15,2023-12-15,91,443.37,13.79,0.1469,420/410/400/390,420.0,410.0,400.0,390.0,10.0,2.26,0.317,2031.65,369.68,16.62,-1498.75,-5932.45,-10366.15,37000.0,4115.14,469.33,stop_close,expired,2023-12-15,31.4,54.82,469.33,
2023-09-22,2023-12-15,84,430.42,17.2,0.1673,405/394/384/374,404.0,394.0,384.0,374.0,10.0,2.32,0.511,2051.09,353.49,17.87,-915.31,-5219.51,-9523.71,35400.0,3955.6,469.33,hold,expired,2023-12-15,50.84,91.41,469.33,
2023-09-22,2023-12-15,84,430.42,17.2,0.1673,405/394/384/374,404.0,394.0,384.0,374.0,10.0,2.32,0.511,2051.09,353.49,17.87,-915.31,-5219.51,-9523.71,35400.0,3955.6,469.33,stop_touch,expired,2023-12-15,50.84,91.41,469.33,
2023-09-22,2023-12-15,84,430.42,17.2,0.1673,405/394/384/374,404.0,394.0,384.0,374.0,10.0,2.32,0.511,2051.09,353.49,17.87,-915.31,-5219.51,-9523.71,35400.0,3955.6,469.33,stop_close,expired,2023-12-15,50.84,91.41,469.33,
2023-09-29,2023-12-15,77,427.48,17.52,0.1692,402/392/382/372,402.0,392.0,382.0,372.0,10.0,2.34,0.386,2038.6,351.61,17.75,-963.0,-5237.8,-9512.6,35200.0,3933.66,469.33,hold,expired,2023-12-15,38.35,69.42,469.33,
2023-09-29,2023-12-15,77,427.48,17.52,0.1692,402/392/382/372,402.0,392.0,382.0,372.0,10.0,2.34,0.386,2038.6,351.61,17.75,-963.0,-5237.8,-9512.6,35200.0,3933.66,469.33,stop_touch,expired,2023-12-15,38.35,69.42,469.33,
2023-09-29,2023-12-15,77,427.48,17.52,0.1692,402/392/382/372,402.0,392.0,382.0,372.0,10.0,2.34,0.386,2038.6,351.61,17.75,-963.0,-5237.8,-9512.6,35200.0,3933.66,469.33,stop_close,expired,2023-12-15,38.35,69.42,469.33,
2023-10-06,2024-01-19,105,429.54,17.45,0.1688,402/390/379/367,403.0,391.0,379.0,367.0,12.0,2.79,0.253,2425.26,342.75,20.21,88.46,-4206.94,-8502.34,34300.0,3940.05,482.43,hold,expired,2024-01-19,25.01,45.06,482.43,
2023-10-06,2024-01-19,105,429.54,17.45,0.1688,402/390/379/367,403.0,391.0,379.0,367.0,12.0,2.79,0.253,2425.26,342.75,20.21,88.46,-4206.94,-8502.34,34300.0,3940.05,482.43,stop_touch,expired,2024-01-19,25.01,45.06,482.43,
2023-10-06,2024-01-19,105,429.54,17.45,0.1688,402/390/379/367,403.0,391.0,379.0,367.0,12.0,2.79,0.253,2425.26,342.75,20.21,88.46,-4206.94,-8502.34,34300.0,3940.05,482.43,stop_close,expired,2024-01-19,25.01,45.06,482.43,
2023-10-13,2024-01-19,98,431.5,19.32,0.1799,402/390/378/367,403.0,391.0,379.0,367.0,12.0,2.78,0.393,2439.28,342.61,20.6,259.28,-4055.72,-8370.72,34300.0,3940.38,482.43,hold,expired,2024-01-19,39.03,70.0,482.43,
2023-10-13,2024-01-19,98,431.5,19.32,0.1799,402/390/378/367,403.0,391.0,379.0,367.0,12.0,2.78,0.393,2439.28,342.61,20.6,259.28,-4055.72,-8370.72,34300.0,3940.38,482.43,stop_touch,expired,2024-01-19,39.03,70.0,482.43,
2023-10-13,2024-01-19,98,431.5,19.32,0.1799,402/390/378/367,403.0,391.0,379.0,367.0,12.0,2.78,0.393,2439.28,342.61,20.6,259.28,-4055.72,-8370.72,34300.0,3940.38,482.43,stop_close,expired,2024-01-19,39.03,70.0,482.43,
2023-10-20,2024-01-19,91,421.19,21.71,0.1942,391/379/367/355,391.0,379.0,367.0,355.0,12.0,2.85,0.443,2444.28,330.56,21.52,639.48,-3572.42,-7784.32,33100.0,3817.77,482.43,hold,expired,2024-01-19,44.03,80.9,482.43,
2023-10-20,2024-01-19,91,421.19,21.71,0.1942,391/379/367/355,391.0,379.0,367.0,355.0,12.0,2.85,0.443,2444.28,330.56,21.52,639.48,-3572.42,-7784.32,33100.0,3817.77,482.43,stop_touch,expired,2024-01-19,44.03,80.9,482.43,
2023-10-20,2024-01-19,91,421.19,21.71,0.1942,391/379/367/355,391.0,379.0,367.0,355.0,12.0,2.85,0.443,2444.28,330.56,21.52,639.48,-3572.42,-7784.32,33100.0,3817.77,482.43,stop_close,expired,2024-01-19,44.03,80.9,482.43,
2023-10-27,2024-01-19,84,410.68,21.27,0.1916,383/371/360/349,382.0,371.0,360.0,349.0,11.0,2.68,0.471,2247.06,326.53,20.49,201.46,-3905.34,-8012.14,32700.0,3732.14,482.43,hold,expired,2024-01-19,46.81,88.21,482.43,
2023-10-27,2024-01-19,84,410.68,21.27,0.1916,383/371/360/349,382.0,371.0,360.0,349.0,11.0,2.68,0.471,2247.06,326.53,20.49,201.46,-3905.34,-8012.14,32700.0,3732.14,482.43,stop_touch,expired,2024-01-19,46.81,88.21,482.43,
2023-10-27,2024-01-19,84,410.68,21.27,0.1916,383/371/360/349,382.0,371.0,360.0,349.0,11.0,2.68,0.471,2247.06,326.53,20.49,201.46,-3905.34,-8012.14,32700.0,3732.14,482.43,stop_close,expired,2024-01-19,46.81,88.21,482.43,
2023-11-03,2024-01-19,77,434.69,14.91,0.1536,412/402/393/383,413.0,403.0,393.0,383.0,10.0,2.3,0.135,2013.52,362.86,16.52,-1511.28,-5858.18,-10205.08,36300.0,4047.03,482.43,hold,expired,2024-01-19,13.27,23.62,482.43,
2023-11-03,2024-01-19,77,434.69,14.91,0.1536,412/402/393/383,413.0,403.0,393.0,383.0,10.0,2.3,0.135,2013.52,362.86,16.52,-1511.28,-5858.18,-10205.08,36300.0,4047.03,482.43,stop_touch,expired,2024-01-19,13.27,23.62,482.43,
2023-11-03,2024-01-19,77,434.69,14.91,0.1536,412/402/393/383,413.0,403.0,393.0,383.0,10.0,2.3,0.135,2013.52,362.86,16.52,-1511.28,-5858.18,-10205.08,36300.0,4047.03,482.43,stop_close,expired,2024-01-19,13.27,23.62,482.43,
2023-11-10,2024-02-16,98,440.61,14.17,0.1491,416/406/395/385,415.0,405.0,395.0,385.0,10.0,2.27,0.461,2046.12,364.54,17.26,-1205.08,-5611.18,-10017.28,36500.0,4060.94,499.51,hold,expired,2024-02-16,45.87,80.56,499.51,
2023-11-10,2024-02-16,98,440.61,14.17,0.1491,416/406/395/385,415.0,405.0,395.0,385.0,10.0,2.27,0.461,2046.12,364.54,17.26,-1205.08,-5611.18,-10017.28,36500.0,4060.94,499.51,stop_touch,expired,2024-02-16,45.87,80.56,499.51,
2023-11-10,2024-02-16,98,440.61,14.17,0.1491,416/406/395/385,415.0,405.0,395.0,385.0,10.0,2.27,0.461,2046.12,364.54,17.26,-1205.08,-5611.18,-10017.28,36500.0,4060.94,499.51,stop_close,expired,2024-02-16,45.87,80.56,499.51,
2023-11-17,2024-02-16,91,450.79,13.8,0.1469,427/416/406/396,426.0,416.0,406.0,396.0,10.0,2.22,0.382,2038.16,375.62,16.68,-1498.64,-6006.54,-10514.44,37600.0,4169.84,499.51,hold,expired,2024-02-16,37.91,65.09,499.51,
2023-11-17,2024-02-16,91,450.79,13.8,0.1469,427/416/406/396,426.0,416.0,406.0,396.0,10.0,2.22,0.382,2038.16,375.62,16.68,-1498.64,-6006.54,-10514.44,37600.0,4169.84,499.51,stop_touch,expired,2024-02-16,37.91,65.09,499.51,
2023-11-17,2024-02-16,91,450.79,13.8,0.1469,427/416/406/396,426.0,416.0,406.0,396.0,10.0,2.22,0.382,2038.16,375.62,16.68,-1498.64,-6006.54,-10514.44,37600.0,4169.84,499.51,stop_close,expired,2024-02-16,37.91,65.09,499.51,
2023-11-24,2024-02-16,84,455.3,12.46,0.1389,433/423/414/405,432.0,423.0,414.0,405.0,9.0,1.98,0.433,1843.33,386.57,15.1,-2232.67,-6785.67,-11338.67,38700.0,4262.71,499.51,hold,expired,2024-02-16,43.08,73.23,499.51,
2023-11-24,2024-02-16,84,455.3,12.46,0.1389,433/423/414/405,432.0,423.0,414.0,405.0,9.0,1.98,0.433,1843.33,386.57,15.1,-2232.67,-6785.67,-11338.67,38700.0,4262.71,499.51,stop_touch,expired,2024-02-16,43.08,73.23,499.51,
2023-11-24,2024-02-16,84,455.3,12.46,0.1389,433/423/414/405,432.0,423.0,414.0,405.0,9.0,1.98,0.433,1843.33,386.57,15.1,-2232.67,-6785.67,-11338.67,38700.0,4262.71,499.51,stop_close,expired,2024-02-16,43.08,73.23,499.51,
2023-12-01,2024-02-16,77,459.1,12.63,0.1399,437/428/419/410,437.0,428.0,419.0,410.0,9.0,1.96,0.358,1835.78,391.64,14.69,-2436.22,-7027.22,-11618.22,39200.0,4461.81,499.51,hold,expired,2024-02-16,35.53,59.9,499.51,
2023-12-01,2024-02-16,77,459.1,12.63,0.1399,437/428/419/410,437.0,428.0,419.0,410.0,9.0,1.96,0.358,1835.78,391.64,14.69,-2436.22,-7027.22,-11618.22,39200.0,4461.81,499.51,stop_touch,expired,2024-02-16,35.53,59.9,499.51,
2023-12-01,2024-02-16,77,459.1,12.63,0.1399,437/428/419/410,437.0,428.0,419.0,410.0,9.0,1.96,0.358,1835.78,391.64,14.69,-2436.22,-7027.22,-11618.22,39200.0,4461.81,499.51,stop_close,expired,2024-02-16,35.53,59.9,499.51,
2023-12-08,2024-03-15,98,460.2,12.35,0.1383,436/426/416/406,436.0,426.0,416.0,406.0,10.0,2.17,0.372,2037.21,385.63,16.2,-1746.79,-6348.79,-10950.79,38600.0,4269.27,509.83,hold,expired,2024-03-15,36.96,62.15,509.83,
2023-12-08,2024-03-15,98,460.2,12.35,0.1383,436/426/416/406,436.0,426.0,416.0,406.0,10.0,2.17,0.372,2037.21,385.63,16.2,-1746.79,-6348.79,-10950.79,38600.0,4269.27,509.83,stop_touch,expired,2024-03-15,36.96,62.15,509.83,
2023-12-08,2024-03-15,98,460.2,12.35,0.1383,436/426/416/406,436.0,426.0,416.0,406.0,10.0,2.17,0.372,2037.21,385.63,16.2,-1746.79,-6348.79,-10950.79,38600.0,4269.27,509.83,stop_close,expired,2024-03-15,36.96,62.15,509.83,
2023-12-15,2024-03-15,91,469.33,12.28,0.1378,446/436/426/416,446.0,436.0,426.0,416.0,10.0,2.13,0.318,2031.78,395.68,15.69,-2021.82,-6715.12,-11408.42,39600.0,4371.29,509.83,hold,expired,2024-03-15,31.53,51.99,509.83,
2023-12-15,2024-03-15,91,469.33,12.28,0.1378,446/436/426/416,446.0,436.0,426.0,416.0,10.0,2.13,0.318,2031.78,395.68,15.69,-2021.82,-6715.12,-11408.42,39600.0,4371.29,509.83,stop_touch,expired,2024-03-15,31.53,51.99,509.83,
2023-12-15,2024-03-15,91,469.33,12.28,0.1378,446/436/426/416,446.0,436.0,426.0,416.0,10.0,2.13,0.318,2031.78,395.68,15.69,-2021.82,-6715.12,-11408.42,39600.0,4371.29,509.83,stop_close,expired,2024-03-15,31.53,51.99,509.83,
2023-12-22,2024-03-15,84,473.65,13.03,0.1423,450/440/430/420,450.0,440.0,430.0,420.0,10.0,2.11,0.331,2033.13,399.67,15.62,-2074.87,-6811.37,-11547.87,40000.0,4411.94,509.83,hold,expired,2024-03-15,32.88,53.72,509.83,
2023-12-22,2024-03-15,84,473.65,13.03,0.1423,450/440/430/420,450.0,440.0,430.0,420.0,10.0,2.11,0.331,2033.13,399.67,15.62,-2074.87,-6811.37,-11547.87,40000.0,4411.94,509.83,stop_touch,expired,2024-03-15,32.88,53.72,509.83,
2023-12-22,2024-03-15,84,473.65,13.03,0.1423,450/440/430/420,450.0,440.0,430.0,420.0,10.0,2.11,0.331,2033.13,399.67,15.62,-2074.87,-6811.37,-11547.87,40000.0,4411.94,509.83,stop_close,expired,2024-03-15,32.88,53.72,509.83,
2023-12-29,2024-03-15,77,475.31,12.45,0.1389,453/443/434/424,454.0,444.0,434.0,424.0,10.0,2.1,0.133,2013.33,403.87,15.03,-2361.87,-7114.97,-11868.07,40400.0,4588.53,509.83,hold,expired,2024-03-15,13.08,21.3,509.83,
2023-12-29,2024-03-15,77,475.31,12.45,0.1389,453/443/434/424,454.0,444.0,434.0,424.0,10.0,2.1,0.133,2013.33,403.87,15.03,-2361.87,-7114.97,-11868.07,40400.0,4588.53,509.83,stop_touch,expired,2024-03-15,13.08,21.3,509.83,
2023-12-29,2024-03-15,77,475.31,12.45,0.1389,453/443/434/424,454.0,444.0,434.0,424.0,10.0,2.1,0.133,2013.33,403.87,15.03,-2361.87,-7114.97,-11868.07,40400.0,4588.53,509.83,stop_close,expired,2024-03-15,13.08,21.3,509.83,
2024-01-05,2024-04-19,105,467.92,13.35,0.1442,442/431/420/409,442.0,431.0,420.0,409.0,11.0,2.35,0.374,2237.36,386.63,17.37,-1229.04,-5908.24,-10587.44,38700.0,4325.27,495.16,hold,expired,2024-04-19,37.11,61.38,495.16,
2024-01-05,2024-04-19,105,467.92,13.35,0.1442,442/431/420/409,442.0,431.0,420.0,409.0,11.0,2.35,0.374,2237.36,386.63,17.37,-1229.04,-5908.24,-10587.44,38700.0,4325.27,495.16,stop_touch,expired,2024-04-19,37.11,61.38,495.16,
2024-01-05,2024-04-19,105,467.92,13.35,0.1442,442/431/420/409,442.0,431.0,420.0,409.0,11.0,2.35,0.374,2237.36,386.63,17.37,-1229.04,-5908.24,-10587.44,38700.0,4325.27,495.16,stop_close,expired,2024-04-19,37.11,61.38,495.16,
2024-01-12,2024-04-19,98,476.68,12.7,0.1403,452/441/430/420,453.0,442.0,431.0,420.0,11.0,2.31,0.23,2223.04,397.77,16.55,-1642.56,-6409.36,-11176.16,39800.0,4439.43,495.16,hold,expired,2024-04-19,22.79,36.99,495.16,
2024-01-12,2024-04-19,98,476.68,12.7,0.1403,452/441/430/420,453.0,442.0,431.0,420.0,11.0,2.31,0.23,2223.04,397.77,16.55,-1642.56,-6409.36,-11176.16,39800.0,4439.43,495.16,stop_touch,expired,2024-04-19,22.79,36.99,495.16,
2024-01-12,2024-04-19,98,476.68,12.7,0.1403,452/441/430/420,453.0,442.0,431.0,420.0,11.0,2.31,0.23,2223.04,397.77,16.55,-1642.56,-6409.36,-11176.16,39800.0,4439.43,495.16,stop_close,expired,2024-04-19,22.79,36.99,495.16,
2024-01-19,2024-04-19,91,482.43,13.3,0.1439,457/446/436/425,458.0,447.0,436.0,425.0,11.0,2.28,0.246,2224.64,402.75,16.52,-1680.96,-6505.26,-11329.56,40300.0,4486.65,495.16,hold,expired,2024-04-19,24.39,39.13,495.16,
2024-01-19,2024-04-19,91,482.43,13.3,0.1439,457/446/436/425,458.0,447.0,436.0,425.0,11.0,2.28,0.246,2224.64,402.75,16.52,-1680.96,-6505.26,-11329.56,40300.0,4486.65,495.16,stop_touch,expired,2024-04-19,24.39,39.13,495.16,
2024-01-19,2024-04-19,91,482.43,13.3,0.1439,457/446/436/425,458.0,447.0,436.0,425.0,11.0,2.28,0.246,2224.64,402.75,16.52,-1680.96,-6505.26,-11329.56,40300.0,4486.65,495.16,stop_close,expired,2024-04-19,24.39,39.13,495.16,
2024-01-26,2024-04-19,84,487.41,13.26,0.1437,462/452/442/431,461.0,451.0,441.0,431.0,10.0,2.05,0.472,2047.25,410.53,15.77,-2059.95,-6934.05,-11808.15,41100.0,4514.64,495.16,hold,expired,2024-04-19,47.0,74.62,495.16,
2024-01-26,2024-04-19,84,487.41,13.26,0.1437,462/452/442/431,461.0,451.0,441.0,431.0,10.0,2.05,0.472,2047.25,410.53,15.77,-2059.95,-6934.05,-11808.15,41100.0,4514.64,495.16,stop_touch,expired,2024-04-19,47.0,74.62,495.16,
2024-01-26,2024-04-19,84,487.41,13.26,0.1437,462/452/442/431,461.0,451.0,441.0,431.0,10.0,2.05,0.472,2047.25,410.53,15.77,-2059.95,-6934.05,-11808.15,41100.0,4514.64,495.16,stop_close,expired,2024-04-19,47.0,74.62,495.16,
2024-02-02,2024-04-19,77,494.35,13.85,0.1472,469/459/449/438,468.0,458.0,448.0,438.0,10.0,2.02,0.468,2046.75,417.53,15.54,-2205.25,-7148.75,-12092.25,41800.0,4585.8,495.16,hold,expired,2024-04-19,46.5,72.8,495.16,
2024-02-02,2024-04-19,77,494.35,13.85,0.1472,469/459/449/438,468.0,458.0,448.0,438.0,10.0,2.02,0.468,2046.75,417.53,15.54,-2205.25,-7148.75,-12092.25,41800.0,4585.8,495.16,stop_touch,expired,2024-04-19,46.5,72.8,495.16,
2024-02-02,2024-04-19,77,494.35,13.85,0.1472,469/459/449/438,468.0,458.0,448.0,438.0,10.0,2.02,0.468,2046.75,417.53,15.54,-2205.25,-7148.75,-12092.25,41800.0,4585.8,495.16,stop_close,expired,2024-04-19,46.5,72.8,495.16,
2024-02-09,2024-05-17,98,501.2,12.93,0.1417,474/463/452/441,474.0,463.0,452.0,441.0,11.0,2.19,0.47,2247.05,418.53,16.49,-1756.95,-6768.95,-11780.95,41900.0,4641.55,529.45,hold,expired,2024-05-17,46.8,72.26,529.45,
2024-02-09,2024-05-17,98,501.2,12.93,0.1417,474/463/452/441,474.0,463.0,452.0,441.0,11.0,2.19,0.47,2247.05,418.53,16.49,-1756.95,-6768.95,-11780.95,41900.0,4641.55,529.45,stop_touch,expired,2024-05-17,46.8,72.26,529.45,
2024-02-09,2024-05-17,98,501.2,12.93,0.1417,474/463/452/441,474.0,463.0,452.0,441.0,11.0,2.19,0.47,2247.05,418.53,16.49,-1756.95,-6768.95,-11780.95,41900.0,4641.55,529.45,stop_close,expired,2024-05-17,46.8,72.26,529.45,
2024-02-16,2024-05-17,91,499.51,14.24,0.1496,472/461/449/438,471.0,460.0,449.0,438.0,11.0,2.2,0.526,2252.55,415.47,16.82,-1586.65,-6581.75,-11576.85,41600.0,4610.23,529.45,hold,expired,2024-05-17,52.3,81.03,529.45,
2024-02-16,2024-05-17,91,499.51,14.24,0.1496,472/461/449/438,471.0,460.0,449.0,438.0,11.0,2.2,0.526,2252.55,415.47,16.82,-1586.65,-6581.75,-11576.85,41600.0,4610.23,529.45,stop_touch,expired,2024-05-17,52.3,81.03,529.45,
2024-02-16,2024-05-17,91,499.51,14.24,0.1496,472/461/449/438,471.0,460.0,449.0,438.0,11.0,2.2,0.526,2252.55,415.47,16.82,-1586.65,-6581.75,-11576.85,41600.0,4610.23,529.45,stop_close,expired,2024-05-17,52.3,81.03,529.45,
2024-02-23,2024-05-17,84,507.85,13.75,0.1466,481/470/459/448,481.0,470.0,459.0,448.0,11.0,2.17,0.385,2238.47,425.62,16.19,-1933.53,-7012.03,-12090.53,42600.0,4710.08,529.45,hold,expired,2024-05-17,38.22,58.25,529.45,
2024-02-23,2024-05-17,84,507.85,13.75,0.1466,481/470/459/448,481.0,470.0,459.0,448.0,11.0,2.17,0.385,2238.47,425.62,16.19,-1933.53,-7012.03,-12090.53,42600.0,4710.08,529.45,stop_touch,expired,2024-05-17,38.22,58.25,529.45,
2024-02-23,2024-05-17,84,507.85,13.75,0.1466,481/470/459/448,481.0,470.0,459.0,448.0,11.0,2.17,0.385,2238.47,425.62,16.19,-1933.53,-7012.03,-12090.53,42600.0,4710.08,529.45,stop_close,expired,2024-05-17,38.22,58.25,529.45,
2024-03-01,2024-05-17,77,512.85,13.11,0.1428,488/477/467/456,489.0,478.0,467.0,456.0,11.0,2.14,0.18,2218.04,433.82,15.41,-2353.96,-7482.46,-12610.96,43400.0,4807.2,529.45,hold,expired,2024-05-17,17.79,26.85,529.45,
2024-03-01,2024-05-17,77,512.85,13.11,0.1428,488/477/467/456,489.0,478.0,467.0,456.0,11.0,2.14,0.18,2218.04,433.82,15.41,-2353.96,-7482.46,-12610.96,43400.0,4807.2,529.45,stop_touch,expired,2024-05-17,17.79,26.85,529.45,
2024-03-01,2024-05-17,77,512.85,13.11,0.1428,488/477/467/456,489.0,478.0,467.0,456.0,11.0,2.14,0.18,2218.04,433.82,15.41,-2353.96,-7482.46,-12610.96,43400.0,4807.2,529.45,stop_close,expired,2024-05-17,17.79,26.85,529.45,
2024-03-08,2024-06-21,105,511.72,14.74,0.1525,482/469/456/444,483.0,470.0,457.0,444.0,13.0,2.54,0.321,2632.11,417.68,18.38,-830.29,-5947.49,-11064.69,41800.0,4725.85,544.51,hold,expired,2024-06-21,31.86,48.19,544.51,
2024-03-08,2024-06-21,105,511.72,14.74,0.1525,482/469/456/444,483.0,470.0,457.0,444.0,13.0,2.54,0.321,2632.11,417.68,18.38,-830.29,-5947.49,-11064.69,41800.0,4725.85,544.51,stop_touch,expired,2024-06-21,31.86,48.19,544.51,
2024-03-08,2024-06-21,105,511.72,14.74,0.1525,482/469/456/444,483.0,470.0,457.0,444.0,13.0,2.54,0.321,2632.11,417.68,18.38,-830.29,-5947.49,-11064.69,41800.0,4725.85,544.51,stop_close,expired,2024-06-21,31.86,48.19,544.51,
2024-03-15,2024-06-21,98,509.83,14.41,0.1506,481/469/457/445,481.0,469.0,457.0,445.0,12.0,2.35,0.451,2445.06,420.55,17.51,-1268.54,-6366.84,-11465.14,42100.0,4707.52,544.51,hold,expired,2024-06-21,44.81,68.03,544.51,
2024-03-15,2024-06-21,98,509.83,14.41,0.1506,481/469/457/445,481.0,469.0,457.0,445.0,12.0,2.35,0.451,2445.06,420.55,17.51,-1268.54,-6366.84,-11465.14,42100.0,4707.52,544.51,stop_touch,expired,2024-06-21,44.81,68.03,544.51,
2024-03-15,2024-06-21,98,509.83,14.41,0.1506,481/469/457/445,481.0,469.0,457.0,445.0,12.0,2.35,0.451,2445.06,420.55,17.51,-1268.54,-6366.84,-11465.14,42100.0,4707.52,544.51,stop_close,expired,2024-06-21,44.81,68.03,544.51,
2024-03-22,2024-06-21,91,521.21,13.06,0.1425,494/483/471/460,493.0,482.0,471.0,460.0,11.0,2.11,0.522,2252.2,437.48,16.06,-2051.0,-7263.1,-12475.2,43800.0,4828.56,544.51,hold,expired,2024-06-21,51.95,77.14,544.51,
2024-03-22,2024-06-21,91,521.21,13.06,0.1425,494/483/471/460,493.0,482.0,471.0,460.0,11.0,2.11,0.522,2252.2,437.48,16.06,-2051.0,-7263.1,-12475.2,43800.0,4828.56,544.51,stop_touch,expired,2024-06-21,51.95,77.14,544.51,
2024-03-22,2024-06-21,91,521.21,13.06,0.1425,494/483/471/460,493.0,482.0,471.0,460.0,11.0,2.11,0.522,2252.2,437.48,16.06,-2051.0,-7263.1,-12475.2,43800.0,4828.56,544.51,stop_close,expired,2024-06-21,51.95,77.14,544.51,
2024-03-28,2024-06-21,85,523.07,13.01,0.1422,496/485/474/463,496.0,485.0,474.0,463.0,11.0,2.1,0.413,2241.27,440.59,15.77,-2213.13,-7443.83,-12674.53,44100.0,4858.44,544.51,hold,expired,2024-06-21,41.02,60.7,544.51,
2024-03-28,2024-06-21,85,523.07,13.01,0.1422,496/485/474/463,496.0,485.0,474.0,463.0,11.0,2.1,0.413,2241.27,440.59,15.77,-2213.13,-7443.83,-12674.53,44100.0,4858.44,544.51,stop_touch,expired,2024-06-21,41.02,60.7,544.51,
2024-03-28,2024-06-21,85,523.07,13.01,0.1422,496/485/474/463,496.0,485.0,474.0,463.0,11.0,2.1,0.413,2241.27,440.59,15.77,-2213.13,-7443.83,-12674.53,44100.0,4858.44,544.51,stop_close,expired,2024-06-21,41.02,60.7,544.51,
2024-04-05,2024-06-21,77,518.43,16.03,0.1603,490/478/466/455,491.0,479.0,467.0,455.0,12.0,2.31,0.316,2431.56,430.68,16.93,-1594.04,-6778.34,-11962.64,43100.0,4811.77,544.51,hold,expired,2024-06-21,31.31,46.75,544.51,
2024-04-05,2024-06-21,77,518.43,16.03,0.1603,490/478/466/455,491.0,479.0,467.0,455.0,12.0,2.31,0.316,2431.56,430.68,16.93,-1594.04,-6778.34,-11962.64,43100.0,4811.77,544.51,stop_touch,expired,2024-06-21,31.31,46.75,544.51,
2024-04-05,2024-06-21,77,518.43,16.03,0.1603,490/478/466/455,491.0,479.0,467.0,455.0,12.0,2.31,0.316,2431.56,430.68,16.93,-1594.04,-6778.34,-11962.64,43100.0,4811.77,544.51,stop_close,expired,2024-06-21,31.31,46.75,544.51,
2024-04-12,2024-07-19,98,510.85,17.31,0.1679,478/465/452/439,478.0,465.0,452.0,439.0,13.0,2.54,0.582,2658.25,412.42,19.27,-373.75,-5482.25,-10590.75,41300.0,4672.69,548.99,hold,expired,2024-07-19,58.0,87.86,548.99,
2024-04-12,2024-07-19,98,510.85,17.31,0.1679,478/465/452/439,478.0,465.0,452.0,439.0,13.0,2.54,0.582,2658.25,412.42,19.27,-373.75,-5482.25,-10590.75,41300.0,4672.69,548.99,stop_touch,expired,2024-07-19,58.0,87.86,548.99,
2024-04-12,2024-07-19,98,510.85,17.31,0.1679,478/465/452/439,478.0,465.0,452.0,439.0,13.0,2.54,0.582,2658.25,412.42,19.27,-373.75,-5482.25,-10590.75,41300.0,4672.69,548.99,stop_close,expired,2024-07-19,58.0,87.86,548.99,
2024-04-19,2024-07-19,91,495.16,18.71,0.1763,463/450/437/424,463.0,450.0,437.0,424.0,13.0,2.63,0.485,2648.53,397.51,19.72,-138.67,-5090.27,-10041.87,39800.0,4524.6,548.99,hold,expired,2024-07-19,48.28,75.46,548.99,
2024-04-19,2024-07-19,91,495.16,18.71,0.1763,463/450/437/424,463.0,450.0,437.0,424.0,13.0,2.63,0.485,2648.53,397.51,19.72,-138.67,-5090.27,-10041.87,39800.0,4524.6,548.99,stop_touch,expired,2024-07-19,48.28,75.46,548.99,
2024-04-19,2024-07-19,91,495.16,18.71,0.1763,463/450/437/424,463.0,450.0,437.0,424.0,13.0,2.63,0.485,2648.53,397.51,19.72,-138.67,-5090.27,-10041.87,39800.0,4524.6,548.99,stop_close,expired,2024-07-19,48.28,75.46,548.99,
2024-04-26,2024-07-19,84,508.26,15.03,0.1543,480/469/457/446,479.0,468.0,457.0,446.0,11.0,2.16,0.571,2257.12,423.43,16.69,-1682.08,-6764.68,-11847.28,42400.0,4690.15,548.99,hold,expired,2024-07-19,56.87,86.59,548.99,
2024-04-26,2024-07-19,84,508.26,15.03,0.1543,480/469/457/446,479.0,468.0,457.0,446.0,11.0,2.16,0.571,2257.12,423.43,16.69,-1682.08,-6764.68,-11847.28,42400.0,4690.15,548.99,stop_touch,expired,2024-07-19,56.87,86.59,548.99,
2024-04-26,2024-07-19,84,508.26,15.03,0.1543,480/469/457/446,479.0,468.0,457.0,446.0,11.0,2.16,0.571,2257.12,423.43,16.69,-1682.08,-6764.68,-11847.28,42400.0,4690.15,548.99,stop_close,expired,2024-07-19,56.87,86.59,548.99,
2024-05-03,2024-07-19,77,511.29,13.49,0.1451,486/475/465/454,487.0,476.0,465.0,454.0,11.0,2.15,0.222,2222.21,431.78,15.55,-2274.59,-7387.49,-12500.39,43200.0,4775.99,548.99,hold,expired,2024-07-19,21.96,33.23,548.99,
2024-05-03,2024-07-19,77,511.29,13.49,0.1451,486/475/465/454,487.0,476.0,465.0,454.0,11.0,2.15,0.222,2222.21,431.78,15.55,-2274.59,-7387.49,-12500.39,43200.0,4775.99,548.99,stop_touch,expired,2024-07-19,21.96,33.23,548.99,
2024-05-03,2024-07-19,77,511.29,13.49,0.1451,486/475/465/454,487.0,476.0,465.0,454.0,11.0,2.15,0.222,2222.21,431.78,15.55,-2274.59,-7387.49,-12500.39,43200.0,4775.99,548.99,stop_close,expired,2024-07-19,21.96,33.23,548.99,
2024-05-10,2024-08-16,98,520.84,12.55,0.1394,494/482/471/459,495.0,483.0,471.0,459.0,12.0,2.3,0.245,2424.51,434.75,16.53,-1808.29,-7016.69,-12225.09,43500.0,4848.58,554.31,hold,expired,2024-08-16,24.26,36.04,554.31,
2024-05-10,2024-08-16,98,520.84,12.55,0.1394,494/482/471/459,495.0,483.0,471.0,459.0,12.0,2.3,0.245,2424.51,434.75,16.53,-1808.29,-7016.69,-12225.09,43500.0,4848.58,554.31,stop_touch,expired,2024-08-16,24.26,36.04,554.31,
2024-05-10,2024-08-16,98,520.84,12.55,0.1394,494/482/471/459,495.0,483.0,471.0,459.0,12.0,2.3,0.245,2424.51,434.75,16.53,-1808.29,-7016.69,-12225.09,43500.0,4848.58,554.31,stop_close,expired,2024-08-16,24.26,36.04,554.31,
2024-05-17,2024-08-16,91,529.45,11.99,0.1361,503/492/481/470,503.0,492.0,481.0,470.0,11.0,2.08,0.417,2241.74,447.58,15.46,-2402.26,-7696.76,-12991.26,44800.0,4930.04,554.31,hold,expired,2024-08-16,41.49,60.64,554.31,
2024-05-17,2024-08-16,91,529.45,11.99,0.1361,503/492/481/470,503.0,492.0,481.0,470.0,11.0,2.08,0.417,2241.74,447.58,15.46,-2402.26,-7696.76,-12991.26,44800.0,4930.04,554.31,stop_touch,expired,2024-08-16,41.49,60.64,554.31,
2024-05-17,2024-08-16,91,529.45,11.99,0.1361,503/492/481/470,503.0,492.0,481.0,470.0,11.0,2.08,0.417,2241.74,447.58,15.46,-2402.26,-7696.76,-12991.26,44800.0,4930.04,554.31,stop_close,expired,2024-08-16,41.49,60.64,554.31,
2024-05-24,2024-08-16,84,529.44,11.93,0.1357,504/493/483/472,505.0,494.0,483.0,472.0,11.0,2.08,0.27,2226.99,449.73,15.06,-2617.81,-7912.21,-13206.61,45000.0,5078.66,554.31,hold,expired,2024-08-16,26.74,39.08,554.31,
2024-05-24,2024-08-16,84,529.44,11.93,0.1357,504/493/483/472,505.0,494.0,483.0,472.0,11.0,2.08,0.27,2226.99,449.73,15.06,-2617.81,-7912.21,-13206.61,45000.0,5078.66,554.31,stop_touch,expired,2024-08-16,26.74,39.08,554.31,
2024-05-24,2024-08-16,84,529.44,11.93,0.1357,504/493/483/472,505.0,494.0,483.0,472.0,11.0,2.08,0.27,2226.99,449.73,15.06,-2617.81,-7912.21,-13206.61,45000.0,5078.66,554.31,stop_close,expired,2024-08-16,26.74,39.08,554.31,
2024-05-31,2024-08-16,77,527.37,12.92,0.1417,502/491/480/470,503.0,492.0,481.0,470.0,11.0,2.09,0.257,2225.7,447.74,15.1,-2584.7,-7858.4,-13132.1,44800.0,5046.69,554.31,hold,expired,2024-08-16,25.45,37.34,554.31,
2024-05-31,2024-08-16,77,527.37,12.92,0.1417,502/491/480/470,503.0,492.0,481.0,470.0,11.0,2.09,0.257,2225.7,447.74,15.1,-2584.7,-7858.4,-13132.1,44800.0,5046.69,554.31,stop_touch,expired,2024-08-16,25.45,37.34,554.31,
2024-05-31,2024-08-16,77,527.37,12.92,0.1417,502/491/480/470,503.0,492.0,481.0,470.0,11.0,2.09,0.257,2225.7,447.74,15.1,-2584.7,-7858.4,-13132.1,44800.0,5046.69,554.31,stop_close,expired,2024-08-16,25.45,37.34,554.31,
2024-06-07,2024-09-20,105,534.01,12.22,0.1375,506/494/482/470,506.0,494.0,482.0,470.0,12.0,2.25,0.426,2442.6,445.57,16.56,-1836.6,-7176.7,-12516.8,44600.0,4954.19,568.25,hold,expired,2024-09-20,42.35,61.38,568.25,
2024-06-07,2024-09-20,105,534.01,12.22,0.1375,506/494/482/470,506.0,494.0,482.0,470.0,12.0,2.25,0.426,2442.6,445.57,16.56,-1836.6,-7176.7,-12516.8,44600.0,4954.19,568.25,stop_touch,expired,2024-09-20,42.35,61.38,568.25,
2024-06-07,2024-09-20,105,534.01,12.22,0.1375,506/494/482/470,506.0,494.0,482.0,470.0,12.0,2.25,0.426,2442.6,445.57,16.56,-1836.6,-7176.7,-12516.8,44600.0,4954.19,568.25,stop_close,expired,2024-09-20,42.35,61.38,568.25,
2024-06-14,2024-09-20,98,542.78,12.66,0.1401,514/502/490/478,514.0,502.0,490.0,478.0,12.0,2.21,0.446,2444.57,453.55,16.44,-1933.03,-7360.83,-12788.63,45400.0,5031.68,568.25,hold,expired,2024-09-20,44.32,63.19,568.25,
2024-06-14,2024-09-20,98,542.78,12.66,0.1401,514/502/490/478,514.0,502.0,490.0,478.0,12.0,2.21,0.446,2444.57,453.55,16.44,-1933.03,-7360.83,-12788.63,45400.0,5031.68,568.25,stop_touch,expired,2024-09-20,44.32,63.19,568.25,
2024-06-14,2024-09-20,98,542.78,12.66,0.1401,514/502/490/478,514.0,502.0,490.0,478.0,12.0,2.21,0.446,2444.57,453.55,16.44,-1933.03,-7360.83,-12788.63,45400.0,5031.68,568.25,stop_close,expired,2024-09-20,44.32,63.19,568.25,
2024-06-21,2024-09-20,91,544.51,13.2,0.1433,516/504/492/480,516.0,504.0,492.0,480.0,12.0,2.2,0.411,2441.12,455.59,16.33,-1998.08,-7443.18,-12888.28,45600.0,5052.81,568.25,hold,expired,2024-09-20,40.87,58.08,568.25,
2024-06-21,2024-09-20,91,544.51,13.2,0.1433,516/504/492/480,516.0,504.0,492.0,480.0,12.0,2.2,0.411,2441.12,455.59,16.33,-1998.08,-7443.18,-12888.28,45600.0,5052.81,568.25,stop_touch,expired,2024-09-20,40.87,58.08,568.25,
2024-06-21,2024-09-20,91,544.51,13.2,0.1433,516/504/492/480,516.0,504.0,492.0,480.0,12.0,2.2,0.411,2441.12,455.59,16.33,-1998.08,-7443.18,-12888.28,45600.0,5052.81,568.25,stop_close,expired,2024-09-20,40.87,58.08,568.25,
2024-06-28,2024-09-20,84,544.22,12.44,0.1388,517/506/495/484,517.0,506.0,495.0,484.0,11.0,2.02,0.461,2246.13,461.54,15.19,-2616.27,-8058.47,-13500.67,46200.0,5091.44,568.25,hold,expired,2024-09-20,45.88,65.25,568.25,
2024-06-28,2024-09-20,84,544.22,12.44,0.1388,517/506/495/484,517.0,506.0,495.0,484.0,11.0,2.02,0.461,2246.13,461.54,15.19,-2616.27,-8058.47,-13500.67,46200.0,5091.44,568.25,stop_touch,expired,2024-09-20,45.88,65.25,568.25,
2024-06-28,2024-09-20,84,544.22,12.44,0.1388,517/506/495/484,517.0,506.0,495.0,484.0,11.0,2.02,0.461,2246.13,461.54,15.19,-2616.27,-8058.47,-13500.67,46200.0,5091.44,568.25,stop_close,expired,2024-09-20,45.88,65.25,568.25,
2024-07-05,2024-09-20,77,554.64,12.48,0.139,528/517/506/495,528.0,517.0,506.0,495.0,11.0,1.98,0.395,2239.48,472.61,14.79,-2889.32,-8435.72,-13982.12,47300.0,5357.18,568.25,hold,expired,2024-09-20,39.23,54.74,568.25,
2024-07-05,2024-09-20,77,554.64,12.48,0.139,528/517/506/495,528.0,517.0,506.0,495.0,11.0,1.98,0.395,2239.48,472.61,14.79,-2889.32,-8435.72,-13982.12,47300.0,5357.18,568.25,stop_touch,expired,2024-09-20,39.23,54.74,568.25,
2024-07-05,2024-09-20,77,554.64,12.48,0.139,528/517/506/495,528.0,517.0,506.0,495.0,11.0,1.98,0.395,2239.48,472.61,14.79,-2889.32,-8435.72,-13982.12,47300.0,5357.18,568.25,stop_close,expired,2024-09-20,39.23,54.74,568.25,
2024-07-12,2024-10-18,98,559.99,12.46,0.1389,531/518/506/494,530.0,518.0,506.0,494.0,12.0,2.14,0.549,2454.86,469.45,16.17,-2145.94,-7745.84,-13345.74,47000.0,5189.75,584.59,hold,expired,2024-10-18,54.61,75.47,584.59,
2024-07-12,2024-10-18,98,559.99,12.46,0.1389,531/518/506/494,530.0,518.0,506.0,494.0,12.0,2.14,0.549,2454.86,469.45,16.17,-2145.94,-7745.84,-13345.74,47000.0,5189.75,584.59,stop_touch,expired,2024-10-18,54.61,75.47,584.59,
2024-07-12,2024-10-18,98,559.99,12.46,0.1389,531/518/506/494,530.0,518.0,506.0,494.0,12.0,2.14,0.549,2454.86,469.45,16.17,-2145.94,-7745.84,-13345.74,47000.0,5189.75,584.59,stop_close,expired,2024-10-18,54.61,75.47,584.59,
2024-07-19,2024-10-18,91,548.99,16.52,0.1632,516/502/489/476,515.0,502.0,489.0,476.0,13.0,2.37,0.662,2666.21,449.34,18.15,-1014.59,-6504.49,-11994.39,45000.0,5037.14,584.59,hold,expired,2024-10-18,65.96,92.99,584.59,
2024-07-19,2024-10-18,91,548.99,16.52,0.1632,516/502/489/476,515.0,502.0,489.0,476.0,13.0,2.37,0.662,2666.21,449.34,18.15,-1014.59,-6504.49,-11994.39,45000.0,5037.14,584.59,stop_touch,expired,2024-10-18,65.96,92.99,584.59,
2024-07-19,2024-10-18,91,548.99,16.52,0.1632,516/502/489/476,515.0,502.0,489.0,476.0,13.0,2.37,0.662,2666.21,449.34,18.15,-1014.59,-6504.49,-11994.39,45000.0,5037.14,584.59,stop_close,expired,2024-10-18,65.96,92.99,584.59,
2024-07-26,2024-10-18,84,544.44,16.39,0.1624,513/500/487/474,513.0,500.0,487.0,474.0,13.0,2.39,0.439,2643.85,447.56,17.79,-1200.95,-6645.35,-12089.75,44800.0,5018.29,584.59,hold,expired,2024-10-18,43.6,61.98,584.59,
2024-07-26,2024-10-18,84,544.44,16.39,0.1624,513/500/487/474,513.0,500.0,487.0,474.0,13.0,2.39,0.439,2643.85,447.56,17.79,-1200.95,-6645.35,-12089.75,44800.0,5018.29,584.59,stop_touch,expired,2024-10-18,43.6,61.98,584.59,
2024-07-26,2024-10-18,84,544.44,16.39,0.1624,513/500/487/474,513.0,500.0,487.0,474.0,13.0,2.39,0.439,2643.85,447.56,17.79,-1200.95,-6645.35,-12089.75,44800.0,5018.29,584.59,stop_close,expired,2024-10-18,43.6,61.98,584.59,
2024-08-02,2024-10-18,77,532.9,23.39,0.2043,495/480/466/451,496.0,481.0,466.0,451.0,15.0,2.81,0.502,3050.16,420.5,21.09,582.16,-4746.84,-10075.84,42100.0,4845.97,584.59,hold,expired,2024-10-18,49.91,72.48,584.59,
2024-08-02,2024-10-18,77,532.9,23.39,0.2043,495/480/466/451,496.0,481.0,466.0,451.0,15.0,2.81,0.502,3050.16,420.5,21.09,582.16,-4746.84,-10075.84,42100.0,4845.97,584.59,stop_touch,expired,2024-10-18,49.91,72.48,584.59,
2024-08-02,2024-10-18,77,532.9,23.39,0.2043,495/480/466/451,496.0,481.0,466.0,451.0,15.0,2.81,0.502,3050.16,420.5,21.09,582.16,-4746.84,-10075.84,42100.0,4845.97,584.59,stop_close,expired,2024-10-18,49.91,72.48,584.59,
2024-08-09,2024-11-15,98,532.99,20.37,0.1862,495/480/465/450,495.0,480.0,465.0,450.0,15.0,2.81,0.62,3062.02,419.38,21.32,701.22,-4628.68,-9958.58,42000.0,4830.98,585.75,hold,expired,2024-11-15,61.77,89.69,585.75,
2024-08-09,2024-11-15,98,532.99,20.37,0.1862,495/480/465/450,495.0,480.0,465.0,450.0,15.0,2.81,0.62,3062.02,419.38,21.32,701.22,-4628.68,-9958.58,42000.0,4830.98,585.75,stop_touch,expired,2024-11-15,61.77,89.69,585.75,
2024-08-09,2024-11-15,98,532.99,20.37,0.1862,495/480/465/450,495.0,480.0,465.0,450.0,15.0,2.81,0.62,3062.02,419.38,21.32,701.22,-4628.68,-9958.58,42000.0,4830.98,585.75,stop_close,expired,2024-11-15,61.77,89.69,585.75,
2024-08-16,2024-11-15,91,554.31,14.8,0.1529,523/510/497/485,524.0,511.0,498.0,485.0,13.0,2.35,0.428,2642.76,458.57,17.27,-1512.44,-7055.54,-12598.64,45900.0,5130.92,585.75,hold,expired,2024-11-15,42.51,59.35,585.75,
2024-08-16,2024-11-15,91,554.31,14.8,0.1529,523/510/497/485,524.0,511.0,498.0,485.0,13.0,2.35,0.428,2642.76,458.57,17.27,-1512.44,-7055.54,-12598.64,45900.0,5130.92,585.75,stop_touch,expired,2024-11-15,42.51,59.35,585.75,
2024-08-16,2024-11-15,91,554.31,14.8,0.1529,523/510/497/485,524.0,511.0,498.0,485.0,13.0,2.35,0.428,2642.76,458.57,17.27,-1512.44,-7055.54,-12598.64,45900.0,5130.92,585.75,stop_close,expired,2024-11-15,42.51,59.35,585.75,
2024-08-23,2024-11-15,84,562.13,15.86,0.1592,530/517/504/491,530.0,517.0,504.0,491.0,13.0,2.31,0.508,2650.81,464.49,17.37,-1478.79,-7100.09,-12721.39,46500.0,5186.59,585.75,hold,expired,2024-11-15,50.56,69.61,585.75,
2024-08-23,2024-11-15,84,562.13,15.86,0.1592,530/517/504/491,530.0,517.0,504.0,491.0,13.0,2.31,0.508,2650.81,464.49,17.37,-1478.79,-7100.09,-12721.39,46500.0,5186.59,585.75,stop_touch,expired,2024-11-15,50.56,69.61,585.75,
2024-08-23,2024-11-15,84,562.13,15.86,0.1592,530/517/504/491,530.0,517.0,504.0,491.0,13.0,2.31,0.508,2650.81,464.49,17.37,-1478.79,-7100.09,-12721.39,46500.0,5186.59,585.75,stop_close,expired,2024-11-15,50.56,69.61,585.75,
2024-08-30,2024-11-15,77,563.68,15.0,0.1541,534/521/509/497,533.0,521.0,509.0,497.0,12.0,2.13,0.535,2453.54,472.46,16.18,-2152.06,-7788.86,-13425.66,47300.0,5221.17,585.75,hold,expired,2024-11-15,53.29,73.16,585.75,
2024-08-30,2024-11-15,77,563.68,15.0,0.1541,534/521/509/497,533.0,521.0,509.0,497.0,12.0,2.13,0.535,2453.54,472.46,16.18,-2152.06,-7788.86,-13425.66,47300.0,5221.17,585.75,stop_touch,expired,2024-11-15,53.29,73.16,585.75,
2024-08-30,2024-11-15,77,563.68,15.0,0.1541,534/521/509/497,533.0,521.0,509.0,497.0,12.0,2.13,0.535,2453.54,472.46,16.18,-2152.06,-7788.86,-13425.66,47300.0,5221.17,585.75,stop_close,expired,2024-11-15,53.29,73.16,585.75,
2024-09-06,2024-12-20,105,540.36,22.38,0.1982,499/482/466/449,500.0,483.0,466.0,449.0,17.0,3.15,0.511,3451.07,414.49,23.29,1779.87,-3623.73,-9027.33,41500.0,4879.05,591.15,hold,expired,2024-12-20,50.82,72.79,591.15,
2024-09-06,2024-12-20,105,540.36,22.38,0.1982,499/482/466/449,500.0,483.0,466.0,449.0,17.0,3.15,0.511,3451.07,414.49,23.29,1779.87,-3623.73,-9027.33,41500.0,4879.05,591.15,stop_touch,expired,2024-12-20,50.82,72.79,591.15,
2024-09-06,2024-12-20,105,540.36,22.38,0.1982,499/482/466/449,500.0,483.0,466.0,449.0,17.0,3.15,0.511,3451.07,414.49,23.29,1779.87,-3623.73,-9027.33,41500.0,4879.05,591.15,stop_close,expired,2024-12-20,50.82,72.79,591.15,
2024-09-13,2024-12-20,98,562.01,16.56,0.1634,527/513/499/485,527.0,513.0,499.0,485.0,14.0,2.49,0.623,2862.28,456.38,18.8,-676.92,-6297.02,-11917.12,45700.0,5152.66,591.15,hold,expired,2024-12-20,62.03,85.42,591.15,
2024-09-13,2024-12-20,98,562.01,16.56,0.1634,527/513/499/485,527.0,513.0,499.0,485.0,14.0,2.49,0.623,2862.28,456.38,18.8,-676.92,-6297.02,-11917.12,45700.0,5152.66,591.15,stop_touch,expired,2024-12-20,62.03,85.42,591.15,
2024-09-13,2024-12-20,98,562.01,16.56,0.1634,527/513/499/485,527.0,513.0,499.0,485.0,14.0,2.49,0.623,2862.28,456.38,18.8,-676.92,-6297.02,-11917.12,45700.0,5152.66,591.15,stop_close,expired,2024-12-20,62.03,85.42,591.15,
2024-09-20,2024-12-20,91,568.25,16.15,0.161,534/521/507/493,535.0,521.0,507.0,493.0,14.0,2.46,0.451,2845.1,464.55,18.25,-994.9,-6677.4,-12359.9,46500.0,5231.15,591.15,hold,expired,2024-12-20,44.85,61.09,591.15,
2024-09-20,2024-12-20,91,568.25,16.15,0.161,534/521/507/493,535.0,521.0,507.0,493.0,14.0,2.46,0.451,2845.1,464.55,18.25,-994.9,-6677.4,-12359.9,46500.0,5231.15,591.15,stop_touch,expired,2024-12-20,44.85,61.09,591.15,
2024-09-20,2024-12-20,91,568.25,16.15,0.161,534/521/507/493,535.0,521.0,507.0,493.0,14.0,2.46,0.451,2845.1,464.55,18.25,-994.9,-6677.4,-12359.9,46500.0,5231.15,591.15,stop_close,expired,2024-12-20,44.85,61.09,591.15,
2024-09-27,2024-12-20,84,571.47,16.96,0.1658,537/524/510/496,538.0,524.0,510.0,496.0,14.0,2.45,0.442,2844.15,467.56,18.18,-1038.25,-6752.95,-12467.65,46800.0,5260.95,591.15,hold,expired,2024-12-20,43.9,59.45,591.15,
2024-09-27,2024-12-20,84,571.47,16.96,0.1658,537/524/510/496,538.0,524.0,510.0,496.0,14.0,2.45,0.442,2844.15,467.56,18.18,-1038.25,-6752.95,-12467.65,46800.0,5260.95,591.15,stop_touch,expired,2024-12-20,43.9,59.45,591.15,
2024-09-27,2024-12-20,84,571.47,16.96,0.1658,537/524/510/496,538.0,524.0,510.0,496.0,14.0,2.45,0.442,2844.15,467.56,18.18,-1038.25,-6752.95,-12467.65,46800.0,5260.95,591.15,stop_close,expired,2024-12-20,43.9,59.45,591.15,
2024-10-04,2024-12-20,77,572.98,19.21,0.1793,537/523/509/495,537.0,523.0,509.0,495.0,14.0,2.44,0.619,2861.92,466.38,18.6,-799.68,-6529.48,-12259.28,46700.0,5251.78,591.15,hold,expired,2024-12-20,61.67,83.29,591.15,
2024-10-04,2024-12-20,77,572.98,19.21,0.1793,537/523/509/495,537.0,523.0,509.0,495.0,14.0,2.44,0.619,2861.92,466.38,18.6,-799.68,-6529.48,-12259.28,46700.0,5251.78,591.15,stop_touch,expired,2024-12-20,61.67,83.29,591.15,
2024-10-04,2024-12-20,77,572.98,19.21,0.1793,537/523/509/495,537.0,523.0,509.0,495.0,14.0,2.44,0.619,2861.92,466.38,18.6,-799.68,-6529.48,-12259.28,46700.0,5251.78,591.15,stop_close,expired,2024-12-20,61.67,83.29,591.15,
2024-10-11,2025-01-17,98,579.58,20.46,0.1868,538/522/506/489,537.0,521.0,505.0,489.0,16.0,2.76,0.802,3280.18,456.2,21.29,746.58,-5049.22,-10845.02,45700.0,5237.82,597.58,hold,expired,2025-01-17,79.93,106.74,597.58,
2024-10-11,2025-01-17,98,579.58,20.46,0.1868,538/522/506/489,537.0,521.0,505.0,489.0,16.0,2.76,0.802,3280.18,456.2,21.29,746.58,-5049.22,-10845.02,45700.0,5237.82,597.58,stop_touch,expired,2025-01-17,79.93,106.74,597.58,
2024-10-11,2025-01-17,98,579.58,20.46,0.1868,538/522/506/489,537.0,521.0,505.0,489.0,16.0,2.76,0.802,3280.18,456.2,21.29,746.58,-5049.22,-10845.02,45700.0,5237.82,597.58,stop_close,expired,2025-01-17,79.93,106.74,597.58,
2024-10-18,2025-01-17,91,584.59,18.03,0.1722,547/532/517/503,548.0,533.0,518.0,503.0,15.0,2.57,0.589,3058.89,472.41,19.19,-473.91,-6319.81,-12165.71,47300.0,5358.87,597.58,hold,expired,2025-01-17,58.64,77.64,597.58,
2024-10-18,2025-01-17,91,584.59,18.03,0.1722,547/532/517/503,548.0,533.0,518.0,503.0,15.0,2.57,0.589,3058.89,472.41,19.19,-473.91,-6319.81,-12165.71,47300.0,5358.87,597.58,stop_touch,expired,2025-01-17,58.64,77.64,597.58,
2024-10-18,2025-01-17,91,584.59,18.03,0.1722,547/532/517/503,548.0,533.0,518.0,503.0,15.0,2.57,0.589,3058.89,472.41,19.19,-473.91,-6319.81,-12165.71,47300.0,5358.87,597.58,stop_close,expired,2025-01-17,58.64,77.64,597.58,
2024-10-25,2025-01-17,84,579.04,20.33,0.186,540/525/510/494,539.0,524.0,509.0,494.0,15.0,2.59,0.726,3072.59,463.27,19.99,-4.21,-5794.61,-11585.01,46400.0,5261.53,597.58,hold,expired,2025-01-17,72.34,96.69,597.58,
2024-10-25,2025-01-17,84,579.04,20.33,0.186,540/525/510/494,539.0,524.0,509.0,494.0,15.0,2.59,0.726,3072.59,463.27,19.99,-4.21,-5794.61,-11585.01,46400.0,5261.53,597.58,stop_touch,expired,2025-01-17,72.34,96.69,597.58,
2024-10-25,2025-01-17,84,579.04,20.33,0.186,540/525/510/494,539.0,524.0,509.0,494.0,15.0,2.59,0.726,3072.59,463.27,19.99,-4.21,-5794.61,-11585.01,46400.0,5261.53,597.58,stop_close,expired,2025-01-17,72.34,96.69,597.58,
2024-11-01,2025-01-17,77,571.04,21.88,0.1952,532/517/502/487,532.0,517.0,502.0,487.0,15.0,2.63,0.678,3067.82,456.32,20.09,51.02,-5659.38,-11369.78,45700.0,5198.29,597.58,hold,expired,2025-01-17,67.57,91.58,597.58,
2024-11-01,2025-01-17,77,571.04,21.88,0.1952,532/517/502/487,532.0,517.0,502.0,487.0,15.0,2.63,0.678,3067.82,456.32,20.09,51.02,-5659.38,-11369.78,45700.0,5198.29,597.58,stop_touch,expired,2025-01-17,67.57,91.58,597.58,
2024-11-01,2025-01-17,77,571.04,21.88,0.1952,532/517/502/487,532.0,517.0,502.0,487.0,15.0,2.63,0.678,3067.82,456.32,20.09,51.02,-5659.38,-11369.78,45700.0,5198.29,597.58,stop_close,expired,2025-01-17,67.57,91.58,597.58,
2024-11-08,2025-02-21,105,598.19,14.94,0.1537,563/548/533/518,563.0,548.0,533.0,518.0,15.0,2.51,0.5,3050.03,487.5,18.5,-894.77,-6876.67,-12858.57,48800.0,5502.05,599.94,hold,expired,2025-02-21,49.78,64.4,599.94,
2024-11-08,2025-02-21,105,598.19,14.94,0.1537,563/548/533/518,563.0,548.0,533.0,518.0,15.0,2.51,0.5,3050.03,487.5,18.5,-894.77,-6876.67,-12858.57,48800.0,5502.05,599.94,stop_touch,expired,2025-02-21,49.78,64.4,599.94,
2024-11-08,2025-02-21,105,598.19,14.94,0.1537,563/548/533/518,563.0,548.0,533.0,518.0,15.0,2.51,0.5,3050.03,487.5,18.5,-894.77,-6876.67,-12858.57,48800.0,5502.05,599.94,stop_close,expired,2025-02-21,49.78,64.4,599.94,
2024-11-15,2025-02-21,98,585.75,16.14,0.1609,550/535/521/506,551.0,536.0,521.0,506.0,15.0,2.56,0.444,3044.44,475.56,18.81,-695.56,-6553.06,-12410.56,47600.0,5385.76,599.94,hold,expired,2025-02-21,44.19,58.39,599.94,
2024-11-15,2025-02-21,98,585.75,16.14,0.1609,550/535/521/506,551.0,536.0,521.0,506.0,15.0,2.56,0.444,3044.44,475.56,18.81,-695.56,-6553.06,-12410.56,47600.0,5385.76,599.94,stop_touch,expired,2025-02-21,44.19,58.39,599.94,
2024-11-15,2025-02-21,98,585.75,16.14,0.1609,550/535/521/506,551.0,536.0,521.0,506.0,15.0,2.56,0.444,3044.44,475.56,18.81,-695.56,-6553.06,-12410.56,47600.0,5385.76,599.94,stop_close,expired,2025-02-21,44.19,58.39,599.94,
2024-11-22,2025-02-21,91,595.51,15.24,0.1555,561/547/533/519,561.0,547.0,533.0,519.0,14.0,2.35,0.539,2853.85,490.46,17.64,-1405.35,-7360.45,-13315.55,49100.0,5485.11,599.94,hold,expired,2025-02-21,53.6,69.66,599.94,
2024-11-22,2025-02-21,91,595.51,15.24,0.1555,561/547/533/519,561.0,547.0,533.0,519.0,14.0,2.35,0.539,2853.85,490.46,17.64,-1405.35,-7360.45,-13315.55,49100.0,5485.11,599.94,stop_touch,expired,2025-02-21,53.6,69.66,599.94,
2024-11-22,2025-02-21,91,595.51,15.24,0.1555,561/547/533/519,561.0,547.0,533.0,519.0,14.0,2.35,0.539,2853.85,490.46,17.64,-1405.35,-7360.45,-13315.55,49100.0,5485.11,599.94,stop_close,expired,2025-02-21,53.6,69.66,599.94,
2024-11-29,2025-02-21,84,602.55,13.51,0.1452,571/558/546/533,572.0,559.0,546.0,533.0,13.0,2.16,0.445,2644.48,506.56,15.93,-2451.52,-8477.02,-14502.52,50700.0,5605.58,599.94,hold,expired,2025-02-21,44.23,56.81,599.94,
2024-11-29,2025-02-21,84,602.55,13.51,0.1452,571/558/546/533,572.0,559.0,546.0,533.0,13.0,2.16,0.445,2644.48,506.56,15.93,-2451.52,-8477.02,-14502.52,50700.0,5605.58,599.94,stop_touch,expired,2025-02-21,44.23,56.81,599.94,
2024-11-29,2025-02-21,84,602.55,13.51,0.1452,571/558/546/533,572.0,559.0,546.0,533.0,13.0,2.16,0.445,2644.48,506.56,15.93,-2451.52,-8477.02,-14502.52,50700.0,5605.58,599.94,stop_close,expired,2025-02-21,44.23,56.81,599.94,
2024-12-06,2025-02-21,77,607.81,12.77,0.1408,578/566/554/542,578.0,566.0,554.0,542.0,12.0,1.97,0.507,2450.73,517.49,14.86,-3124.47,-9202.57,-15280.67,51800.0,5823.84,599.94,hold,expired,2025-02-21,50.48,64.28,599.94,
2024-12-06,2025-02-21,77,607.81,12.77,0.1408,578/566/554/542,578.0,566.0,554.0,542.0,12.0,1.97,0.507,2450.73,517.49,14.86,-3124.47,-9202.57,-15280.67,51800.0,5823.84,599.94,stop_touch,expired,2025-02-21,50.48,64.28,599.94,
2024-12-06,2025-02-21,77,607.81,12.77,0.1408,578/566/554/542,578.0,566.0,554.0,542.0,12.0,1.97,0.507,2450.73,517.49,14.86,-3124.47,-9202.57,-15280.67,51800.0,5823.84,599.94,stop_close,expired,2025-02-21,50.48,64.28,599.94,
2024-12-13,2025-03-21,98,604.21,13.81,0.147,571/557/543/529,571.0,557.0,543.0,529.0,14.0,2.32,0.513,2851.33,500.49,17.17,-1711.87,-7753.97,-13796.07,50100.0,5587.45,563.98,hold,expired,2025-03-21,753.08,964.62,563.98,
2024-12-13,2025-03-21,98,604.21,13.81,0.147,571/557/543/529,571.0,557.0,543.0,529.0,14.0,2.32,0.513,2851.33,500.49,17.17,-1711.87,-7753.97,-13796.07,50100.0,5587.45,563.98,stop_touch,expired,2025-03-21,753.08,964.62,563.98,
2024-12-13,2025-03-21,98,604.21,13.81,0.147,571/557/543/529,571.0,557.0,543.0,529.0,14.0,2.32,0.513,2851.33,500.49,17.17,-1711.87,-7753.97,-13796.07,50100.0,5587.45,563.98,stop_close,expired,2025-03-21,753.08,964.62,563.98,
2024-12-20,2025-03-21,91,591.15,18.36,0.1742,553/538/522/507,552.0,537.0,522.0,507.0,15.0,2.54,0.711,3071.09,476.29,19.43,-336.91,-6248.41,-12159.91,47700.0,5390.88,563.98,hold,expired,2025-03-21,70.84,92.75,563.98,
2024-12-20,2025-03-21,91,591.15,18.36,0.1742,553/538/522/507,552.0,537.0,522.0,507.0,15.0,2.54,0.711,3071.09,476.29,19.43,-336.91,-6248.41,-12159.91,47700.0,5390.88,563.98,stop_touch,expired,2025-03-21,70.84,92.75,563.98,
2024-12-20,2025-03-21,91,591.15,18.36,0.1742,553/538/522/507,552.0,537.0,522.0,507.0,15.0,2.54,0.711,3071.09,476.29,19.43,-336.91,-6248.41,-12159.91,47700.0,5390.88,563.98,stop_close,expired,2025-03-21,70.84,92.75,563.98,
2024-12-27,2025-03-21,84,595.01,15.95,0.1598,561/547/533/519,561.0,547.0,533.0,519.0,14.0,2.35,0.483,2848.29,490.52,17.56,-1450.91,-7401.01,-13351.11,49100.0,5486.57,563.98,hold,expired,2025-03-21,48.04,62.49,563.98,
2024-12-27,2025-03-21,84,595.01,15.95,0.1598,561/547/533/519,561.0,547.0,533.0,519.0,14.0,2.35,0.483,2848.29,490.52,17.56,-1450.91,-7401.01,-13351.11,49100.0,5486.57,563.98,stop_touch,expired,2025-03-21,48.04,62.49,563.98,
2024-12-27,2025-03-21,84,595.01,15.95,0.1598,561/547/533/519,561.0,547.0,533.0,519.0,14.0,2.35,0.483,2848.29,490.52,17.56,-1450.91,-7401.01,-13351.11,49100.0,5486.57,563.98,stop_close,expired,2025-03-21,48.04,62.49,563.98,
2025-01-03,2025-03-21,77,591.95,16.13,0.1609,558/544/531/518,557.0,544.0,531.0,518.0,13.0,2.2,0.644,2664.45,491.36,16.99,-1779.55,-7699.05,-13618.55,49200.0,5454.27,563.98,hold,expired,2025-03-21,64.2,83.93,563.98,
2025-01-03,2025-03-21,77,591.95,16.13,0.1609,558/544/531/518,557.0,544.0,531.0,518.0,13.0,2.2,0.644,2664.45,491.36,16.99,-1779.55,-7699.05,-13618.55,49200.0,5454.27,563.98,stop_touch,expired,2025-03-21,64.2,83.93,563.98,
2025-01-03,2025-03-21,77,591.95,16.13,0.1609,558/544/531/518,557.0,544.0,531.0,518.0,13.0,2.2,0.644,2664.45,491.36,16.99,-1779.55,-7699.05,-13618.55,49200.0,5454.27,563.98,stop_close,expired,2025-03-21,64.2,83.93,563.98,
2025-01-10,2025-04-18,98,580.49,19.54,0.1812,539/523/507/491,539.0,523.0,507.0,491.0,16.0,2.76,0.678,3267.79,458.32,21.05,606.99,-5197.91,-11002.81,45900.0,5262.74,526.41,hold,expired,2025-04-17,1326.54,1768.59,526.41,
2025-01-10,2025-04-18,98,580.49,19.54,0.1812,539/523/507/491,539.0,523.0,507.0,491.0,16.0,2.76,0.678,3267.79,458.32,21.05,606.99,-5197.91,-11002.81,45900.0,5262.74,526.41,stop_touch,expired,2025-04-17,1326.54,1768.59,526.41,
2025-01-10,2025-04-18,98,580.49,19.54,0.1812,539/523/507/491,539.0,523.0,507.0,491.0,16.0,2.76,0.678,3267.79,458.32,21.05,606.99,-5197.91,-11002.81,45900.0,5262.74,526.41,stop_close,expired,2025-04-17,1326.54,1768.59,526.41,
2025-01-17,2025-04-18,91,597.58,15.97,0.1599,561/546/532/518,560.0,546.0,532.0,518.0,14.0,2.34,0.707,2870.74,489.29,18.12,-1122.86,-7098.66,-13074.46,49000.0,5477.18,526.41,hold,expired,2025-04-17,2029.49,2628.4,526.41,
2025-01-17,2025-04-18,91,597.58,15.97,0.1599,561/546/532/518,560.0,546.0,532.0,518.0,14.0,2.34,0.707,2870.74,489.29,18.12,-1122.86,-7098.66,-13074.46,49000.0,5477.18,526.41,stop_touch,stopped,2025-04-11,-334.16,-432.77,489.19,52.33
2025-01-17,2025-04-18,91,597.58,15.97,0.1599,561/546/532/518,560.0,546.0,532.0,518.0,14.0,2.34,0.707,2870.74,489.29,18.12,-1122.86,-7098.66,-13074.46,49000.0,5477.18,526.41,stop_close,expired,2025-04-17,2029.49,2628.4,526.41,
2025-01-24,2025-04-18,84,607.97,14.85,0.1532,573/560/546/532,574.0,560.0,546.0,532.0,14.0,2.3,0.426,2842.65,503.57,17.17,-1719.75,-7799.45,-13879.15,50400.0,5617.8,526.41,hold,expired,2025-04-17,2283.4,2906.71,526.41,
2025-01-24,2025-04-18,84,607.97,14.85,0.1532,573/560/546/532,574.0,560.0,546.0,532.0,14.0,2.3,0.426,2842.65,503.57,17.17,-1719.75,-7799.45,-13879.15,50400.0,5617.8,526.41,stop_touch,stopped,2025-04-11,-1549.76,-1972.8,489.19,52.33
2025-01-24,2025-04-18,84,607.97,14.85,0.1532,573/560/546/532,574.0,560.0,546.0,532.0,14.0,2.3,0.426,2842.65,503.57,17.17,-1719.75,-7799.45,-13879.15,50400.0,5617.8,526.41,stop_close,expired,2025-04-17,2283.4,2906.71,526.41,
2025-01-31,2025-04-18,77,601.82,16.43,0.1627,567/553/539/525,567.0,553.0,539.0,525.0,14.0,2.33,0.455,2845.53,496.54,17.49,-1508.87,-7527.07,-13545.27,49700.0,5547.58,526.41,hold,expired,2025-04-17,2704.28,3477.65,526.41,
2025-01-31,2025-04-18,77,601.82,16.43,0.1627,567/553/539/525,567.0,553.0,539.0,525.0,14.0,2.33,0.455,2845.53,496.54,17.49,-1508.87,-7527.07,-13545.27,49700.0,5547.58,526.41,stop_touch,stopped,2025-04-11,-929.64,-1195.5,489.19,52.33
2025-01-31,2025-04-18,77,601.82,16.43,0.1627,567/553/539/525,567.0,553.0,539.0,525.0,14.0,2.33,0.455,2845.53,496.54,17.49,-1508.87,-7527.07,-13545.27,49700.0,5547.58,526.41,stop_close,expired,2025-04-17,2704.28,3477.65,526.41,
2025-02-07,2025-05-16,98,600.77,16.54,0.1633,562/547/532/517,562.0,547.0,532.0,517.0,15.0,2.5,0.684,3068.36,486.32,19.05,-570.04,-6577.74,-12585.44,48700.0,5495.27,594.2,hold,expired,2025-05-16,68.11,87.75,594.2,
2025-02-07,2025-05-16,98,600.77,16.54,0.1633,562/547/532/517,562.0,547.0,532.0,517.0,15.0,2.5,0.684,3068.36,486.32,19.05,-570.04,-6577.74,-12585.44,48700.0,5495.27,594.2,stop_touch,stopped,2025-04-11,-1611.95,-2076.56,486.32,52.33
2025-02-07,2025-05-16,98,600.77,16.54,0.1633,562/547/532/517,562.0,547.0,532.0,517.0,15.0,2.5,0.684,3068.36,486.32,19.05,-570.04,-6577.74,-12585.44,48700.0,5495.27,594.2,stop_close,expired,2025-05-16,68.11,87.75,594.2,
2025-02-14,2025-05-16,91,609.7,14.77,0.1527,574/560/546/532,574.0,560.0,546.0,532.0,14.0,2.3,0.6,2860.0,503.4,17.43,-1564.0,-7661.0,-13758.0,50400.0,5618.53,594.2,hold,expired,2025-05-16,59.75,75.84,594.2,
2025-02-14,2025-05-16,91,609.7,14.77,0.1527,574/560/546/532,574.0,560.0,546.0,532.0,14.0,2.3,0.6,2860.0,503.4,17.43,-1564.0,-7661.0,-13758.0,50400.0,5618.53,594.2,stop_touch,stopped,2025-04-11,-2580.6,-3275.72,489.19,52.33
2025-02-14,2025-05-16,91,609.7,14.77,0.1527,574/560/546/532,574.0,560.0,546.0,532.0,14.0,2.3,0.6,2860.0,503.4,17.43,-1564.0,-7661.0,-13758.0,50400.0,5618.53,594.2,stop_close,expired,2025-05-16,59.75,75.84,594.2,
2025-02-21,2025-05-16,84,599.94,18.21,0.1733,561/546/531/516,561.0,546.0,531.0,516.0,15.0,2.5,0.604,3060.35,485.4,19.09,-544.45,-6543.85,-12543.25,48600.0,5481.69,594.2,hold,expired,2025-05-16,60.1,77.53,594.2,
2025-02-21,2025-05-16,84,599.94,18.21,0.1733,561/546/531/516,561.0,546.0,531.0,516.0,15.0,2.5,0.604,3060.35,485.4,19.09,-544.45,-6543.85,-12543.25,48600.0,5481.69,594.2,stop_touch,stopped,2025-04-11,-1610.49,-2077.55,485.4,52.33
2025-02-21,2025-05-16,84,599.94,18.21,0.1733,561/546/531/516,561.0,546.0,531.0,516.0,15.0,2.5,0.604,3060.35,485.4,19.09,-544.45,-6543.85,-12543.25,48600.0,5481.69,594.2,stop_close,expired,2025-05-16,60.1,77.53,594.2,
2025-02-28,2025-05-16,77,594.18,19.63,0.1818,555/540/526/511,556.0,541.0,526.0,511.0,15.0,2.52,0.574,3057.37,480.43,19.14,-508.23,-6450.03,-12391.83,48100.0,5437.63,594.2,hold,expired,2025-05-16,57.12,74.4,594.2,
2025-02-28,2025-05-16,77,594.18,19.63,0.1818,555/540/526/511,556.0,541.0,526.0,511.0,15.0,2.52,0.574,3057.37,480.43,19.14,-508.23,-6450.03,-12391.83,48100.0,5437.63,594.2,stop_touch,expired,2025-05-16,57.12,74.4,594.2,
2025-02-28,2025-05-16,77,594.18,19.63,0.1818,555/540/526/511,556.0,541.0,526.0,511.0,15.0,2.52,0.574,3057.37,480.43,19.14,-508.23,-6450.03,-12391.83,48100.0,5437.63,594.2,stop_close,expired,2025-05-16,57.12,74.4,594.2,
2025-03-07,2025-06-20,105,575.92,23.37,0.2042,529/510/493/475,529.0,511.0,493.0,475.0,18.0,3.13,0.785,3678.53,438.21,23.91,2252.13,-3507.07,-9266.27,43900.0,5162.49,594.28,hold,expired,2025-06-20,78.28,105.2,594.28,
2025-03-07,2025-06-20,105,575.92,23.37,0.2042,529/510/493/475,529.0,511.0,493.0,475.0,18.0,3.13,0.785,3678.53,438.21,23.91,2252.13,-3507.07,-9266.27,43900.0,5162.49,594.28,stop_touch,expired,2025-06-20,78.28,105.2,594.28,
2025-03-07,2025-06-20,105,575.92,23.37,0.2042,529/510/493/475,529.0,511.0,493.0,475.0,18.0,3.13,0.785,3678.53,438.21,23.91,2252.13,-3507.07,-9266.27,43900.0,5162.49,594.28,stop_close,expired,2025-06-20,78.28,105.2,594.28,
2025-03-14,2025-06-20,98,562.81,21.77,0.1946,520/503/487/471,519.0,503.0,487.0,471.0,16.0,2.84,0.859,3285.86,438.14,22.15,1210.66,-4417.44,-10045.54,43900.0,5067.09,594.28,hold,expired,2025-06-20,85.61,117.73,594.28,
2025-03-14,2025-06-20,98,562.81,21.77,0.1946,520/503/487/471,519.0,503.0,487.0,471.0,16.0,2.84,0.859,3285.86,438.14,22.15,1210.66,-4417.44,-10045.54,43900.0,5067.09,594.28,stop_touch,expired,2025-06-20,85.61,117.73,594.28,
2025-03-14,2025-06-20,98,562.81,21.77,0.1946,520/503/487/471,519.0,503.0,487.0,471.0,16.0,2.84,0.859,3285.86,438.14,22.15,1210.66,-4417.44,-10045.54,43900.0,5067.09,594.28,stop_close,expired,2025-06-20,85.61,117.73,594.28,
2025-03-21,2025-06-20,91,563.98,19.28,0.1797,525/510/495/480,525.0,510.0,495.0,480.0,15.0,2.66,0.617,3061.73,449.38,20.32,180.13,-5459.67,-11099.47,45000.0,5127.47,594.28,hold,expired,2025-06-20,61.48,84.37,594.28,
2025-03-21,2025-06-20,91,563.98,19.28,0.1797,525/510/495/480,525.0,510.0,495.0,480.0,15.0,2.66,0.617,3061.73,449.38,20.32,180.13,-5459.67,-11099.47,45000.0,5127.47,594.28,stop_touch,expired,2025-06-20,61.48,84.37,594.28,
2025-03-21,2025-06-20,91,563.98,19.28,0.1797,525/510/495/480,525.0,510.0,495.0,480.0,15.0,2.66,0.617,3061.73,449.38,20.32,180.13,-5459.67,-11099.47,45000.0,5127.47,594.28,stop_close,expired,2025-06-20,61.48,84.37,594.28,
2025-03-28,2025-06-20,84,555.66,21.65,0.1939,516/500/485/470,515.0,500.0,485.0,470.0,15.0,2.7,0.713,3071.27,439.29,20.94,524.07,-5032.53,-10589.13,44000.0,5028.36,594.28,hold,expired,2025-06-20,71.02,98.92,594.28,
2025-03-28,2025-06-20,84,555.66,21.65,0.1939,516/500/485/470,515.0,500.0,485.0,470.0,15.0,2.7,0.713,3071.27,439.29,20.94,524.07,-5032.53,-10589.13,44000.0,5028.36,594.28,stop_touch,expired,2025-06-20,71.02,98.92,594.28,
2025-03-28,2025-06-20,84,555.66,21.65,0.1939,516/500/485/470,515.0,500.0,485.0,470.0,15.0,2.7,0.713,3071.27,439.29,20.94,524.07,-5032.53,-10589.13,44000.0,5028.36,594.28,stop_close,expired,2025-06-20,71.02,98.92,594.28,
2025-04-04,2025-06-20,77,505.28,45.31,0.3354,448/427/407/387,447.0,427.0,407.0,387.0,20.0,3.96,1.024,4102.36,345.98,31.53,2379.96,771.96,-4280.84,34700.0,4388.18,594.28,hold,expired,2025-06-20,102.11,156.4,594.28,
2025-04-04,2025-06-20,77,505.28,45.31,0.3354,448/427/407/387,447.0,427.0,407.0,387.0,20.0,3.96,1.024,4102.36,345.98,31.53,2379.96,771.96,-4280.84,34700.0,4388.18,594.28,stop_touch,expired,2025-06-20,102.11,156.4,594.28,
2025-04-04,2025-06-20,77,505.28,45.31,0.3354,448/427/407/387,447.0,427.0,407.0,387.0,20.0,3.96,1.024,4102.36,345.98,31.53,2379.96,771.96,-4280.84,34700.0,4388.18,594.28,stop_close,expired,2025-06-20,102.11,156.4,594.28,
2025-04-11,2025-07-18,98,533.94,37.56,0.289,476/454/433/413,476.0,455.0,434.0,413.0,21.0,3.93,0.946,4294.57,370.05,30.69,2879.37,370.37,-4969.03,37100.0,4673.19,627.58,hold,expired,2025-07-18,94.32,136.72,627.58,
2025-04-11,2025-07-18,98,533.94,37.56,0.289,476/454/433/413,476.0,455.0,434.0,413.0,21.0,3.93,0.946,4294.57,370.05,30.69,2879.37,370.37,-4969.03,37100.0,4673.19,627.58,stop_touch,expired,2025-07-18,94.32,136.72,627.58,
2025-04-11,2025-07-18,98,533.94,37.56,0.289,476/454/433/413,476.0,455.0,434.0,413.0,21.0,3.93,0.946,4294.57,370.05,30.69,2879.37,370.37,-4969.03,37100.0,4673.19,627.58,stop_close,expired,2025-07-18,94.32,136.72,627.58,
2025-04-17,2025-07-18,92,526.41,29.65,0.2417,479/460/443/425,479.0,461.0,443.0,425.0,18.0,3.42,0.745,3674.49,388.26,26.24,3287.29,-1976.81,-7240.91,38900.0,4675.69,627.58,hold,expired,2025-07-18,74.24,109.15,627.58,
2025-04-17,2025-07-18,92,526.41,29.65,0.2417,479/460/443/425,479.0,461.0,443.0,425.0,18.0,3.42,0.745,3674.49,388.26,26.24,3287.29,-1976.81,-7240.91,38900.0,4675.69,627.58,stop_touch,expired,2025-07-18,74.24,109.15,627.58,
2025-04-17,2025-07-18,92,526.41,29.65,0.2417,479/460/443/425,479.0,461.0,443.0,425.0,18.0,3.42,0.745,3674.49,388.26,26.24,3287.29,-1976.81,-7240.91,38900.0,4675.69,627.58,stop_close,expired,2025-07-18,74.24,109.15,627.58,
2025-04-25,2025-07-18,84,550.64,24.84,0.2129,508/491/475/459,507.0,491.0,475.0,459.0,16.0,2.91,0.8,3279.98,426.2,22.6,1431.18,-4075.22,-9581.62,42700.0,4950.18,627.58,hold,expired,2025-07-18,79.73,112.06,627.58,
2025-04-25,2025-07-18,84,550.64,24.84,0.2129,508/491/475/459,507.0,491.0,475.0,459.0,16.0,2.91,0.8,3279.98,426.2,22.6,1431.18,-4075.22,-9581.62,42700.0,4950.18,627.58,stop_touch,expired,2025-07-18,79.73,112.06,627.58,
2025-04-25,2025-07-18,84,550.64,24.84,0.2129,508/491/475/459,507.0,491.0,475.0,459.0,16.0,2.91,0.8,3279.98,426.2,22.6,1431.18,-4075.22,-9581.62,42700.0,4950.18,627.58,stop_close,expired,2025-07-18,79.73,112.06,627.58,
2025-05-02,2025-07-18,77,566.76,22.68,0.2,526/511/495/480,525.0,510.0,495.0,480.0,15.0,2.65,0.773,3077.27,449.23,20.74,418.07,-5249.53,-10917.13,45000.0,5126.1,627.58,hold,expired,2025-07-18,77.02,105.18,627.58,
2025-05-02,2025-07-18,77,566.76,22.68,0.2,526/511/495/480,525.0,510.0,495.0,480.0,15.0,2.65,0.773,3077.27,449.23,20.74,418.07,-5249.53,-10917.13,45000.0,5126.1,627.58,stop_touch,expired,2025-07-18,77.02,105.18,627.58,
2025-05-02,2025-07-18,77,566.76,22.68,0.2,526/511/495/480,525.0,510.0,495.0,480.0,15.0,2.65,0.773,3077.27,449.23,20.74,418.07,-5249.53,-10917.13,45000.0,5126.1,627.58,stop_close,expired,2025-07-18,77.02,105.18,627.58,
2025-05-09,2025-08-15,98,564.34,21.9,0.1954,521/504/488/472,520.0,504.0,488.0,472.0,16.0,2.84,0.897,3289.72,439.1,22.19,1236.92,-4406.48,-10049.88,44000.0,5076.58,643.44,hold,expired,2025-08-15,89.47,122.69,643.44,
2025-05-09,2025-08-15,98,564.34,21.9,0.1954,521/504/488/472,520.0,504.0,488.0,472.0,16.0,2.84,0.897,3289.72,439.1,22.19,1236.92,-4406.48,-10049.88,44000.0,5076.58,643.44,stop_touch,expired,2025-08-15,89.47,122.69,643.44,
2025-05-09,2025-08-15,98,564.34,21.9,0.1954,521/504/488/472,520.0,504.0,488.0,472.0,16.0,2.84,0.897,3289.72,439.1,22.19,1236.92,-4406.48,-10049.88,44000.0,5076.58,643.44,stop_close,expired,2025-08-15,89.47,122.69,643.44,
2025-05-16,2025-08-15,91,594.2,17.24,0.1675,556/541/526/511,556.0,541.0,526.0,511.0,15.0,2.52,0.572,3057.21,480.43,19.15,-506.79,-6448.79,-12390.79,48100.0,5432.82,643.44,hold,expired,2025-08-15,56.96,74.18,643.44,
2025-05-16,2025-08-15,91,594.2,17.24,0.1675,556/541/526/511,556.0,541.0,526.0,511.0,15.0,2.52,0.572,3057.21,480.43,19.15,-506.79,-6448.79,-12390.79,48100.0,5432.82,643.44,stop_touch,expired,2025-08-15,56.96,74.18,643.44,
2025-05-16,2025-08-15,91,594.2,17.24,0.1675,556/541/526/511,556.0,541.0,526.0,511.0,15.0,2.52,0.572,3057.21,480.43,19.15,-506.79,-6448.79,-12390.79,48100.0,5432.82,643.44,stop_close,expired,2025-08-15,56.96,74.18,643.44,
2025-05-23,2025-08-15,84,579.11,22.29,0.1977,537/520/504/488,536.0,520.0,504.0,488.0,16.0,2.76,0.726,3272.58,455.27,21.38,801.38,-4989.72,-10780.82,45600.0,5230.68,643.44,hold,expired,2025-08-15,72.33,96.67,643.44,
2025-05-23,2025-08-15,84,579.11,22.29,0.1977,537/520/504/488,536.0,520.0,504.0,488.0,16.0,2.76,0.726,3272.58,455.27,21.38,801.38,-4989.72,-10780.82,45600.0,5230.68,643.44,stop_touch,expired,2025-08-15,72.33,96.67,643.44,
2025-05-23,2025-08-15,84,579.11,22.29,0.1977,537/520/504/488,536.0,520.0,504.0,488.0,16.0,2.76,0.726,3272.58,455.27,21.38,801.38,-4989.72,-10780.82,45600.0,5230.68,643.44,stop_close,expired,2025-08-15,72.33,96.67,643.44,
2025-05-30,2025-08-15,77,589.39,18.57,0.1754,552/538/523/509,551.0,537.0,523.0,509.0,14.0,2.38,0.69,2869.04,480.31,18.51,-879.76,-6773.66,-12667.56,48100.0,5385.98,643.44,hold,expired,2025-08-15,68.79,90.32,643.44,
2025-05-30,2025-08-15,77,589.39,18.57,0.1754,552/538/523/509,551.0,537.0,523.0,509.0,14.0,2.38,0.69,2869.04,480.31,18.51,-879.76,-6773.66,-12667.56,48100.0,5385.98,643.44,stop_touch,expired,2025-08-15,68.79,90.32,643.44,
2025-05-30,2025-08-15,77,589.39,18.57,0.1754,552/538/523/509,551.0,537.0,523.0,509.0,14.0,2.38,0.69,2869.04,480.31,18.51,-879.76,-6773.66,-12667.56,48100.0,5385.98,643.44,stop_close,expired,2025-08-15,68.79,90.32,643.44,
2025-06-06,2025-09-19,105,599.14,16.77,0.1647,559/543/528/512,560.0,544.0,528.0,512.0,16.0,2.67,0.546,3254.65,479.45,19.98,-14.15,-6005.55,-11996.95,48000.0,5470.97,663.7,hold,expired,2025-09-19,54.4,70.27,663.7,
2025-06-06,2025-09-19,105,599.14,16.77,0.1647,559/543/528/512,560.0,544.0,528.0,512.0,16.0,2.67,0.546,3254.65,479.45,19.98,-14.15,-6005.55,-11996.95,48000.0,5470.97,663.7,stop_touch,expired,2025-09-19,54.4,70.27,663.7,
2025-06-06,2025-09-19,105,599.14,16.77,0.1647,559/543/528/512,560.0,544.0,528.0,512.0,16.0,2.67,0.546,3254.65,479.45,19.98,-14.15,-6005.55,-11996.95,48000.0,5470.97,663.7,stop_close,expired,2025-09-19,54.4,70.27,663.7,
2025-06-13,2025-09-19,98,597.0,20.82,0.1889,553/535/519/502,553.0,536.0,519.0,502.0,17.0,2.85,0.741,3474.1,467.26,21.73,1034.1,-4935.9,-10905.9,46800.0,5400.63,663.7,hold,expired,2025-09-19,73.85,95.74,663.7,
2025-06-13,2025-09-19,98,597.0,20.82,0.1889,553/535/519/502,553.0,536.0,519.0,502.0,17.0,2.85,0.741,3474.1,467.26,21.73,1034.1,-4935.9,-10905.9,46800.0,5400.63,663.7,stop_touch,expired,2025-09-19,73.85,95.74,663.7,
2025-06-13,2025-09-19,98,597.0,20.82,0.1889,553/535/519/502,553.0,536.0,519.0,502.0,17.0,2.85,0.741,3474.1,467.26,21.73,1034.1,-4935.9,-10905.9,46800.0,5400.63,663.7,stop_close,expired,2025-09-19,73.85,95.74,663.7,
2025-06-20,2025-09-19,91,594.28,20.62,0.1877,552/535/519/503,551.0,535.0,519.0,503.0,16.0,2.69,0.818,3281.83,470.18,20.88,524.23,-5418.57,-11361.37,47100.0,5382.08,663.7,hold,expired,2025-09-19,81.58,106.24,663.7,
2025-06-20,2025-09-19,91,594.28,20.62,0.1877,552/535/519/503,551.0,535.0,519.0,503.0,16.0,2.69,0.818,3281.83,470.18,20.88,524.23,-5418.57,-11361.37,47100.0,5382.08,663.7,stop_touch,expired,2025-09-19,81.58,106.24,663.7,
2025-06-20,2025-09-19,91,594.28,20.62,0.1877,552/535/519/503,551.0,535.0,519.0,503.0,16.0,2.69,0.818,3281.83,470.18,20.88,524.23,-5418.57,-11361.37,47100.0,5382.08,663.7,stop_close,expired,2025-09-19,81.58,106.24,663.7,
2025-06-27,2025-09-19,84,614.91,16.32,0.162,578/563/549/534,579.0,564.0,549.0,534.0,15.0,2.44,0.415,3041.45,503.59,18.1,-1165.75,-7314.85,-13463.95,50400.0,5663.47,663.7,hold,expired,2025-09-19,41.2,51.86,663.7,
2025-06-27,2025-09-19,84,614.91,16.32,0.162,578/563/549/534,579.0,564.0,549.0,534.0,15.0,2.44,0.415,3041.45,503.59,18.1,-1165.75,-7314.85,-13463.95,50400.0,5663.47,663.7,stop_touch,expired,2025-09-19,41.2,51.86,663.7,
2025-06-27,2025-09-19,84,614.91,16.32,0.162,578/563/549/534,579.0,564.0,549.0,534.0,15.0,2.44,0.415,3041.45,503.59,18.1,-1165.75,-7314.85,-13463.95,50400.0,5663.47,663.7,stop_close,expired,2025-09-19,41.2,51.86,663.7,
2025-07-03,2025-09-19,78,625.34,16.38,0.1624,589/574/560/546,588.0,574.0,560.0,546.0,14.0,2.24,0.673,2867.26,517.33,17.27,-1705.54,-7958.94,-14212.34,51800.0,5755.51,663.7,hold,expired,2025-09-19,67.01,82.93,663.7,
2025-07-03,2025-09-19,78,625.34,16.38,0.1624,589/574/560/546,588.0,574.0,560.0,546.0,14.0,2.24,0.673,2867.26,517.33,17.27,-1705.54,-7958.94,-14212.34,51800.0,5755.51,663.7,stop_touch,expired,2025-09-19,67.01,82.93,663.7,
2025-07-03,2025-09-19,78,625.34,16.38,0.1624,589/574/560/546,588.0,574.0,560.0,546.0,14.0,2.24,0.673,2867.26,517.33,17.27,-1705.54,-7958.94,-14212.34,51800.0,5755.51,663.7,stop_close,expired,2025-09-19,67.01,82.93,663.7,
2025-07-11,2025-10-17,98,623.62,16.4,0.1625,584/568/552/537,585.0,569.0,553.0,537.0,16.0,2.57,0.543,3254.26,504.46,19.11,-556.14,-6792.34,-13028.54,50500.0,5721.7,664.39,hold,expired,2025-10-17,54.01,67.03,664.39,
2025-07-11,2025-10-17,98,623.62,16.4,0.1625,584/568/552/537,585.0,569.0,553.0,537.0,16.0,2.57,0.543,3254.26,504.46,19.11,-556.14,-6792.34,-13028.54,50500.0,5721.7,664.39,stop_touch,expired,2025-10-17,54.01,67.03,664.39,
2025-07-11,2025-10-17,98,623.62,16.4,0.1625,584/568/552/537,585.0,569.0,553.0,537.0,16.0,2.57,0.543,3254.26,504.46,19.11,-556.14,-6792.34,-13028.54,50500.0,5721.7,664.39,stop_close,expired,2025-10-17,54.01,67.03,664.39,
2025-07-18,2025-10-17,91,627.58,16.41,0.1625,589/573/558/542,590.0,574.0,558.0,542.0,16.0,2.55,0.403,3240.27,509.6,18.8,-753.33,-7029.13,-13304.93,51000.0,5768.16,664.39,hold,expired,2025-10-17,40.02,49.36,664.39,
2025-07-18,2025-10-17,91,627.58,16.41,0.1625,589/573/558/542,590.0,574.0,558.0,542.0,16.0,2.55,0.403,3240.27,509.6,18.8,-753.33,-7029.13,-13304.93,51000.0,5768.16,664.39,stop_touch,expired,2025-10-17,40.02,49.36,664.39,
2025-07-18,2025-10-17,91,627.58,16.41,0.1625,589/573/558/542,590.0,574.0,558.0,542.0,16.0,2.55,0.403,3240.27,509.6,18.8,-753.33,-7029.13,-13304.93,51000.0,5768.16,664.39,stop_close,expired,2025-10-17,40.02,49.36,664.39,
2025-07-25,2025-10-17,84,637.1,14.93,0.1537,601/586/572/558,600.0,586.0,572.0,558.0,14.0,2.2,0.682,2868.16,529.32,16.92,-1963.84,-8334.84,-14705.84,53000.0,5874.26,664.39,hold,expired,2025-10-17,67.91,82.49,664.39,
2025-07-25,2025-10-17,84,637.1,14.93,0.1537,601/586/572/558,600.0,586.0,572.0,558.0,14.0,2.2,0.682,2868.16,529.32,16.92,-1963.84,-8334.84,-14705.84,53000.0,5874.26,664.39,stop_touch,expired,2025-10-17,67.91,82.49,664.39,
2025-07-25,2025-10-17,84,637.1,14.93,0.1537,601/586/572/558,600.0,586.0,572.0,558.0,14.0,2.2,0.682,2868.16,529.32,16.92,-1963.84,-8334.84,-14705.84,53000.0,5874.26,664.39,stop_close,expired,2025-10-17,67.91,82.49,664.39,
2025-08-01,2025-10-17,77,621.72,20.38,0.1863,580/564/548/532,580.0,564.0,548.0,532.0,16.0,2.57,0.632,3263.16,499.37,19.68,-199.24,-6416.44,-12633.64,50000.0,5665.26,664.39,hold,expired,2025-10-17,62.91,78.32,664.39,
2025-08-01,2025-10-17,77,621.72,20.38,0.1863,580/564/548/532,580.0,564.0,548.0,532.0,16.0,2.57,0.632,3263.16,499.37,19.68,-199.24,-6416.44,-12633.64,50000.0,5665.26,664.39,stop_touch,expired,2025-10-17,62.91,78.32,664.39,
2025-08-01,2025-10-17,77,621.72,20.38,0.1863,580/564/548/532,580.0,564.0,548.0,532.0,16.0,2.57,0.632,3263.16,499.37,19.68,-199.24,-6416.44,-12633.64,50000.0,5665.26,664.39,stop_close,expired,2025-10-17,62.91,78.32,664.39,
2025-08-08,2025-11-21,105,637.18,15.15,0.155,597/581/565/550,598.0,582.0,566.0,550.0,16.0,2.51,0.601,3260.1,517.4,18.8,-765.5,-7137.3,-13509.1,51800.0,5847.79,659.03,hold,expired,2025-11-21,59.85,72.69,659.03,
2025-08-08,2025-11-21,105,637.18,15.15,0.155,597/581/565/550,598.0,582.0,566.0,550.0,16.0,2.51,0.601,3260.1,517.4,18.8,-765.5,-7137.3,-13509.1,51800.0,5847.79,659.03,stop_touch,expired,2025-11-21,59.85,72.69,659.03,
2025-08-08,2025-11-21,105,637.18,15.15,0.155,597/581/565/550,598.0,582.0,566.0,550.0,16.0,2.51,0.601,3260.1,517.4,18.8,-765.5,-7137.3,-13509.1,51800.0,5847.79,659.03,stop_close,expired,2025-11-21,59.85,72.69,659.03,
2025-08-15,2025-11-21,98,643.44,15.09,0.1546,604/588/573/558,603.0,588.0,573.0,558.0,15.0,2.33,0.804,3080.41,527.2,18.07,-1244.39,-7678.79,-14113.19,52800.0,5897.1,659.03,hold,expired,2025-11-21,80.16,96.42,659.03,
2025-08-15,2025-11-21,98,643.44,15.09,0.1546,604/588/573/558,603.0,588.0,573.0,558.0,15.0,2.33,0.804,3080.41,527.2,18.07,-1244.39,-7678.79,-14113.19,52800.0,5897.1,659.03,stop_touch,expired,2025-11-21,80.16,96.42,659.03,
2025-08-15,2025-11-21,98,643.44,15.09,0.1546,604/588/573/558,603.0,588.0,573.0,558.0,15.0,2.33,0.804,3080.41,527.2,18.07,-1244.39,-7678.79,-14113.19,52800.0,5897.1,659.03,stop_close,expired,2025-11-21,80.16,96.42,659.03,
2025-08-22,2025-11-21,91,645.31,14.22,0.1494,608/594/579/564,609.0,594.0,579.0,564.0,15.0,2.32,0.478,3047.81,533.52,17.32,-1727.39,-8180.49,-14633.59,53400.0,5958.74,659.03,hold,expired,2025-11-21,47.56,57.04,659.03,
2025-08-22,2025-11-21,91,645.31,14.22,0.1494,608/594/579/564,609.0,594.0,579.0,564.0,15.0,2.32,0.478,3047.81,533.52,17.32,-1727.39,-8180.49,-14633.59,53400.0,5958.74,659.03,stop_touch,expired,2025-11-21,47.56,57.04,659.03,
2025-08-22,2025-11-21,91,645.31,14.22,0.1494,608/594/579/564,609.0,594.0,579.0,564.0,15.0,2.32,0.478,3047.81,533.52,17.32,-1727.39,-8180.49,-14633.59,53400.0,5958.74,659.03,stop_close,expired,2025-11-21,47.56,57.04,659.03,
2025-08-29,2025-11-21,84,645.05,15.36,0.1563,608/593/578/563,608.0,593.0,578.0,563.0,15.0,2.33,0.505,3050.54,532.49,17.45,-1645.46,-8095.96,-14546.46,53300.0,5948.42,659.03,hold,expired,2025-11-21,50.29,60.34,659.03,
2025-08-29,2025-11-21,84,645.05,15.36,0.1563,608/593/578/563,608.0,593.0,578.0,563.0,15.0,2.33,0.505,3050.54,532.49,17.45,-1645.46,-8095.96,-14546.46,53300.0,5948.42,659.03,stop_touch,expired,2025-11-21,50.29,60.34,659.03,
2025-08-29,2025-11-21,84,645.05,15.36,0.1563,608/593/578/563,608.0,593.0,578.0,563.0,15.0,2.33,0.505,3050.54,532.49,17.45,-1645.46,-8095.96,-14546.46,53300.0,5948.42,659.03,stop_close,expired,2025-11-21,50.29,60.34,659.03,
2025-09-05,2025-11-21,77,647.24,15.18,0.1552,611/597/583/569,611.0,597.0,583.0,569.0,14.0,2.16,0.614,2861.43,540.39,16.51,-2259.37,-8731.77,-15204.17,54100.0,5985.11,659.03,hold,expired,2025-11-21,61.18,73.15,659.03,
2025-09-05,2025-11-21,77,647.24,15.18,0.1552,611/597/583/569,611.0,597.0,583.0,569.0,14.0,2.16,0.614,2861.43,540.39,16.51,-2259.37,-8731.77,-15204.17,54100.0,5985.11,659.03,stop_touch,expired,2025-11-21,61.18,73.15,659.03,
2025-09-05,2025-11-21,77,647.24,15.18,0.1552,611/597/583/569,611.0,597.0,583.0,569.0,14.0,2.16,0.614,2861.43,540.39,16.51,-2259.37,-8731.77,-15204.17,54100.0,5985.11,659.03,stop_close,expired,2025-11-21,61.18,73.15,659.03,
2025-09-12,2025-12-19,98,657.41,14.76,0.1527,618/602/586/571,619.0,603.0,587.0,571.0,16.0,2.43,0.536,3253.62,538.46,18.09,-1253.58,-7827.68,-14401.78,53900.0,6056.2,680.59,hold,expired,2025-12-19,53.37,62.83,680.59,
2025-09-12,2025-12-19,98,657.41,14.76,0.1527,618/602/586/571,619.0,603.0,587.0,571.0,16.0,2.43,0.536,3253.62,538.46,18.09,-1253.58,-7827.68,-14401.78,53900.0,6056.2,680.59,stop_touch,expired,2025-12-19,53.37,62.83,680.59,
2025-09-12,2025-12-19,98,657.41,14.76,0.1527,618/602/586/571,619.0,603.0,587.0,571.0,16.0,2.43,0.536,3253.62,538.46,18.09,-1253.58,-7827.68,-14401.78,53900.0,6056.2,680.59,stop_close,expired,2025-12-19,53.37,62.83,680.59,
2025-09-19,2025-12-19,91,663.7,15.45,0.1568,624/608/592/577,625.0,609.0,593.0,577.0,16.0,2.41,0.545,3254.55,544.45,17.97,-1349.45,-7986.45,-14623.45,54500.0,6116.4,680.59,hold,expired,2025-12-19,54.3,63.31,680.59,
2025-09-19,2025-12-19,91,663.7,15.45,0.1568,624/608/592/577,625.0,609.0,593.0,577.0,16.0,2.41,0.545,3254.55,544.45,17.97,-1349.45,-7986.45,-14623.45,54500.0,6116.4,680.59,stop_touch,expired,2025-12-19,54.3,63.31,680.59,
2025-09-19,2025-12-19,91,663.7,15.45,0.1568,624/608/592/577,625.0,609.0,593.0,577.0,16.0,2.41,0.545,3254.55,544.45,17.97,-1349.45,-7986.45,-14623.45,54500.0,6116.4,680.59,stop_close,expired,2025-12-19,54.3,63.31,680.59,
2025-09-26,2025-12-19,84,661.82,15.29,0.1558,623/608/593/578,623.0,608.0,593.0,578.0,15.0,2.27,0.634,3063.45,547.37,17.29,-1790.95,-8409.15,-15027.35,54800.0,6094.98,680.59,hold,expired,2025-12-19,63.2,73.9,680.59,
2025-09-26,2025-12-19,84,661.82,15.29,0.1558,623/608/593/578,623.0,608.0,593.0,578.0,15.0,2.27,0.634,3063.45,547.37,17.29,-1790.95,-8409.15,-15027.35,54800.0,6094.98,680.59,stop_touch,expired,2025-12-19,63.2,73.9,680.59,
2025-09-26,2025-12-19,84,661.82,15.29,0.1558,623/608/593/578,623.0,608.0,593.0,578.0,15.0,2.27,0.634,3063.45,547.37,17.29,-1790.95,-8409.15,-15027.35,54800.0,6094.98,680.59,stop_close,expired,2025-12-19,63.2,73.9,680.59,
2025-10-03,2025-12-19,77,669.21,16.65,0.164,630/614/599/584,629.0,614.0,599.0,584.0,15.0,2.24,0.739,3073.92,553.26,17.33,-1789.28,-8481.38,-15173.48,55400.0,6155.99,680.59,hold,expired,2025-12-19,73.67,85.2,680.59,
2025-10-03,2025-12-19,77,669.21,16.65,0.164,630/614/599/584,629.0,614.0,599.0,584.0,15.0,2.24,0.739,3073.92,553.26,17.33,-1789.28,-8481.38,-15173.48,55400.0,6155.99,680.59,stop_touch,expired,2025-12-19,73.67,85.2,680.59,
2025-10-03,2025-12-19,77,669.21,16.65,0.164,630/614/599/584,629.0,614.0,599.0,584.0,15.0,2.24,0.739,3073.92,553.26,17.33,-1789.28,-8481.38,-15173.48,55400.0,6155.99,680.59,stop_close,expired,2025-12-19,73.67,85.2,680.59,
2025-10-10,2026-01-16,98,653.02,21.66,0.1939,603/584/565/546,603.0,584.0,565.0,546.0,19.0,2.91,0.844,3884.4,507.16,22.34,1526.0,-5004.2,-11534.4,50800.0,5882.39,691.66,hold,expired,2026-01-16,84.15,99.73,691.66,
2025-10-10,2026-01-16,98,653.02,21.66,0.1939,603/584/565/546,603.0,584.0,565.0,546.0,19.0,2.91,0.844,3884.4,507.16,22.34,1526.0,-5004.2,-11534.4,50800.0,5882.39,691.66,stop_touch,expired,2026-01-16,84.15,99.73,691.66,
2025-10-10,2026-01-16,98,653.02,21.66,0.1939,603/584/565/546,603.0,584.0,565.0,546.0,19.0,2.91,0.844,3884.4,507.16,22.34,1526.0,-5004.2,-11534.4,50800.0,5882.39,691.66,stop_close,expired,2026-01-16,84.15,99.73,691.66,
2025-10-17,2026-01-16,91,664.39,20.78,0.1887,617/598/580/561,618.0,599.0,580.0,561.0,19.0,2.86,0.581,3858.09,522.42,21.37,909.29,-5734.61,-12378.51,52300.0,6033.89,691.66,hold,expired,2026-01-16,57.84,67.38,691.66,
2025-10-17,2026-01-16,91,664.39,20.78,0.1887,617/598/580/561,618.0,599.0,580.0,561.0,19.0,2.86,0.581,3858.09,522.42,21.37,909.29,-5734.61,-12378.51,52300.0,6033.89,691.66,stop_touch,expired,2026-01-16,57.84,67.38,691.66,
2025-10-17,2026-01-16,91,664.39,20.78,0.1887,617/598/580/561,618.0,599.0,580.0,561.0,19.0,2.86,0.581,3858.09,522.42,21.37,909.29,-5734.61,-12378.51,52300.0,6033.89,691.66,stop_close,expired,2026-01-16,57.84,67.38,691.66,
2025-10-24,2026-01-16,84,677.25,16.37,0.1623,636/620/604/588,636.0,620.0,604.0,588.0,16.0,2.36,0.649,3264.9,555.35,18.0,-1355.1,-8127.6,-14900.1,55600.0,6217.88,691.66,hold,expired,2026-01-16,64.65,73.88,691.66,
2025-10-24,2026-01-16,84,677.25,16.37,0.1623,636/620/604/588,636.0,620.0,604.0,588.0,16.0,2.36,0.649,3264.9,555.35,18.0,-1355.1,-8127.6,-14900.1,55600.0,6217.88,691.66,stop_touch,expired,2026-01-16,64.65,73.88,691.66,
2025-10-24,2026-01-16,84,677.25,16.37,0.1623,636/620/604/588,636.0,620.0,604.0,588.0,16.0,2.36,0.649,3264.9,555.35,18.0,-1355.1,-8127.6,-14900.1,55600.0,6217.88,691.66,stop_close,expired,2026-01-16,64.65,73.88,691.66,
2025-10-31,2026-01-16,77,682.06,17.44,0.1687,641/624/609/593,641.0,625.0,609.0,593.0,16.0,2.35,0.67,3267.03,560.33,17.85,-1468.17,-8288.77,-15109.37,56100.0,6272.78,691.66,hold,expired,2026-01-16,66.78,75.77,691.66,
2025-10-31,2026-01-16,77,682.06,17.44,0.1687,641/624/609/593,641.0,625.0,609.0,593.0,16.0,2.35,0.67,3267.03,560.33,17.85,-1468.17,-8288.77,-15109.37,56100.0,6272.78,691.66,stop_touch,expired,2026-01-16,66.78,75.77,691.66,
2025-10-31,2026-01-16,77,682.06,17.44,0.1687,641/624/609/593,641.0,625.0,609.0,593.0,16.0,2.35,0.67,3267.03,560.33,17.85,-1468.17,-8288.77,-15109.37,56100.0,6272.78,691.66,stop_close,expired,2026-01-16,66.78,75.77,691.66,
2025-11-07,2026-02-20,105,670.97,19.08,0.1785,623/604/585/566,623.0,604.0,585.0,566.0,19.0,2.83,0.739,3873.87,527.26,21.42,951.47,-5758.23,-12467.93,52800.0,6080.09,689.43,hold,expired,2026-02-20,73.62,84.91,689.43,
2025-11-07,2026-02-20,105,670.97,19.08,0.1785,623/604/585/566,623.0,604.0,585.0,566.0,19.0,2.83,0.739,3873.87,527.26,21.42,951.47,-5758.23,-12467.93,52800.0,6080.09,689.43,stop_touch,expired,2026-02-20,73.62,84.91,689.43,
2025-11-07,2026-02-20,105,670.97,19.08,0.1785,623/604/585/566,623.0,604.0,585.0,566.0,19.0,2.83,0.739,3873.87,527.26,21.42,951.47,-5758.23,-12467.93,52800.0,6080.09,689.43,stop_close,expired,2026-02-20,73.62,84.91,689.43,
2025-11-14,2026-02-20,98,671.93,19.83,0.183,624/605/586/568,625.0,606.0,587.0,568.0,19.0,2.83,0.693,3869.34,529.31,21.23,823.74,-5895.56,-12614.86,53000.0,6105.81,689.43,hold,expired,2026-02-20,69.09,79.58,689.43,
2025-11-14,2026-02-20,98,671.93,19.83,0.183,624/605/586/568,625.0,606.0,587.0,568.0,19.0,2.83,0.693,3869.34,529.31,21.23,823.74,-5895.56,-12614.86,53000.0,6105.81,689.43,stop_touch,expired,2026-02-20,69.09,79.58,689.43,
2025-11-14,2026-02-20,98,671.93,19.83,0.183,624/605/586/568,625.0,606.0,587.0,568.0,19.0,2.83,0.693,3869.34,529.31,21.23,823.74,-5895.56,-12614.86,53000.0,6105.81,689.43,stop_close,expired,2026-02-20,69.09,79.58,689.43,
2025-11-21,2026-02-20,91,659.03,23.43,0.2045,608/588/569/549,609.0,589.0,569.0,549.0,20.0,3.03,0.676,4067.6,508.32,22.87,1890.0,-4700.3,-11290.6,50900.0,5942.84,689.43,hold,expired,2026-02-20,67.35,79.09,689.43,
2025-11-21,2026-02-20,91,659.03,23.43,0.2045,608/588/569/549,609.0,589.0,569.0,549.0,20.0,3.03,0.676,4067.6,508.32,22.87,1890.0,-4700.3,-11290.6,50900.0,5942.84,689.43,stop_touch,expired,2026-02-20,67.35,79.09,689.43,
2025-11-21,2026-02-20,91,659.03,23.43,0.2045,608/588/569/549,609.0,589.0,569.0,549.0,20.0,3.03,0.676,4067.6,508.32,22.87,1890.0,-4700.3,-11290.6,50900.0,5942.84,689.43,stop_close,expired,2026-02-20,67.35,79.09,689.43,
2025-11-28,2026-02-20,84,683.39,16.35,0.1622,642/626/610/594,642.0,626.0,610.0,594.0,16.0,2.34,0.697,3269.71,561.3,17.86,-1459.09,-8292.99,-15126.89,56200.0,6280.14,689.43,hold,expired,2026-02-20,69.46,78.66,689.43,
2025-11-28,2026-02-20,84,683.39,16.35,0.1622,642/626/610/594,642.0,626.0,610.0,594.0,16.0,2.34,0.697,3269.71,561.3,17.86,-1459.09,-8292.99,-15126.89,56200.0,6280.14,689.43,stop_touch,expired,2026-02-20,69.46,78.66,689.43,
2025-11-28,2026-02-20,84,683.39,16.35,0.1622,642/626/610/594,642.0,626.0,610.0,594.0,16.0,2.34,0.697,3269.71,561.3,17.86,-1459.09,-8292.99,-15126.89,56200.0,6280.14,689.43,stop_close,expired,2026-02-20,69.46,78.66,689.43,
2025-12-05,2026-02-20,77,685.69,15.41,0.1566,647/632/617/602,647.0,632.0,617.0,602.0,15.0,2.19,0.646,3064.63,571.35,16.67,-2280.17,-9137.07,-15993.97,57200.0,6335.85,689.43,hold,expired,2026-02-20,64.38,72.66,689.43,
2025-12-05,2026-02-20,77,685.69,15.41,0.1566,647/632/617/602,647.0,632.0,617.0,602.0,15.0,2.19,0.646,3064.63,571.35,16.67,-2280.17,-9137.07,-15993.97,57200.0,6335.85,689.43,stop_touch,expired,2026-02-20,64.38,72.66,689.43,
2025-12-05,2026-02-20,77,685.69,15.41,0.1566,647/632/617/602,647.0,632.0,617.0,602.0,15.0,2.19,0.646,3064.63,571.35,16.67,-2280.17,-9137.07,-15993.97,57200.0,6335.85,689.43,stop_close,expired,2026-02-20,64.38,72.66,689.43,
2025-12-12,2026-03-20,98,681.76,15.74,0.1585,639/622/605/589,640.0,623.0,606.0,589.0,17.0,2.49,0.63,3463.05,554.37,18.69,-896.15,-7713.75,-14531.35,55500.0,6258.39,648.57,hold,expired,2026-03-20,62.8,71.29,648.57,
2025-12-12,2026-03-20,98,681.76,15.74,0.1585,639/622/605/589,640.0,623.0,606.0,589.0,17.0,2.49,0.63,3463.05,554.37,18.69,-896.15,-7713.75,-14531.35,55500.0,6258.39,648.57,stop_touch,expired,2026-03-20,62.8,71.29,648.57,
2025-12-12,2026-03-20,98,681.76,15.74,0.1585,639/622/605/589,640.0,623.0,606.0,589.0,17.0,2.49,0.63,3463.05,554.37,18.69,-896.15,-7713.75,-14531.35,55500.0,6258.39,648.57,stop_close,expired,2026-03-20,62.8,71.29,648.57,
2025-12-19,2026-03-20,91,680.59,14.91,0.1536,641/625/609/593,641.0,625.0,609.0,593.0,16.0,2.35,0.589,3258.93,560.41,17.66,-1593.87,-8399.77,-15205.67,56100.0,6271.04,648.57,hold,expired,2026-03-20,58.68,66.73,648.57,
2025-12-19,2026-03-20,91,680.59,14.91,0.1536,641/625/609/593,641.0,625.0,609.0,593.0,16.0,2.35,0.589,3258.93,560.41,17.66,-1593.87,-8399.77,-15205.67,56100.0,6271.04,648.57,stop_touch,expired,2026-03-20,58.68,66.73,648.57,
2025-12-19,2026-03-20,91,680.59,14.91,0.1536,641/625/609/593,641.0,625.0,609.0,593.0,16.0,2.35,0.589,3258.93,560.41,17.66,-1593.87,-8399.77,-15205.67,56100.0,6271.04,648.57,stop_close,expired,2026-03-20,58.68,66.73,648.57,
2025-12-26,2026-03-20,84,690.31,13.6,0.1457,653/638/623/608,653.0,638.0,623.0,608.0,15.0,2.17,0.541,3054.06,577.46,16.35,-2521.14,-9424.24,-16327.34,57800.0,6392.91,648.57,hold,expired,2026-03-20,496.81,556.99,648.57,
2025-12-26,2026-03-20,84,690.31,13.6,0.1457,653/638/623/608,653.0,638.0,623.0,608.0,15.0,2.17,0.541,3054.06,577.46,16.35,-2521.14,-9424.24,-16327.34,57800.0,6392.91,648.57,stop_touch,expired,2026-03-20,496.81,556.99,648.57,
2025-12-26,2026-03-20,84,690.31,13.6,0.1457,653/638/623/608,653.0,638.0,623.0,608.0,15.0,2.17,0.541,3054.06,577.46,16.35,-2521.14,-9424.24,-16327.34,57800.0,6392.91,648.57,stop_close,expired,2026-03-20,496.81,556.99,648.57,
2026-01-02,2026-03-20,77,683.17,14.51,0.1512,645/631/616/601,646.0,631.0,616.0,601.0,15.0,2.2,0.471,3047.14,570.53,16.49,-2399.26,-9230.96,-16062.66,57100.0,6325.7,648.57,hold,expired,2026-03-20,46.89,53.12,648.57,
2026-01-02,2026-03-20,77,683.17,14.51,0.1512,645/631/616/601,646.0,631.0,616.0,601.0,15.0,2.2,0.471,3047.14,570.53,16.49,-2399.26,-9230.96,-16062.66,57100.0,6325.7,648.57,stop_touch,expired,2026-03-20,46.89,53.12,648.57,
2026-01-02,2026-03-20,77,683.17,14.51,0.1512,645/631/616/601,646.0,631.0,616.0,601.0,15.0,2.2,0.471,3047.14,570.53,16.49,-2399.26,-9230.96,-16062.66,57100.0,6325.7,648.57,stop_close,expired,2026-03-20,46.89,53.12,648.57,
2026-01-09,2026-04-17,98,694.07,14.49,0.1511,652/635/619/603,651.0,635.0,619.0,603.0,16.0,2.31,0.823,3282.34,570.18,17.85,-1492.06,-8432.76,-15373.46,57100.0,6368.48,710.14,hold,expired,2026-04-17,82.09,91.53,710.14,
2026-01-09,2026-04-17,98,694.07,14.49,0.1511,652/635/619/603,651.0,635.0,619.0,603.0,16.0,2.31,0.823,3282.34,570.18,17.85,-1492.06,-8432.76,-15373.46,57100.0,6368.48,710.14,stop_touch,expired,2026-04-17,82.09,91.53,710.14,
2026-01-09,2026-04-17,98,694.07,14.49,0.1511,652/635/619/603,651.0,635.0,619.0,603.0,16.0,2.31,0.823,3282.34,570.18,17.85,-1492.06,-8432.76,-15373.46,57100.0,6368.48,710.14,stop_close,expired,2026-04-17,82.09,91.53,710.14,
2026-01-16,2026-04-17,91,691.66,15.86,0.1592,649/632/615/599,650.0,633.0,616.0,599.0,17.0,2.46,0.564,3456.4,564.44,18.39,-1110.8,-8027.4,-14944.0,56500.0,6359.37,710.14,hold,expired,2026-04-17,56.15,62.83,710.14,
2026-01-16,2026-04-17,91,691.66,15.86,0.1592,649/632/615/599,650.0,633.0,616.0,599.0,17.0,2.46,0.564,3456.4,564.44,18.39,-1110.8,-8027.4,-14944.0,56500.0,6359.37,710.14,stop_touch,expired,2026-04-17,56.15,62.83,710.14,
2026-01-16,2026-04-17,91,691.66,15.86,0.1592,649/632/615/599,650.0,633.0,616.0,599.0,17.0,2.46,0.564,3456.4,564.44,18.39,-1110.8,-8027.4,-14944.0,56500.0,6359.37,710.14,stop_close,expired,2026-04-17,56.15,62.83,710.14,
2026-01-23,2026-04-17,84,689.23,16.09,0.1606,647/631/615/599,647.0,631.0,615.0,599.0,16.0,2.32,0.712,3271.17,566.29,17.84,-1490.43,-8382.73,-15275.03,56700.0,6329.42,710.14,hold,expired,2026-04-17,70.92,79.64,710.14,
2026-01-23,2026-04-17,84,689.23,16.09,0.1606,647/631/615/599,647.0,631.0,615.0,599.0,16.0,2.32,0.712,3271.17,566.29,17.84,-1490.43,-8382.73,-15275.03,56700.0,6329.42,710.14,stop_touch,expired,2026-04-17,70.92,79.64,710.14,
2026-01-23,2026-04-17,84,689.23,16.09,0.1606,647/631/615/599,647.0,631.0,615.0,599.0,16.0,2.32,0.712,3271.17,566.29,17.84,-1490.43,-8382.73,-15275.03,56700.0,6329.42,710.14,stop_close,expired,2026-04-17,70.92,79.64,710.14,
2026-01-30,2026-04-17,77,691.97,17.44,0.1687,649/633/617/600,648.0,632.0,616.0,600.0,16.0,2.31,0.772,3277.23,567.23,18.03,-1365.17,-8284.87,-15204.57,56800.0,6334.78,710.14,hold,expired,2026-04-17,76.98,86.1,710.14,
2026-01-30,2026-04-17,77,691.97,17.44,0.1687,649/633/617/600,648.0,632.0,616.0,600.0,16.0,2.31,0.772,3277.23,567.23,18.03,-1365.17,-8284.87,-15204.57,56800.0,6334.78,710.14,stop_touch,expired,2026-04-17,76.98,86.1,710.14,
2026-01-30,2026-04-17,77,691.97,17.44,0.1687,649/633/617/600,648.0,632.0,616.0,600.0,16.0,2.31,0.772,3277.23,567.23,18.03,-1365.17,-8284.87,-15204.57,56800.0,6334.78,710.14,stop_close,expired,2026-04-17,76.98,86.1,710.14,
2026-02-06,2026-05-15,98,690.62,17.76,0.1706,643/625/607/589,643.0,625.0,607.0,589.0,18.0,2.61,0.82,3682.01,552.18,20.05,31.61,-6874.59,-13780.79,55300.0,6280.57,739.17,hold,expired,2026-05-15,81.76,91.62,739.17,
2026-02-06,2026-05-15,98,690.62,17.76,0.1706,643/625/607/589,643.0,625.0,607.0,589.0,18.0,2.61,0.82,3682.01,552.18,20.05,31.61,-6874.59,-13780.79,55300.0,6280.57,739.17,stop_touch,expired,2026-05-15,81.76,91.62,739.17,
2026-02-06,2026-05-15,98,690.62,17.76,0.1706,643/625/607/589,643.0,625.0,607.0,589.0,18.0,2.61,0.82,3682.01,552.18,20.05,31.61,-6874.59,-13780.79,55300.0,6280.57,739.17,stop_close,expired,2026-05-15,81.76,91.62,739.17,
2026-02-13,2026-05-15,91,681.75,20.6,0.1876,632/613/594/576,633.0,614.0,595.0,576.0,19.0,2.79,0.745,3874.49,537.26,21.19,814.49,-6003.01,-12820.51,53800.0,6183.16,739.17,hold,expired,2026-05-15,74.24,84.28,739.17,
2026-02-13,2026-05-15,91,681.75,20.6,0.1876,632/613/594/576,633.0,614.0,595.0,576.0,19.0,2.79,0.745,3874.49,537.26,21.19,814.49,-6003.01,-12820.51,53800.0,6183.16,739.17,stop_touch,expired,2026-05-15,74.24,84.28,739.17,
2026-02-13,2026-05-15,91,681.75,20.6,0.1876,632/613/594/576,633.0,614.0,595.0,576.0,19.0,2.79,0.745,3874.49,537.26,21.19,814.49,-6003.01,-12820.51,53800.0,6183.16,739.17,stop_close,expired,2026-05-15,74.24,84.28,739.17,
2026-02-20,2026-05-15,84,689.43,19.09,0.1786,643/625/608/590,644.0,626.0,608.0,590.0,18.0,2.61,0.635,3663.54,553.36,19.74,-182.06,-7076.36,-13970.66,55400.0,6294.08,739.17,hold,expired,2026-05-15,63.29,71.05,739.17,
2026-02-20,2026-05-15,84,689.43,19.09,0.1786,643/625/608/590,644.0,626.0,608.0,590.0,18.0,2.61,0.635,3663.54,553.36,19.74,-182.06,-7076.36,-13970.66,55400.0,6294.08,739.17,stop_touch,expired,2026-05-15,63.29,71.05,739.17,
2026-02-20,2026-05-15,84,689.43,19.09,0.1786,643/625/608/590,644.0,626.0,608.0,590.0,18.0,2.61,0.635,3663.54,553.36,19.74,-182.06,-7076.36,-13970.66,55400.0,6294.08,739.17,stop_close,expired,2026-05-15,63.29,71.05,739.17,
2026-02-27,2026-05-15,77,685.99,19.86,0.1832,640/623/605/588,639.0,622.0,605.0,588.0,17.0,2.48,0.839,3483.87,553.16,19.36,-436.93,-7296.83,-14156.73,55400.0,6242.09,739.17,hold,expired,2026-05-15,83.62,94.34,739.17,
2026-02-27,2026-05-15,77,685.99,19.86,0.1832,640/623/605/588,639.0,622.0,605.0,588.0,17.0,2.48,0.839,3483.87,553.16,19.36,-436.93,-7296.83,-14156.73,55400.0,6242.09,739.17,stop_touch,expired,2026-05-15,83.62,94.34,739.17,
2026-02-27,2026-05-15,77,685.99,19.86,0.1832,640/623/605/588,639.0,622.0,605.0,588.0,17.0,2.48,0.839,3483.87,553.16,19.36,-436.93,-7296.83,-14156.73,55400.0,6242.09,739.17,stop_close,expired,2026-05-15,83.62,94.34,739.17,
2026-03-06,2026-06-19,105,672.38,29.49,0.2408,608/583/559/536,608.0,584.0,560.0,536.0,24.0,3.57,1.09,4908.98,486.91,27.58,4718.58,-1624.42,-8348.22,48800.0,5934.19,746.74,hold,expired,2026-06-18,108.73,125.15,746.74,
2026-03-06,2026-06-19,105,672.38,29.49,0.2408,608/583/559/536,608.0,584.0,560.0,536.0,24.0,3.57,1.09,4908.98,486.91,27.58,4718.58,-1624.42,-8348.22,48800.0,5934.19,746.74,stop_touch,expired,2026-06-18,108.73,125.15,746.74,
2026-03-06,2026-06-19,105,672.38,29.49,0.2408,608/583/559/536,608.0,584.0,560.0,536.0,24.0,3.57,1.09,4908.98,486.91,27.58,4718.58,-1624.42,-8348.22,48800.0,5934.19,746.74,stop_close,expired,2026-06-18,108.73,125.15,746.74,
2026-03-13,2026-06-19,98,662.29,27.19,0.227,603/581/559/538,604.0,582.0,560.0,538.0,22.0,3.32,0.975,4497.5,493.02,25.56,3680.7,-2942.2,-9565.1,49400.0,5896.25,746.74,hold,expired,2026-06-18,97.25,113.65,746.74,
2026-03-13,2026-06-19,98,662.29,27.19,0.227,603/581/559/538,604.0,582.0,560.0,538.0,22.0,3.32,0.975,4497.5,493.02,25.56,3680.7,-2942.2,-9565.1,49400.0,5896.25,746.74,stop_touch,expired,2026-06-18,97.25,113.65,746.74,
2026-03-13,2026-06-19,98,662.29,27.19,0.227,603/581/559/538,604.0,582.0,560.0,538.0,22.0,3.32,0.975,4497.5,493.02,25.56,3680.7,-2942.2,-9565.1,49400.0,5896.25,746.74,stop_close,expired,2026-06-18,97.25,113.65,746.74,
2026-03-20,2026-06-19,91,648.57,26.78,0.2245,593/572/551/531,594.0,573.0,552.0,531.0,21.0,3.24,0.82,4282.05,488.18,24.73,3067.65,-3418.05,-9903.75,48900.0,5798.12,746.74,hold,expired,2026-06-18,81.8,97.61,746.74,
2026-03-20,2026-06-19,91,648.57,26.78,0.2245,593/572/551/531,594.0,573.0,552.0,531.0,21.0,3.24,0.82,4282.05,488.18,24.73,3067.65,-3418.05,-9903.75,48900.0,5798.12,746.74,stop_touch,expired,2026-06-18,81.8,97.61,746.74,
2026-03-20,2026-06-19,91,648.57,26.78,0.2245,593/572/551/531,594.0,573.0,552.0,531.0,21.0,3.24,0.82,4282.05,488.18,24.73,3067.65,-3418.05,-9903.75,48900.0,5798.12,746.74,stop_close,expired,2026-06-18,81.8,97.61,746.74,
2026-03-27,2026-06-19,84,634.09,31.05,0.2501,576/554/533/512,575.0,554.0,533.0,512.0,21.0,3.31,0.945,4294.48,469.06,26.03,3821.68,-2519.22,-8860.12,47000.0,5623.55,746.74,hold,expired,2026-06-18,94.23,115.01,746.74,
2026-03-27,2026-06-19,84,634.09,31.05,0.2501,576/554/533/512,575.0,554.0,533.0,512.0,21.0,3.31,0.945,4294.48,469.06,26.03,3821.68,-2519.22,-8860.12,47000.0,5623.55,746.74,stop_touch,expired,2026-06-18,94.23,115.01,746.74,
2026-03-27,2026-06-19,84,634.09,31.05,0.2501,576/554/533/512,575.0,554.0,533.0,512.0,21.0,3.31,0.945,4294.48,469.06,26.03,3821.68,-2519.22,-8860.12,47000.0,5623.55,746.74,stop_close,expired,2026-06-18,94.23,115.01,746.74,
2026-04-02,2026-06-19,78,655.83,23.87,0.2071,607/588/569/551,608.0,589.0,570.0,551.0,19.0,2.9,0.608,3860.76,512.39,21.87,1227.16,-5331.14,-11889.44,51300.0,5937.42,746.74,hold,expired,2026-06-18,60.51,71.4,746.74,
2026-04-02,2026-06-19,78,655.83,23.87,0.2071,607/588/569/551,608.0,589.0,570.0,551.0,19.0,2.9,0.608,3860.76,512.39,21.87,1227.16,-5331.14,-11889.44,51300.0,5937.42,746.74,stop_touch,expired,2026-06-18,60.51,71.4,746.74,
2026-04-02,2026-06-19,78,655.83,23.87,0.2071,607/588/569/551,608.0,589.0,570.0,551.0,19.0,2.9,0.608,3860.76,512.39,21.87,1227.16,-5331.14,-11889.44,51300.0,5937.42,746.74,stop_close,expired,2026-06-18,60.51,71.4,746.74,
2026-04-10,2026-07-17,98,679.46,19.23,0.1794,631/612/593/575,632.0,613.0,594.0,575.0,19.0,2.8,0.668,3866.8,536.33,21.06,723.6,-6071.0,-12865.6,53700.0,6173.68,743.29,hold,expired,2026-07-17,66.55,75.8,743.29,
2026-04-10,2026-07-17,98,679.46,19.23,0.1794,631/612/593/575,632.0,613.0,594.0,575.0,19.0,2.8,0.668,3866.8,536.33,21.06,723.6,-6071.0,-12865.6,53700.0,6173.68,743.29,stop_touch,expired,2026-07-17,66.55,75.8,743.29,
2026-04-10,2026-07-17,98,679.46,19.23,0.1794,631/612/593/575,632.0,613.0,594.0,575.0,19.0,2.8,0.668,3866.8,536.33,21.06,723.6,-6071.0,-12865.6,53700.0,6173.68,743.29,stop_close,expired,2026-07-17,66.55,75.8,743.29,
2026-04-17,2026-07-17,91,710.14,17.48,0.1689,663/645/627/609,663.0,645.0,627.0,609.0,18.0,2.53,0.743,3674.34,572.26,19.42,-414.46,-7515.86,-14617.26,57300.0,6475.58,743.29,hold,expired,2026-07-17,74.09,80.75,743.29,
2026-04-17,2026-07-17,91,710.14,17.48,0.1689,663/645/627/609,663.0,645.0,627.0,609.0,18.0,2.53,0.743,3674.34,572.26,19.42,-414.46,-7515.86,-14617.26,57300.0,6475.58,743.29,stop_touch,expired,2026-07-17,74.09,80.75,743.29,
2026-04-17,2026-07-17,91,710.14,17.48,0.1689,663/645/627/609,663.0,645.0,627.0,609.0,18.0,2.53,0.743,3674.34,572.26,19.42,-414.46,-7515.86,-14617.26,57300.0,6475.58,743.29,stop_close,expired,2026-07-17,74.09,80.75,743.29,
2026-04-24,2026-07-17,84,713.94,18.71,0.1763,666/648/630/612,666.0,648.0,630.0,612.0,18.0,2.52,0.8,3680.03,575.2,19.43,-404.77,-7544.17,-14683.57,57600.0,6506.68,743.29,hold,expired,2026-07-17,79.78,86.48,743.29,
2026-04-24,2026-07-17,84,713.94,18.71,0.1763,666/648/630/612,666.0,648.0,630.0,612.0,18.0,2.52,0.8,3680.03,575.2,19.43,-404.77,-7544.17,-14683.57,57600.0,6506.68,743.29,stop_touch,expired,2026-07-17,79.78,86.48,743.29,
2026-04-24,2026-07-17,84,713.94,18.71,0.1763,666/648/630/612,666.0,648.0,630.0,612.0,18.0,2.52,0.8,3680.03,575.2,19.43,-404.77,-7544.17,-14683.57,57600.0,6506.68,743.29,stop_close,expired,2026-07-17,79.78,86.48,743.29,
2026-05-01,2026-07-17,77,720.65,16.99,0.166,677/660/643/627,678.0,661.0,644.0,627.0,17.0,2.36,0.607,3460.68,592.39,17.8,-1587.32,-8793.82,-16000.32,59300.0,6635.89,743.29,hold,expired,2026-07-17,60.43,64.89,743.29,
2026-05-01,2026-07-17,77,720.65,16.99,0.166,677/660/643/627,678.0,661.0,644.0,627.0,17.0,2.36,0.607,3460.68,592.39,17.8,-1587.32,-8793.82,-16000.32,59300.0,6635.89,743.29,stop_touch,expired,2026-07-17,60.43,64.89,743.29,
2026-05-01,2026-07-17,77,720.65,16.99,0.166,677/660/643/627,678.0,661.0,644.0,627.0,17.0,2.36,0.607,3460.68,592.39,17.8,-1587.32,-8793.82,-16000.32,59300.0,6635.89,743.29,stop_close,expired,2026-07-17,60.43,64.89,743.29,
2026-05-08,2026-08-21,105,737.62,17.19,0.1672,687/667/647/628,688.0,668.0,648.0,628.0,20.0,2.71,0.707,4070.66,587.29,20.38,280.26,-7095.94,-14472.14,58800.0,6720.3,765.72,hold,expired,2026-08-21,70.41,73.88,765.72,
2026-05-08,2026-08-21,105,737.62,17.19,0.1672,687/667/647/628,688.0,668.0,648.0,628.0,20.0,2.71,0.707,4070.66,587.29,20.38,280.26,-7095.94,-14472.14,58800.0,6720.3,765.72,stop_touch,expired,2026-08-21,70.41,73.88,765.72,
2026-05-08,2026-08-21,105,737.62,17.19,0.1672,687/667/647/628,688.0,668.0,648.0,628.0,20.0,2.71,0.707,4070.66,587.29,20.38,280.26,-7095.94,-14472.14,58800.0,6720.3,765.72,stop_close,expired,2026-08-21,70.41,73.88,765.72,
2026-05-15,2026-08-21,98,739.17,18.43,0.1746,688/667/648/628,688.0,668.0,648.0,628.0,20.0,2.71,0.787,4078.71,587.21,20.56,412.31,-6979.39,-14371.09,58800.0,6718.63,765.72,hold,expired,2026-08-21,78.46,82.15,765.72,
2026-05-15,2026-08-21,98,739.17,18.43,0.1746,688/667/648/628,688.0,668.0,648.0,628.0,20.0,2.71,0.787,4078.71,587.21,20.56,412.31,-6979.39,-14371.09,58800.0,6718.63,765.72,stop_touch,expired,2026-08-21,78.46,82.15,765.72,
2026-05-15,2026-08-21,98,739.17,18.43,0.1746,688/667/648/628,688.0,668.0,648.0,628.0,20.0,2.71,0.787,4078.71,587.21,20.56,412.31,-6979.39,-14371.09,58800.0,6718.63,765.72,stop_close,expired,2026-08-21,78.46,82.15,765.72,
2026-05-22,2026-08-21,91,745.64,16.7,0.1643,698/679/661/643,697.0,679.0,661.0,643.0,18.0,2.41,0.91,3690.97,606.09,18.72,-957.83,-8414.23,-15870.63,60700.0,6813.76,765.72,hold,expired,2026-08-21,90.72,94.17,765.72,
2026-05-22,2026-08-21,91,745.64,16.7,0.1643,698/679/661/643,697.0,679.0,661.0,643.0,18.0,2.41,0.91,3690.97,606.09,18.72,-957.83,-8414.23,-15870.63,60700.0,6813.76,765.72,stop_touch,expired,2026-08-21,90.72,94.17,765.72,
2026-05-22,2026-08-21,91,745.64,16.7,0.1643,698/679/661/643,697.0,679.0,661.0,643.0,18.0,2.41,0.91,3690.97,606.09,18.72,-957.83,-8414.23,-15870.63,60700.0,6813.76,765.72,stop_close,expired,2026-08-21,90.72,94.17,765.72,
2026-05-29,2026-08-21,84,756.48,15.32,0.156,712/694/677/660,711.0,694.0,677.0,660.0,17.0,2.25,0.807,3480.74,625.19,17.36,-2000.86,-9565.66,-17130.46,62600.0,6956.24,765.72,hold,expired,2026-08-21,80.49,82.34,765.72,
2026-05-29,2026-08-21,84,756.48,15.32,0.156,712/694/677/660,711.0,694.0,677.0,660.0,17.0,2.25,0.807,3480.74,625.19,17.36,-2000.86,-9565.66,-17130.46,62600.0,6956.24,765.72,stop_touch,expired,2026-08-21,80.49,82.34,765.72,
2026-05-29,2026-08-21,84,756.48,15.32,0.156,712/694/677/660,711.0,694.0,677.0,660.0,17.0,2.25,0.807,3480.74,625.19,17.36,-2000.86,-9565.66,-17130.46,62600.0,6956.24,765.72,stop_close,expired,2026-08-21,80.49,82.34,765.72,
2026-06-05,2026-08-21,77,737.55,21.51,0.193,686/666/647/627,687.0,667.0,647.0,627.0,20.0,2.71,0.66,4065.99,586.34,20.5,369.99,-7005.51,-14381.01,58700.0,6709.16,765.72,hold,expired,2026-08-21,65.74,68.98,765.72,
2026-06-05,2026-08-21,77,737.55,21.51,0.193,686/666/647/627,687.0,667.0,647.0,627.0,20.0,2.71,0.66,4065.99,586.34,20.5,369.99,-7005.51,-14381.01,58700.0,6709.16,765.72,stop_touch,expired,2026-08-21,65.74,68.98,765.72,
2026-06-05,2026-08-21,77,737.55,21.51,0.193,686/666/647/627,687.0,667.0,647.0,627.0,20.0,2.71,0.66,4065.99,586.34,20.5,369.99,-7005.51,-14381.01,58700.0,6709.16,765.72,stop_close,expired,2026-08-21,65.74,68.98,765.72,
2026-06-12,2026-09-18,98,741.75,17.68,0.1701,691/671/652/633,690.0,671.0,652.0,633.0,19.0,2.56,0.98,3898.02,594.02,19.92,-61.98,-7479.48,-14896.98,59500.0,6738.82,761.69,hold,expired,2026-09-18,97.77,102.01,761.69,
2026-06-12,2026-09-18,98,741.75,17.68,0.1701,691/671/652/633,690.0,671.0,652.0,633.0,19.0,2.56,0.98,3898.02,594.02,19.92,-61.98,-7479.48,-14896.98,59500.0,6738.82,761.69,stop_touch,expired,2026-09-18,97.77,102.01,761.69,
2026-06-12,2026-09-18,98,741.75,17.68,0.1701,691/671/652/633,690.0,671.0,652.0,633.0,19.0,2.56,0.98,3898.02,594.02,19.92,-61.98,-7479.48,-14896.98,59500.0,6738.82,761.69,stop_close,expired,2026-09-18,97.77,102.01,761.69,
2026-06-18,2026-09-18,92,746.74,16.4,0.1625,699/681/662/644,698.0,680.0,662.0,644.0,18.0,2.41,0.887,3688.68,607.11,18.7,-972.12,-8439.52,-15906.92,60800.0,6820.68,761.69,hold,expired,2026-09-18,88.43,91.65,761.69,
2026-06-18,2026-09-18,92,746.74,16.4,0.1625,699/681/662/644,698.0,680.0,662.0,644.0,18.0,2.41,0.887,3688.68,607.11,18.7,-972.12,-8439.52,-15906.92,60800.0,6820.68,761.69,stop_touch,expired,2026-09-18,88.43,91.65,761.69,
2026-06-18,2026-09-18,92,746.74,16.4,0.1625,699/681/662/644,698.0,680.0,662.0,644.0,18.0,2.41,0.887,3688.68,607.11,18.7,-972.12,-8439.52,-15906.92,60800.0,6820.68,761.69,stop_close,expired,2026-09-18,88.43,91.65,761.69,
2026-06-26,2026-09-18,84,728.99,18.41,0.1745,681/662/644/626,680.0,662.0,644.0,626.0,18.0,2.47,0.883,3688.27,589.12,19.19,-592.53,-7882.43,-15172.33,59000.0,6644.19,761.69,hold,expired,2026-09-18,88.02,93.44,761.69,
2026-06-26,2026-09-18,84,728.99,18.41,0.1745,681/662/644/626,680.0,662.0,644.0,626.0,18.0,2.47,0.883,3688.27,589.12,19.19,-592.53,-7882.43,-15172.33,59000.0,6644.19,761.69,stop_touch,expired,2026-09-18,88.02,93.44,761.69,
2026-06-26,2026-09-18,84,728.99,18.41,0.1745,681/662/644/626,680.0,662.0,644.0,626.0,18.0,2.47,0.883,3688.27,589.12,19.19,-592.53,-7882.43,-15172.33,59000.0,6644.19,761.69,stop_close,expired,2026-09-18,88.02,93.44,761.69,
2026-07-02,2026-09-18,78,744.78,16.15,0.161,701/684/667/650,701.0,684.0,667.0,650.0,17.0,2.28,0.682,3468.18,615.32,17.38,-1949.42,-9397.22,-16845.02,61600.0,6860.55,761.69,hold,expired,2026-09-18,67.93,70.59,761.69,
2026-07-02,2026-09-18,78,744.78,16.15,0.161,701/684/667/650,701.0,684.0,667.0,650.0,17.0,2.28,0.682,3468.18,615.32,17.38,-1949.42,-9397.22,-16845.02,61600.0,6860.55,761.69,stop_touch,expired,2026-09-18,67.93,70.59,761.69,
2026-07-02,2026-09-18,78,744.78,16.15,0.161,701/684/667/650,701.0,684.0,667.0,650.0,17.0,2.28,0.682,3468.18,615.32,17.38,-1949.42,-9397.22,-16845.02,61600.0,6860.55,761.69,stop_close,expired,2026-09-18,67.93,70.59,761.69,
2026-07-10,2026-10-16,98,754.95,15.03,0.1543,708/690/672/653,707.0,689.0,671.0,653.0,18.0,2.38,0.837,3683.7,616.16,18.38,-1220.3,-8769.8,-16319.3,61700.0,6908.32,,hold,open,,109.41,112.16,,
2026-07-10,2026-10-16,98,754.95,15.03,0.1543,708/690/672/653,707.0,689.0,671.0,653.0,18.0,2.38,0.837,3683.7,616.16,18.38,-1220.3,-8769.8,-16319.3,61700.0,6908.32,,stop_touch,open,,109.41,112.16,,
2026-07-10,2026-10-16,98,754.95,15.03,0.1543,708/690/672/653,707.0,689.0,671.0,653.0,18.0,2.38,0.837,3683.7,616.16,18.38,-1220.3,-8769.8,-16319.3,61700.0,6908.32,,stop_close,open,,109.41,112.16,,
2026-07-17,2026-10-16,91,743.29,18.77,0.1766,692/672/653/634,691.0,672.0,653.0,634.0,19.0,2.56,1.005,3900.53,594.99,19.95,-36.27,-7469.17,-14902.07,59600.0,6749.36,,hold,open,,110.64,115.2,,
2026-07-17,2026-10-16,91,743.29,18.77,0.1766,692/672/653/634,691.0,672.0,653.0,634.0,19.0,2.56,1.005,3900.53,594.99,19.95,-36.27,-7469.17,-14902.07,59600.0,6749.36,,stop_touch,open,,110.64,115.2,,
2026-07-17,2026-10-16,91,743.29,18.77,0.1766,692/672/653/634,691.0,672.0,653.0,634.0,19.0,2.56,1.005,3900.53,594.99,19.95,-36.27,-7469.17,-14902.07,59600.0,6749.36,,stop_close,open,,110.64,115.2,,
2026-07-24,2026-10-16,84,738.93,18.58,0.1755,690/671/653/634,691.0,672.0,653.0,634.0,19.0,2.57,0.68,3868.03,595.32,19.43,-417.57,-7806.87,-15196.17,59600.0,6753.82,,hold,open,,78.14,81.84,,
2026-07-24,2026-10-16,84,738.93,18.58,0.1755,690/671/653/634,691.0,672.0,653.0,634.0,19.0,2.57,0.68,3868.03,595.32,19.43,-417.57,-7806.87,-15196.17,59600.0,6753.82,,stop_touch,open,,78.14,81.84,,
2026-07-24,2026-10-16,84,738.93,18.58,0.1755,690/671/653/634,691.0,672.0,653.0,634.0,19.0,2.57,0.68,3868.03,595.32,19.43,-417.57,-7806.87,-15196.17,59600.0,6753.82,,stop_close,open,,78.14,81.84,,
2026-07-31,2026-10-16,77,747.03,15.99,0.16,703/686/670/653,704.0,687.0,670.0,653.0,17.0,2.28,0.633,3463.27,618.37,17.22,-2074.33,-9544.63,-17014.93,61900.0,6891.5,,hold,open,,75.72,78.44,,
2026-07-31,2026-10-16,77,747.03,15.99,0.16,703/686/670/653,704.0,687.0,670.0,653.0,17.0,2.28,0.633,3463.27,618.37,17.22,-2074.33,-9544.63,-17014.93,61900.0,6891.5,,stop_touch,open,,75.72,78.44,,
2026-07-31,2026-10-16,77,747.03,15.99,0.16,703/686/670/653,704.0,687.0,670.0,653.0,17.0,2.28,0.633,3463.27,618.37,17.22,-2074.33,-9544.63,-17014.93,61900.0,6891.5,,stop_close,open,,75.72,78.44,,
2026-08-07,2026-11-20,105,773.26,14.9,0.1535,724/705/686/667,724.0,705.0,686.0,667.0,19.0,2.46,0.848,3884.8,628.15,18.77,-954.4,-8687.0,-16419.6,62900.0,7075.91,,hold,open,,124.44,124.54,,
2026-08-07,2026-11-20,105,773.26,14.9,0.1535,724/705/686/667,724.0,705.0,686.0,667.0,19.0,2.46,0.848,3884.8,628.15,18.77,-954.4,-8687.0,-16419.6,62900.0,7075.91,,stop_touch,open,,124.44,124.54,,
2026-08-07,2026-11-20,105,773.26,14.9,0.1535,724/705/686/667,724.0,705.0,686.0,667.0,19.0,2.46,0.848,3884.8,628.15,18.77,-954.4,-8687.0,-16419.6,62900.0,7075.91,,stop_close,open,,124.44,124.54,,
2026-08-14,2026-11-20,98,776.34,14.25,0.1496,730/711/693/675,729.0,711.0,693.0,675.0,18.0,2.32,0.843,3684.32,638.16,17.8,-1708.48,-9471.88,-17235.28,63900.0,7129.47,,hold,open,,110.09,109.75,,
2026-08-14,2026-11-20,98,776.34,14.25,0.1496,730/711/693/675,729.0,711.0,693.0,675.0,18.0,2.32,0.843,3684.32,638.16,17.8,-1708.48,-9471.88,-17235.28,63900.0,7129.47,,stop_touch,open,,110.09,109.75,,
2026-08-14,2026-11-20,98,776.34,14.25,0.1496,730/711/693/675,729.0,711.0,693.0,675.0,18.0,2.32,0.843,3684.32,638.16,17.8,-1708.48,-9471.88,-17235.28,63900.0,7129.47,,stop_close,open,,110.09,109.75,,
2026-08-21,2026-11-20,91,765.72,15.13,0.1549,719/701/683/665,719.0,701.0,683.0,665.0,18.0,2.35,0.745,3674.47,628.26,17.95,-1567.93,-9225.13,-16882.33,62900.0,7029.11,,hold,open,,77.4,78.23,,
2026-08-21,2026-11-20,91,765.72,15.13,0.1549,719/701/683/665,719.0,701.0,683.0,665.0,18.0,2.35,0.745,3674.47,628.26,17.95,-1567.93,-9225.13,-16882.33,62900.0,7029.11,,stop_touch,open,,77.4,78.23,,
2026-08-21,2026-11-20,91,765.72,15.13,0.1549,719/701/683/665,719.0,701.0,683.0,665.0,18.0,2.35,0.745,3674.47,628.26,17.95,-1567.93,-9225.13,-16882.33,62900.0,7029.11,,stop_close,open,,77.4,78.23,,
2026-08-28,2026-11-20,84,769.35,14.43,0.1507,725/708/691/674,725.0,708.0,691.0,674.0,17.0,2.21,0.722,3472.18,639.28,16.91,-2379.82,-10073.32,-17766.82,64000.0,7094.62,,hold,open,,59.74,60.1,,
2026-08-28,2026-11-20,84,769.35,14.43,0.1507,725/708/691/674,725.0,708.0,691.0,674.0,17.0,2.21,0.722,3472.18,639.28,16.91,-2379.82,-10073.32,-17766.82,64000.0,7094.62,,stop_touch,open,,59.74,60.1,,
2026-08-28,2026-11-20,84,769.35,14.43,0.1507,725/708/691/674,725.0,708.0,691.0,674.0,17.0,2.21,0.722,3472.18,639.28,16.91,-2379.82,-10073.32,-17766.82,64000.0,7094.62,,stop_close,open,,59.74,60.1,,
2026-09-04,2026-11-20,77,770.19,14.53,0.1513,728/711/694/678,729.0,712.0,695.0,678.0,17.0,2.21,0.515,3451.49,643.49,16.45,-2733.31,-10435.21,-18137.11,64400.0,7140.97,,hold,open,,46.73,46.96,,
2026-09-04,2026-11-20,77,770.19,14.53,0.1513,728/711/694/678,729.0,712.0,695.0,678.0,17.0,2.21,0.515,3451.49,643.49,16.45,-2733.31,-10435.21,-18137.11,64400.0,7140.97,,stop_touch,open,,46.73,46.96,,
2026-09-04,2026-11-20,77,770.19,14.53,0.1513,728/711/694/678,729.0,712.0,695.0,678.0,17.0,2.21,0.515,3451.49,643.49,16.45,-2733.31,-10435.21,-18137.11,64400.0,7140.97,,stop_close,open,,46.73,46.96,,
2026-09-11,2026-12-18,98,764.29,15.84,0.1591,715/696/677/659,716.0,697.0,678.0,659.0,19.0,2.49,0.779,3877.89,620.22,18.85,-878.91,-8521.81,-16164.71,62100.0,7000.55,,hold,open,,33.9,34.33,,
2026-09-11,2026-12-18,98,764.29,15.84,0.1591,715/696/677/659,716.0,697.0,678.0,659.0,19.0,2.49,0.779,3877.89,620.22,18.85,-878.91,-8521.81,-16164.71,62100.0,7000.55,,stop_touch,open,,33.9,34.33,,
2026-09-11,2026-12-18,98,764.29,15.84,0.1591,715/696/677/659,716.0,697.0,678.0,659.0,19.0,2.49,0.779,3877.89,620.22,18.85,-878.91,-8521.81,-16164.71,62100.0,7000.55,,stop_close,open,,33.9,34.33,,
2026-09-18,2026-12-18,91,761.69,14.81,0.153,716/698/681/663,717.0,699.0,681.0,663.0,18.0,2.36,0.635,3663.45,626.37,17.77,-1701.35,-9318.25,-16935.15,62700.0,7014.18,,hold,open,,-10.25,-10.41,,
2026-09-18,2026-12-18,91,761.69,14.81,0.153,716/698/681/663,717.0,699.0,681.0,663.0,18.0,2.36,0.635,3663.45,626.37,17.77,-1701.35,-9318.25,-16935.15,62700.0,7014.18,,stop_touch,open,,-10.25,-10.41,,
2026-09-18,2026-12-18,91,761.69,14.81,0.153,716/698/681/663,717.0,699.0,681.0,663.0,18.0,2.36,0.635,3663.45,626.37,17.77,-1701.35,-9318.25,-16935.15,62700.0,7014.18,,stop_close,open,,-10.25,-10.41,,
